id,short,clue,country,lat,lng,difficulty,sets,fact,image
tokyo-japan,Tokyo,"Tokyo, Japan 🇯🇵",Japan,35.6762,139.6503,1,Megacities,"Japan's capital is the world's most populous metropolitan area, sprawled across 23 special wards on Honshu.",https://thumb.wikimedia.org/wikipedia/commons/thumb/b/b2/Skyscrapers_of_Shinjuku_2009_January.jpg/500px-Skyscrapers_of_Shinjuku_2009_January.jpg
paris-france,Paris,"Paris, France 🇫🇷",France,48.8566,2.3522,1,,France's capital grew outward from the Île de la Cité and is ringed by the boulevards of Haussmann.,https://thumb.wikimedia.org/wikipedia/commons/thumb/4/4b/La_Tour_Eiffel_vue_de_la_Tour_Saint-Jacques%2C_Paris_ao%C3%BBt_2014_%282%29.jpg/500px-La_Tour_Eiffel_vue_de_la_Tour_Saint-Jacques%2C_Paris_ao%C3%BBt_2014_%282%29.jpg
sydney-australia,Sydney,"Sydney, Australia 🇦🇺",Australia,-33.8688,151.2093,1,,Australia's most populous city is built around the drowned river valley of Port Jackson.,https://thumb.wikimedia.org/wikipedia/commons/thumb/5/53/Sydney_Opera_House_and_Harbour_Bridge_Dusk_%282%29_2019-06-21.jpg/500px-Sydney_Opera_House_and_Harbour_Bridge_Dusk_%282%29_2019-06-21.jpg
rio-de-janeiro-brazil,Rio de Janeiro,"Rio de Janeiro, Brazil 🇧🇷",Brazil,-22.9068,-43.1729,2,,"Brazil's capital until 1960, it sits in a granite bay ringed by steep forested peaks.",https://thumb.wikimedia.org/wikipedia/commons/thumb/9/98/Cidade_Maravilhosa.jpg/500px-Cidade_Maravilhosa.jpg
nairobi-kenya,Nairobi,"Nairobi, Kenya 🇰🇪",Kenya,-1.2921,36.8219,3,,Kenya's capital was founded as a railway depot in 1899 and has a national park on its doorstep.,https://thumb.wikimedia.org/wikipedia/commons/thumb/b/be/Nairobi_skyline_from_Gem_Hotel.jpg/500px-Nairobi_skyline_from_Gem_Hotel.jpg
reykjavik-iceland,Reykjavik,"Reykjavik, Iceland 🇮🇸",Iceland,64.1466,-21.9426,2,Nordic Coast,"The world's most northern capital city, heated by geothermal water that arrives almost entirely free.",https://thumb.wikimedia.org/wikipedia/commons/thumb/0/04/Reykjav%C3%ADk%2C_view_from_Hallgr%C3%ADmskirkja_%282%29.jpg/500px-Reykjav%C3%ADk%2C_view_from_Hallgr%C3%ADmskirkja_%282%29.jpg?utm_source=en.wikipedia.org&utm_campaign=api&utm_content=thumbnail
cape-town-south-africa,Cape Town,"Cape Town, South Africa 🇿🇦",South Africa,-33.9249,18.4241,2,,"One of South Africa's three capitals, set between Table Mountain and two meeting oceans.",https://thumb.wikimedia.org/wikipedia/commons/thumb/8/8d/Camps_bay_%2853460319478%29_%28cropped%29.jpg/500px-Camps_bay_%2853460319478%29_%28cropped%29.jpg
new-york-usa,New York City,"New York City, United States 🇺🇸",United States,40.7128,-74.006,1,Megacities,"The most populous city in the United States, fused from five boroughs at the mouth of the Hudson.",https://thumb.wikimedia.org/wikipedia/commons/thumb/0/04/Lights_of_Rockefeller_Center_during_sunset.jpg/500px-Lights_of_Rockefeller_Center_during_sunset.jpg
mumbai-india,Mumbai,"Mumbai, India 🇮🇳",India,19.076,72.8777,2,Port Cities,"India's port city, formerly Bombay, grew out of seven islands joined together in the 19th century.",https://thumb.wikimedia.org/wikipedia/commons/thumb/2/2b/Mumbai_Bandra-Worli_Sea_Link.jpg/500px-Mumbai_Bandra-Worli_Sea_Link.jpg
machu-picchu,Machu Picchu,Where is the Inca citadel of Machu Picchu?,Peru,-13.1631,-72.545,2,History Was Here; Wonders of the World; Andes,"Built for the emperor Pachacuti around 1450, it was abandoned in the 1570s and never found by the Spanish.",https://thumb.wikimedia.org/wikipedia/commons/thumb/b/bb/Machu_Picchu%2C_2023_%28012%29.jpg/500px-Machu_Picchu%2C_2023_%28012%29.jpg
angkor-wat,Angkor Wat,Where is Angkor Wat?,Cambodia,13.4125,103.867,4,History Was Here; Southeast Asia,The world's largest religious monument was built in the early 12th century by Suryavarman II as a Hindu temple to Vishnu.,https://thumb.wikimedia.org/wikipedia/commons/thumb/4/41/Angkor_Wat.jpg/500px-Angkor_Wat.jpg
uluru,Uluru,"Where is Uluru, the giant red rock of central Australia?",Australia,-25.3444,131.0369,4,History Was Here,"This 348-metre sandstone monolith in the Northern Territory is sacred to the Anangu, who have lived around it for tens of thousands of years.",https://thumb.wikimedia.org/wikipedia/commons/thumb/a/a8/ULURU.jpg/500px-ULURU.jpg
london-uk,London,"London, England",England,51.5074,-0.1278,1,,Britain's capital straddles the Thames and was founded by the Romans as Londinium nearly two thousand years ago.,https://thumb.wikimedia.org/wikipedia/commons/thumb/6/67/London_Skyline_%28125508655%29.jpeg/500px-London_Skyline_%28125508655%29.jpeg
rome-italy,Rome,"Rome, Italy 🇮🇹",Italy,41.9028,12.4964,1,,Italy's capital was built across seven hills and served as the center of an empire that once ringed the Mediterranean.,https://thumb.wikimedia.org/wikipedia/commons/thumb/7/7e/Trevi_Fountain%2C_Rome%2C_Italy_2_-_May_2007.jpg/500px-Trevi_Fountain%2C_Rome%2C_Italy_2_-_May_2007.jpg
beijing-china,Beijing,"Beijing, China 🇨🇳",China,39.9042,116.4074,1,Megacities,"China's capital has been the seat of imperial power for over 800 years, centered on the Forbidden City.",https://thumb.wikimedia.org/wikipedia/commons/thumb/2/2d/Skyline_of_Beijing_CBD_with_B-5906_approaching_%2820211016171955%29_%281%29.jpg/500px-Skyline_of_Beijing_CBD_with_B-5906_approaching_%2820211016171955%29_%281%29.jpg
moscow-russia,Moscow,"Moscow, Russia 🇷🇺",Russia,55.7558,37.6173,1,Megacities,Russia's capital grew up around the fortified Kremlin on the banks of the Moskva River.,https://thumb.wikimedia.org/wikipedia/commons/thumb/8/85/Saint_Basil%27s_Cathedral_and_the_Red_Square.jpg/500px-Saint_Basil%27s_Cathedral_and_the_Red_Square.jpg
statue-of-liberty,Statue of Liberty,Where does the Statue of Liberty stand?,United States,40.6892,-74.0445,1,History Was Here,"A gift from France in 1886, the copper statue stands on Liberty Island in New York Harbor and has turned green from oxidation.",https://thumb.wikimedia.org/wikipedia/commons/thumb/8/89/Front_view_of_Statue_of_Liberty_%28cropped%29.jpg/500px-Front_view_of_Statue_of_Liberty_%28cropped%29.jpg
eiffel-tower,Eiffel Tower,Where does the Eiffel Tower stand?,France,48.8584,2.2945,1,History Was Here,"Built in 1889 as a temporary centerpiece for the World's Fair, it was almost torn down in 1909 before radio antennas saved it.",https://thumb.wikimedia.org/wikipedia/commons/thumb/8/85/Tour_Eiffel_Wikimedia_Commons_%28cropped%29.jpg/500px-Tour_Eiffel_Wikimedia_Commons_%28cropped%29.jpg
badaling-great-wall,Badaling,"Where is Badaling, the most visited section of the Great Wall?",China,40.3598,116.02,3,History Was Here; Wonders of the World,"Built and rebuilt over two thousand years by successive dynasties, the wall's total length across all branches exceeds 21,000 kilometers.",https://thumb.wikimedia.org/wikipedia/commons/thumb/2/23/The_Great_Wall_of_China_at_Jinshanling-edit.jpg/500px-The_Great_Wall_of_China_at_Jinshanling-edit.jpg
pyramids-of-giza,Pyramids of Giza,Where do the Great Pyramids of Giza stand?,Egypt,29.9792,31.1342,1,History Was Here; Wonders of the World,"The Great Pyramid was the tallest man-made structure on Earth for nearly 3,800 years after its completion around 2560 BC.",https://thumb.wikimedia.org/wikipedia/commons/thumb/e/e7/Great_Pyramid_of_Giza_-_Pyramid_of_Khufu.jpg/500px-Great_Pyramid_of_Giza_-_Pyramid_of_Khufu.jpg?utm_source=en.wikipedia.org&utm_campaign=api&utm_content=thumbnail
berlin-germany,Berlin,"Berlin, Germany 🇩🇪",Germany,52.52,13.405,1,,Germany's capital was divided by a concrete wall for 28 years until it fell in 1989.,https://thumb.wikimedia.org/wikipedia/commons/thumb/f/f7/Museumsinsel_Berlin_Juli_2021_1_%28cropped%29_b.jpg/500px-Museumsinsel_Berlin_Juli_2021_1_%28cropped%29_b.jpg
los-angeles-usa,Los Angeles,"Los Angeles, United States 🇺🇸",United States,34.0522,-118.2437,1,,"Sprawled across Southern California, it's home to the Hollywood film industry and over 80 miles of coastline.",https://thumb.wikimedia.org/wikipedia/commons/thumb/2/2f/Hollywood_sign_%288485145044%29.jpg/500px-Hollywood_sign_%288485145044%29.jpg
hong-kong,Hong Kong,Hong Kong 🇭🇰,China,22.3193,114.1694,1,Port Cities,This dense harbor city on China's southern coast was a British colony for over 150 years before its 1997 handover.,https://thumb.wikimedia.org/wikipedia/commons/thumb/b/b9/Victoria_Harbour_skyline%2C_Hong_Kong_%282008%29.jpg/1280px-Victoria_Harbour_skyline%2C_Hong_Kong_%282008%29.jpg
singapore,Singapore,Singapore 🇸🇬,Singapore,1.3521,103.8198,1,Port Cities,"This city-state at the tip of the Malay Peninsula is also its own sovereign country, one of only a few city-states left in the world.",https://thumb.wikimedia.org/wikipedia/commons/thumb/8/8a/Singapore_Financial_District_skyline_from_across_Marina_Bay.jpg/1280px-Singapore_Financial_District_skyline_from_across_Marina_Bay.jpg
big-ben,Big Ben,Where would you find the clock tower nicknamed Big Ben?,England,51.5007,-0.1246,1,History Was Here,The nickname technically refers to the Great Bell inside the Elizabeth Tower at the Palace of Westminster.,https://thumb.wikimedia.org/wikipedia/commons/thumb/0/05/Elizabeth_Tower_and_the_north_front_of_the_Palace_of_Westminster%2C_London.jpg/500px-Elizabeth_Tower_and_the_north_front_of_the_Palace_of_Westminster%2C_London.jpg
christ-the-redeemer,Christ the Redeemer,Where does the statue of Christ the Redeemer overlook a city?,Brazil,-22.9519,-43.2105,2,History Was Here; Wonders of the World,The 30-metre Art Deco statue atop Corcovado mountain took five years to build and was completed in 1931.,https://thumb.wikimedia.org/wikipedia/commons/thumb/4/4f/Christ_the_Redeemer_-_Cristo_Redentor.jpg/500px-Christ_the_Redeemer_-_Cristo_Redentor.jpg?utm_source=en.wikipedia.org&utm_campaign=api&utm_content=thumbnail
colosseum-rome,Colosseum,Where are the ruins of the Roman Colosseum?,Italy,41.8902,12.4922,2,History Was Here; Wonders of the World,"The largest amphitheater ever built could hold up to 80,000 spectators for gladiator contests and public spectacles.",https://thumb.wikimedia.org/wikipedia/commons/thumb/d/de/Colosseo_2020.jpg/500px-Colosseo_2020.jpg
niagara-falls,Niagara Falls,Where do the Niagara Falls thunder between two countries?,United States,43.0962,-79.0377,2,History Was Here; Waterfalls,"More than six million cubic feet of water tumble over the falls every minute at peak flow, straddling the US-Canada border.",https://thumb.wikimedia.org/wikipedia/commons/thumb/a/ab/3Falls_Niagara.jpg/500px-3Falls_Niagara.jpg
taj-mahal,Taj Mahal,Where does the white marble Taj Mahal stand?,India,27.1751,78.0421,2,History Was Here; Wonders of the World,"Mughal emperor Shah Jahan built it as a mausoleum for his favorite wife, Mumtaz Mahal, who died in childbirth.",https://thumb.wikimedia.org/wikipedia/commons/thumb/1/1d/Taj_Mahal_%28Edited%29.jpeg/500px-Taj_Mahal_%28Edited%29.jpeg
bangkok-thailand,Bangkok,"Bangkok, Thailand 🇹🇭",Thailand,13.7563,100.5018,1,,Thailand's capital is laced with canals and crowned by the glittering spires of the Grand Palace.,https://thumb.wikimedia.org/wikipedia/commons/thumb/7/7d/4Y1A1159_Bangkok_%2833536795515%29.jpg/500px-4Y1A1159_Bangkok_%2833536795515%29.jpg
mexico-city-mexico,Mexico City,"Mexico City, Mexico 🇲🇽",Mexico,19.4326,-99.1332,1,Megacities,"Built atop the ruins of the Aztec capital Tenochtitlan, it's slowly sinking because it sits on a drained lakebed.",https://thumb.wikimedia.org/wikipedia/commons/thumb/4/4f/Sobrevuelos_CDMX_HJ2A4913_%2825514321687%29_%28cropped%29.jpg/500px-Sobrevuelos_CDMX_HJ2A4913_%2825514321687%29_%28cropped%29.jpg
amsterdam-netherlands,Amsterdam,"Amsterdam, Netherlands 🇳🇱",Netherlands,52.3676,4.9041,1,,"Laced with over 100 kilometers of canals, the Dutch capital is built on millions of wooden piles driven into soft soil.",https://thumb.wikimedia.org/wikipedia/commons/thumb/5/57/Imagen_de_los_canales_conc%C3%A9ntricos_en_%C3%81msterdam.png/500px-Imagen_de_los_canales_conc%C3%A9ntricos_en_%C3%81msterdam.png
venice-italy,Venice,"Venice, Italy 🇮🇹",Italy,45.4408,12.3155,1,,"This Italian city has no roads, only canals and footbridges linking its 118 small islands.",https://thumb.wikimedia.org/wikipedia/commons/thumb/4/4f/Venezia_aerial_view.jpg/500px-Venezia_aerial_view.jpg
athens-greece,Athens,"Athens, Greece 🇬🇷",Greece,37.9838,23.7275,1,,"Greece's capital has been continuously inhabited for over 3,400 years beneath the Acropolis.",https://thumb.wikimedia.org/wikipedia/commons/thumb/6/68/Athens_Acropolis_at_Daybreak.jpg/500px-Athens_Acropolis_at_Daybreak.jpg
seoul-south-korea,Seoul,"Seoul, South Korea 🇰🇷",South Korea,37.5665,126.978,1,,South Korea's capital sits on the Han River and is home to roughly a fifth of the country's population.,https://thumb.wikimedia.org/wikipedia/commons/thumb/3/30/%EC%A4%91%ED%99%94%EC%A0%84%EC%9D%98_%EB%82%AE.jpg/500px-%EC%A4%91%ED%99%94%EC%A0%84%EC%9D%98_%EB%82%AE.jpg
las-vegas-usa,Las Vegas,"Las Vegas, United States 🇺🇸",United States,36.1699,-115.1398,1,Desert Cities,This Nevada city rose out of the Mojave Desert and became a gambling hub after casinos were legalized in 1931.,https://thumb.wikimedia.org/wikipedia/commons/thumb/d/da/Las_Vegas_from_above_%2840064746644%29.jpg/500px-Las_Vegas_from_above_%2840064746644%29.jpg
chichen-itza,Chichen Itza,Where is the Mayan pyramid city of Chichen Itza?,Mexico,20.6843,-88.5678,3,History Was Here; Wonders of the World,"Twice a year at the equinox, sunlight creates the illusion of a serpent slithering down the steps of its main pyramid.",https://thumb.wikimedia.org/wikipedia/commons/thumb/5/51/Chichen_Itza_3.jpg/500px-Chichen_Itza_3.jpg
mount-fuji,Mount Fuji,"Mount Fuji, Japan 🇯🇵",Japan,35.3606,138.7274,2,History Was Here; Volcanoes,This symmetrical volcano last erupted in 1707 and has been climbed as a pilgrimage for centuries.,https://thumb.wikimedia.org/wikipedia/commons/thumb/f/f8/View_of_Mount_Fuji_from_%C5%8Cwakudani_20211202.jpg/500px-View_of_Mount_Fuji_from_%C5%8Cwakudani_20211202.jpg
stonehenge,Stonehenge,Where does the prehistoric stone circle of Stonehenge stand?,England,51.1789,-1.8262,2,History Was Here,"Built in stages starting around 3000 BC, some of its massive bluestones were hauled from quarries 240 kilometers away in Wales.",https://thumb.wikimedia.org/wikipedia/commons/thumb/3/3c/Stonehenge2007_07_30.jpg/500px-Stonehenge2007_07_30.jpg
leaning-tower-of-pisa,Leaning Tower of Pisa,Where does the Leaning Tower of Pisa stand?,Italy,43.723,10.3966,2,History Was Here,The tower began tilting during construction in 1173 because its foundation was laid in unstable soil just three meters deep.,https://thumb.wikimedia.org/wikipedia/commons/thumb/4/4b/Italy_-_Pisa_-_Leaning_Tower.jpg/500px-Italy_-_Pisa_-_Leaning_Tower.jpg
golden-gate-bridge,Golden Gate Bridge,Where does the Golden Gate Bridge span?,United States,37.8199,-122.4783,2,History Was Here,"Painted in 'International Orange' partly so it would be visible through San Francisco Bay's frequent fog, it opened in 1937.",https://thumb.wikimedia.org/wikipedia/commons/thumb/b/bf/Golden_Gate_Bridge_as_seen_from_Battery_East.jpg/500px-Golden_Gate_Bridge_as_seen_from_Battery_East.jpg
grand-canyon,Grand Canyon,Where is the South Rim viewpoint of the Grand Canyon?,United States,36.1069,-112.1129,2,History Was Here; Canyons & Gorges,The canyon exposes nearly two billion years of Earth's geological history in its layered rock walls.,https://thumb.wikimedia.org/wikipedia/commons/thumb/3/31/Canyon_River_Tree_%28165872763%29.jpeg/500px-Canyon_River_Tree_%28165872763%29.jpeg
buenos-aires-argentina,Buenos Aires,"Buenos Aires, Argentina 🇦🇷",Argentina,-34.6037,-58.3816,1,,Argentina's capital earned the nickname 'Paris of South America' for its European-style boulevards and architecture.,https://thumb.wikimedia.org/wikipedia/commons/thumb/1/1e/Puerto_Madero%2C_Buenos_Aires_%2840689219792%29_%28cropped%29.jpg/500px-Puerto_Madero%2C_Buenos_Aires_%2840689219792%29_%28cropped%29.jpg
jerusalem,Jerusalem,Jerusalem 🇮🇱,Israel,31.7683,35.2137,1,Middle East,"This ancient hill city is sacred to Judaism, Christianity, and Islam, all anchored around its walled Old City.",https://thumb.wikimedia.org/wikipedia/commons/thumb/9/91/Temple_Mount_%28Aerial_view%2C_2007%29_07.jpg/500px-Temple_Mount_%28Aerial_view%2C_2007%29_07.jpg
vienna-austria,Vienna,"Vienna, Austria 🇦🇹",Austria,48.2082,16.3738,1,,"Once the seat of the Habsburg Empire, this city has topped global liveability rankings for years running.",https://thumb.wikimedia.org/wikipedia/commons/thumb/5/5b/Schoenbrunn_philharmoniker_2012.jpg/500px-Schoenbrunn_philharmoniker_2012.jpg
prague-czech-republic,Prague,"Prague, Czech Republic 🇨🇿",Czech Republic,50.0755,14.4378,1,,"Nicknamed the 'City of a Hundred Spires,' its medieval Astronomical Clock has run continuously since 1410.",https://thumb.wikimedia.org/wikipedia/commons/thumb/a/a7/Prague_%286365119737%29.jpg/500px-Prague_%286365119737%29.jpg
shanghai-china,Shanghai,"Shanghai, China 🇨🇳",China,31.2304,121.4737,1,Port Cities,China's largest city sits on the Yangtze River Delta and hosts one of the world's busiest container ports.,https://thumb.wikimedia.org/wikipedia/commons/thumb/4/4c/Huangpu_Park_20124-Shanghai_%2832208802494%29.jpg/500px-Huangpu_Park_20124-Shanghai_%2832208802494%29.jpg
jakarta-indonesia,Jakarta,"Jakarta, Indonesia 🇮🇩",Indonesia,-6.2088,106.8456,3,Megacities,"Indonesia's capital is sinking so fast that the country is building an entirely new capital, Nusantara, on Borneo.",https://thumb.wikimedia.org/wikipedia/commons/thumb/9/9b/Bundaran_Hotel_Indonesia_%282025%29_%28cropped%29.jpg/500px-Bundaran_Hotel_Indonesia_%282025%29_%28cropped%29.jpg
victoria-falls,Victoria Falls,Where does the Zambezi River plunge over Victoria Falls?,Zimbabwe,-17.9243,25.8572,4,History Was Here; Waterfalls,"Locally called 'Mosi-oa-Tunya,' or 'the smoke that thunders,' it produces a spray visible from 50 kilometers away.",https://thumb.wikimedia.org/wikipedia/commons/thumb/d/da/Cataratas_Victoria%2C_Zambia-Zimbabue%2C_2018-07-27%2C_DD_04.jpg/500px-Cataratas_Victoria%2C_Zambia-Zimbabue%2C_2018-07-27%2C_DD_04.jpg
petra-jordan,Petra,Where is the ancient city of Petra?,Jordan,30.3285,35.4444,3,History Was Here; Wonders of the World; Middle East,"Carved directly into rose-colored sandstone cliffs by the Nabataeans, it thrived as a caravan trading hub over 2,000 years ago.",https://thumb.wikimedia.org/wikipedia/commons/thumb/e/e8/Al_Deir_Petra.JPG/500px-Al_Deir_Petra.JPG
great-sphinx-giza,Great Sphinx,Where does the Great Sphinx keep watch?,Egypt,29.9753,31.1376,2,History Was Here,"Carved from a single limestone outcrop near the Giza pyramids, its missing nose has been gone for over 600 years, long predating the legend blaming Napoleon's cannons.",https://thumb.wikimedia.org/wikipedia/commons/thumb/4/42/Sphinx_with_the_third_pyramid.jpg/500px-Sphinx_with_the_third_pyramid.jpg?utm_source=en.wikipedia.org&utm_campaign=api&utm_content=thumbnail
easter-island,Easter Island,"Easter Island, Chile 🇨🇱",Chile,-27.1227,-109.2883,4,History Was Here,The Rapa Nui people carved nearly 900 moai between the 13th and 16th centuries on this remote volcanic island.,https://thumb.wikimedia.org/wikipedia/commons/thumb/8/8e/Easter_Island_5.jpg/500px-Easter_Island_5.jpg
mont-saint-michel,Mont Saint-Michel,"Mont Saint-Michel, France 🇫🇷",France,48.6361,-1.5115,5,History Was Here,"At high tide this Normandy island is cut off from the mainland, with waters that can rush in faster than a person can run.",https://thumb.wikimedia.org/wikipedia/commons/thumb/7/78/Mont-Saint-Michel_vu_du_ciel.jpg/500px-Mont-Saint-Michel_vu_du_ciel.jpg?utm_source=en.wikipedia.org&utm_campaign=api&utm_content=thumbnail
neuschwanstein-castle,Neuschwanstein Castle,"Neuschwanstein Castle, Germany 🇩🇪",Germany,47.5576,10.7498,5,History Was Here; Castles,Bavarian King Ludwig II built it in the 1860s as a private retreat and never saw it finished before his death.,https://thumb.wikimedia.org/wikipedia/commons/thumb/f/f8/Schloss_Neuschwanstein_2013.jpg/500px-Schloss_Neuschwanstein_2013.jpg
marrakech-morocco,Marrakech,"Marrakech, Morocco 🇲🇦",Morocco,31.6295,-7.9811,3,Desert Cities,"This Moroccan city's medina is centered on Jemaa el-Fnaa, a square that transforms into a food market every night.",https://thumb.wikimedia.org/wikipedia/commons/thumb/9/9c/Pavillon_Menarag%C3%A4rten.jpg/500px-Pavillon_Menarag%C3%A4rten.jpg?utm_source=en.wikipedia.org&utm_campaign=api&utm_content=thumbnail
kyoto-japan,Kyoto,"Kyoto, Japan 🇯🇵",Japan,35.0116,135.7681,3,,"Japan's imperial capital for over a thousand years, it escaped major bombing in WWII and still holds nearly 1,600 Buddhist temples.",https://thumb.wikimedia.org/wikipedia/commons/thumb/6/6b/Kyoto%2C_Japan_%2849667780482%29.jpg/500px-Kyoto%2C_Japan_%2849667780482%29.jpg
dublin-ireland,Dublin,"Dublin, Ireland 🇮🇪",Ireland,53.3498,-6.2603,1,,Ireland's capital grew from a Viking settlement founded around 841 on the River Liffey.,https://thumb.wikimedia.org/wikipedia/commons/thumb/9/92/Dublin_-_aerial_-_2025-07-07_01.jpg/500px-Dublin_-_aerial_-_2025-07-07_01.jpg
edinburgh-scotland,Edinburgh,"Edinburgh, Scotland",Scotland,55.9533,-3.1883,2,,Scotland's capital is dominated by a volcanic crag topped with a castle that's been fortified for nearly 900 years.,https://thumb.wikimedia.org/wikipedia/commons/thumb/1/1a/Skyline_of_Edinburgh.jpg/500px-Skyline_of_Edinburgh.jpg
helsinki-finland,Helsinki,"Helsinki, Finland 🇫🇮",Finland,60.1699,24.9384,2,Nordic Coast,"Finland's capital sits on a peninsula and archipelago in the Baltic, and is one of the northernmost capitals in the EU.",https://thumb.wikimedia.org/wikipedia/commons/thumb/3/3e/Suomenlinna_%28cropped%29.jpg/500px-Suomenlinna_%28cropped%29.jpg
serengeti-tanzania,Serengeti,"Serengeti, Tanzania 🇹🇿",Tanzania,-2.3333,34.8333,4,History Was Here; African Safari,"This Tanzanian ecosystem hosts the largest terrestrial mammal migration on Earth, a circuit covering roughly 1,000 kilometers.",https://thumb.wikimedia.org/wikipedia/commons/thumb/6/6a/Wildebeest_Migration_in_Serengeti_National_Park%2C_Tanzania.jpg/1280px-Wildebeest_Migration_in_Serengeti_National_Park%2C_Tanzania.jpg
galapagos-islands,Galapagos Islands,"Galápagos Islands, Ecuador 🇪🇨",Ecuador,-0.7893,-91.1407,3,History Was Here,"Charles Darwin visited this volcanic archipelago in 1835, and its isolated wildlife shaped his thinking on natural selection.",https://thumb.wikimedia.org/wikipedia/commons/thumb/6/64/Lobo_marino_%28Zalophus_californianus_wollebaeki%29%2C_Punta_Pitt%2C_isla_de_San_Crist%C3%B3bal%2C_islas_Gal%C3%A1pagos%2C_Ecuador%2C_2015-07-24%2C_DD_11.JPG/500px-Lobo_marino_%28Zalophus_californianus_wollebaeki%29%2C_Punta_Pitt%2C_isla_de_San_Crist%C3%B3bal%2C_islas_Gal%C3%A1pagos%2C_Ecuador%2C_2015-07-24%2C_DD_11.JPG?utm_source=en.wikipedia.org&utm_campaign=api&utm_content=thumbnail
dead-sea,Dead Sea,"Dead Sea, Jordan 🇯🇴",Jordan,31.559,35.4732,2,History Was Here; Middle East,"At roughly 430 meters below sea level, its shore is the lowest point on dry land on Earth.",https://thumb.wikimedia.org/wikipedia/commons/thumb/6/6f/Dead_Sea_beach_00.JPG/500px-Dead_Sea_beach_00.JPG
hagia-sophia,Hagia Sophia,"Hagia Sophia, Turkey 🇹🇷",Turkey,41.0086,28.9802,2,History Was Here; Sacred Sites,"Completed in 537 AD as a Byzantine cathedral, it held the record for the world's largest interior space for nearly a thousand years.",https://thumb.wikimedia.org/wikipedia/commons/thumb/4/4a/Hagia_Sophia_%28228968325%29.jpeg/500px-Hagia_Sophia_%28228968325%29.jpeg
alhambra-granada,Alhambra,Where does the Moorish palace and fortress complex called the Alhambra stand?,Spain,37.176,-3.5881,4,History Was Here,This Nasrid dynasty palace in Granada is famed for intricate tile and stucco work that inspired M.C. Escher's tessellation art.,https://thumb.wikimedia.org/wikipedia/commons/thumb/d/de/Dawn_Charles_V_Palace_Alhambra_Granada_Andalusia_Spain.jpg/500px-Dawn_Charles_V_Palace_Alhambra_Granada_Andalusia_Spain.jpg
terracotta-army,Terracotta Army,"Terracotta Army, China 🇨🇳",China,34.3841,109.2785,3,History Was Here,"Farmers digging a well in 1974 stumbled on this army of over 8,000 unique terracotta warriors near Xi'an, China.",https://thumb.wikimedia.org/wikipedia/commons/thumb/8/88/51714-Terracota-Army.jpg/500px-51714-Terracota-Army.jpg
zanzibar-city-tanzania,Zanzibar City,Where is the historic Swahili port city at the heart of the spice-trading Zanzibar archipelago?,Tanzania,-6.1659,39.2026,5,Colonial Towns,This Indian Ocean island's Stone Town was a hub of the 19th-century spice and slave trade under Omani Arab rule.,https://thumb.wikimedia.org/wikipedia/commons/thumb/3/32/Malawi_Rd%2C_Zanzibar_Town%2C_Tanzania_-_panoramio.jpg/500px-Malawi_Rd%2C_Zanzibar_Town%2C_Tanzania_-_panoramio.jpg
addis-ababa-ethiopia,Addis Ababa,"Addis Ababa, Ethiopia 🇪🇹",Ethiopia,9.032,38.7469,3,Capital Cities,"Ethiopia's capital sits at nearly 2,400 meters elevation, making it one of the highest capital cities in the world.",https://thumb.wikimedia.org/wikipedia/commons/thumb/2/2c/Addis_in_night.jpg/500px-Addis_in_night.jpg
ulaanbaatar-mongolia,Ulaanbaatar,"Ulaanbaatar, Mongolia 🇲🇳",Mongolia,47.8864,106.9057,3,Capital Cities,"The coldest national capital on Earth, it began as a mobile Buddhist monastic center before settling permanently in 1778.",https://thumb.wikimedia.org/wikipedia/commons/thumb/c/c2/UB_downtown.jpg/500px-UB_downtown.jpg
salar-de-uyuni,Salar de Uyuni,"Salar de Uyuni, Bolivia 🇧🇴",Bolivia,-20.1338,-67.4891,3,History Was Here; Andes,"This Bolivian flat covers over 10,000 square kilometers and holds roughly half the world's known lithium reserves.",https://thumb.wikimedia.org/wikipedia/commons/thumb/4/4a/Salar_Uyuni_au01.jpg/500px-Salar_Uyuni_au01.jpg
lalibela-ethiopia,Lalibela,"Lalibela, Ethiopia 🇪🇹",Ethiopia,11.1238,39.0412,7,History Was Here,"According to tradition, Ethiopia's King Lalibela ordered them built in the 12th century after a vision of Jerusalem.",https://thumb.wikimedia.org/wikipedia/commons/thumb/a/aa/Lalibela%2C_san_giorgio%2C_esterno_24.jpg/500px-Lalibela%2C_san_giorgio%2C_esterno_24.jpg
cappadocia-turkey,Cappadocia,"Cappadocia, Turkey 🇹🇷",Turkey,38.6431,34.8289,4,History Was Here,Early Christians carved entire underground cities and cave churches into this soft volcanic rock in central Turkey.,https://thumb.wikimedia.org/wikipedia/commons/thumb/5/59/Cappadocia_balloon_trip%2C_Ortahisar_Castle_%2811893715185%29.jpg/500px-Cappadocia_balloon_trip%2C_Ortahisar_Castle_%2811893715185%29.jpg
plitvice-lakes,Plitvice Lakes,"Plitvice Lakes, Croatia 🇭🇷",Croatia,44.8654,15.582,5,History Was Here; Balkans,This Croatian national park's 16 terraced lakes are colored by minerals and shift shade with the light and season.,https://thumb.wikimedia.org/wikipedia/commons/thumb/3/39/View_in_Plitvice_Lakes_National_Park.jpg/500px-View_in_Plitvice_Lakes_National_Park.jpg?utm_source=en.wikipedia.org&utm_campaign=api&utm_content=thumbnail
bishkek-kyrgyzstan,Bishkek,"Bishkek, Kyrgyzstan 🇰🇬",Kyrgyzstan,42.8746,74.5698,3,Capital Cities,"Founded as a Russian fortress in 1825, Kyrgyzstan's capital sits in a valley ringed by the snow-capped Tian Shan mountains.",https://thumb.wikimedia.org/wikipedia/commons/thumb/4/42/Bishkek_City%27s_business_center.jpg/500px-Bishkek_City%27s_business_center.jpg
asmara-eritrea,Asmara,"Asmara, Eritrea 🇪🇷",Eritrea,15.3229,38.9251,5,Capital Cities,"Eritrea's capital is a UNESCO-listed showcase of 1930s Italian Art Deco architecture, nicknamed 'Piccola Roma.'",https://thumb.wikimedia.org/wikipedia/commons/thumb/8/87/Asmara_Montage.png/500px-Asmara_Montage.png
suva-fiji,Suva,"Suva, Fiji 🇫🇯",Fiji,-18.1416,178.4419,4,Capital Cities,Fiji's capital sits on a peninsula on the island of Viti Levu and is one of the wettest capitals on Earth.,https://thumb.wikimedia.org/wikipedia/commons/thumb/5/53/Suva%2C_Fiji_77.jpg/500px-Suva%2C_Fiji_77.jpg
timbuktu-mali,Timbuktu,"Timbuktu, Mali 🇲🇱",Mali,16.7666,-3.0026,6,History Was Here; Desert Cities,"This Malian city flourished in the 14th century as a center of gold, salt, and Islamic scholarship, home to thousands of ancient manuscripts.",https://thumb.wikimedia.org/wikipedia/commons/thumb/6/67/Donkeys%2C_Timbuktu.jpg/500px-Donkeys%2C_Timbuktu.jpg
socotra-island,Socotra Island,"Socotra, Yemen 🇾🇪",Yemen,12.4634,53.8237,7,History Was Here,"Isolated for millions of years in the Arabian Sea, this Yemeni island has a third of its plant species found nowhere else on Earth.",https://thumb.wikimedia.org/wikipedia/commons/thumb/9/93/Socotra_satview.jpg/500px-Socotra_satview.jpg?utm_source=en.wikipedia.org&utm_campaign=api&utm_content=thumbnail
pamukkale-turkey,Pamukkale,"Pamukkale, Turkey 🇹🇷",Turkey,37.9203,29.1211,6,History Was Here,Calcium-rich hot springs have built up these white travertine terraces in Turkey over thousands of years.,https://thumb.wikimedia.org/wikipedia/commons/thumb/5/5d/Pamukkale%2C_Denizli_2026_68.jpg/500px-Pamukkale%2C_Denizli_2026_68.jpg
danakil-depression,Danakil Depression,"Danakil Depression, Ethiopia 🇪🇹",Ethiopia,14.2417,40.3,8,History Was Here,"This Ethiopian desert basin sits over 100 meters below sea level and includes Erta Ale, one of the few volcanoes with a permanent lava lake.",https://upload.wikimedia.org/wikipedia/commons/thumb/b/bf/Danakil_depression.jpg/500px-Danakil_depression.jpg
thimphu-bhutan,Thimphu,"Thimphu, Bhutan 🇧🇹",Bhutan,27.4712,89.6339,3,Capital Cities,"Bhutan's capital has no traffic lights, directed instead by white-gloved officers, and is one of the few capitals without them.",https://thumb.wikimedia.org/wikipedia/commons/thumb/9/9d/Tashich%C3%B6dzong_Thimphu-2008-01-23.jpg/500px-Tashich%C3%B6dzong_Thimphu-2008-01-23.jpg
nuuk-greenland,Nuuk,"Nuuk, Greenland 🇬🇱",Denmark,64.1835,-51.7216,3,Capital Cities,"Greenland's capital is one of the smallest capital cities by population anywhere, founded as a trading post in 1728.",https://thumb.wikimedia.org/wikipedia/commons/thumb/8/8d/Nuuk%2C_Greenland_skyline_aerial_view.jpg/500px-Nuuk%2C_Greenland_skyline_aerial_view.jpg
palikir-micronesia,Palikir,"Palikir, Micronesia 🇫🇲",Micronesia,6.9248,158.1611,8,Capital Cities; Island Nations,This capital of the Federated States of Micronesia sits on Pohnpei island and is home to only a few thousand people.,https://thumb.wikimedia.org/wikipedia/commons/thumb/2/28/Palikir_2025-Presidential2.jpg/500px-Palikir_2025-Presidential2.jpg
vaduz-liechtenstein,Vaduz,"Vaduz, Liechtenstein 🇱🇮",Liechtenstein,47.141,9.5209,4,Capital Cities; The Alps,The capital of this tiny Alpine microstate is overlooked by a castle still owned by the ruling prince's family.,https://thumb.wikimedia.org/wikipedia/commons/thumb/9/9b/View_of_Vaduz.jpg/500px-View_of_Vaduz.jpg
pyongyang-north-korea,Pyongyang,"Pyongyang, North Korea 🇰🇵",North Korea,39.0392,125.7625,3,Capital Cities,"North Korea's capital was almost entirely rebuilt after the Korean War, with wide boulevards designed around monumental architecture.",https://thumb.wikimedia.org/wikipedia/commons/thumb/e/e7/The_Arch_of_Triumph_%2811360607534%29.jpg/500px-The_Arch_of_Triumph_%2811360607534%29.jpg
ouagadougou-burkina-faso,Ouagadougou,"Ouagadougou, Burkina Faso 🇧🇫",Burkina Faso,12.3714,-1.5197,3,Capital Cities,Burkina Faso's capital takes its name from two Mossi kingdoms whose rulers merged centuries ago.,https://thumb.wikimedia.org/wikipedia/commons/thumb/f/f3/Ouagadougou_Skyline.jpg/500px-Ouagadougou_Skyline.jpg
wadi-rum,Wadi Rum,"Wadi Rum, Jordan 🇯🇴",Jordan,29.5765,35.4206,5,History Was Here; Middle East,"Nicknamed the 'Valley of the Moon,' this desert has stood in for Mars in several Hollywood films.",https://thumb.wikimedia.org/wikipedia/commons/thumb/5/56/Mountain_in_Wadi_Rum%2C_Jordan.jpg/500px-Mountain_in_Wadi_Rum%2C_Jordan.jpg
richat-structure,Richat Structure,"Richat Structure, Mauritania 🇲🇷",Mauritania,21.1231,-11.3878,9,History Was Here,"Nicknamed the 'Eye of the Sahara,' this Mauritanian formation is roughly 40 kilometers wide and was long mistaken for a meteorite impact.",https://thumb.wikimedia.org/wikipedia/commons/thumb/a/af/Richat_Structure_ISS030-E-12516.jpg/500px-Richat_Structure_ISS030-E-12516.jpg
yaren-nauru,Yaren,"Yaren, Nauru 🇳🇷",Nauru,-0.5477,166.9209,8,Capital Cities; Island Nations,"This is the de facto capital of Nauru, the world's third-smallest country, an island once stripped bare by phosphate mining.",https://thumb.wikimedia.org/wikipedia/commons/thumb/4/45/Parliament_%2815403802091%29.jpg/500px-Parliament_%2815403802091%29.jpg
funafuti-tuvalu,Funafuti,"Funafuti, Tuvalu 🇹🇻",Tuvalu,-8.5211,179.1983,7,Capital Cities; Island Nations,"Tuvalu's capital atoll averages only about 2 meters above sea level, making it one of the first places threatened by rising seas.",https://thumb.wikimedia.org/wikipedia/commons/thumb/9/91/Funafuti_airport_-_Fiji_Airways.jpg/500px-Funafuti_airport_-_Fiji_Airways.jpg
ngerulmud-palau,Ngerulmud,"Ngerulmud, Palau 🇵🇼",Palau,7.5006,134.6242,8,Capital Cities; Island Nations,"One of the least populated national capitals on Earth, it was purpose-built in the 2000s and has only a few hundred residents.",https://thumb.wikimedia.org/wikipedia/en/thumb/8/8f/Capitol%2C_Melekeok%2C_Palau.jpg/500px-Capitol%2C_Melekeok%2C_Palau.jpg
avarua-cook-islands,Avarua,"Avarua, Cook Islands 🇨🇰",Cook Islands,-21.2078,-159.775,6,Capital Cities; Island Nations,This capital of a self-governing Pacific nation in free association with New Zealand sits on the island of Rarotonga.,https://thumb.wikimedia.org/wikipedia/commons/thumb/3/30/Para_O_Tane_Palace%2C_Rarotonga%2C_Cook_Islands.jpg/500px-Para_O_Tane_Palace%2C_Rarotonga%2C_Cook_Islands.jpg
longyearbyen-svalbard,Longyearbyen,"Longyearbyen, Svalbard 🇳🇴",Norway,78.2232,15.6267,3,Arctic Circle,"This Arctic settlement is the world's northernmost town of real size, and local rules require carrying a rifle outside town against polar bears.",https://thumb.wikimedia.org/wikipedia/commons/thumb/0/06/Longyearbyen-spisshus-2022.jpg/500px-Longyearbyen-spisshus-2022.jpg
tristan-da-cunha,Tristan da Cunha,"Tristan da Cunha, South Atlantic 🇸🇭",United Kingdom,-37.0676,-12.3116,9,History Was Here,"This South Atlantic island's main settlement, Edinburgh of the Seven Seas, lies about 2,400 kilometers from the nearest other inhabited land.",https://thumb.wikimedia.org/wikipedia/commons/thumb/1/12/Edinburgh_of_the_Seven_Seas_01.jpg/1280px-Edinburgh_of_the_Seven_Seas_01.jpg
challenger-deep,Challenger Deep,"Challenger Deep, Mariana Trench",United States,11.3493,142.1996,10,History Was Here,"At nearly 11,000 meters down in the Mariana Trench, the pressure here is over 1,000 times that at the ocean's surface.",https://upload.wikimedia.org/wikipedia/commons/thumb/1/1a/Challenger_Deep_Dive_071222_by_V_Vescovo_in_DSV_Limiting_Factor_-_Southern_Wall_of_Western_Pool.jpg/500px-Challenger_Deep_Dive_071222_by_V_Vescovo_in_DSV_Limiting_Factor_-_Southern_Wall_of_Western_Pool.jpg
vostok-station,Vostok Station,"Vostok Station, Antarctica 🇦🇶",Antarctica,-78.4645,106.8375,9,History Was Here; Antarctic Outposts,This Russian station recorded -89.2°C in 1983 and sits atop nearly 4 kilometers of Antarctic ice covering a hidden freshwater lake.,https://thumb.wikimedia.org/wikipedia/commons/thumb/c/c3/Vostok_Station_2024.png/500px-Vostok_Station_2024.png
ittoqqortoormiit-greenland,Ittoqqortoormiit,"Where is the remote settlement of Ittoqqortoormiit, beside the world’s largest fjord system?",Iceland,70.4846,-21.9603,8,Arctic Circle,"One of the most isolated settlements in the Northern Hemisphere, it's reachable only by boat in summer or plane year-round, with no roads connecting it to anywhere.",https://thumb.wikimedia.org/wikipedia/commons/thumb/b/b2/Ittoqqortoormiit%2C_Greenland.jpg/500px-Ittoqqortoormiit%2C_Greenland.jpg
alert-nunavut,Alert,"Alert, Canada 🇨🇦",Canada,82.5018,-62.3481,9,History Was Here; Arctic Circle,"This Canadian Forces station sits just 817 kilometers from the North Pole, closer to Russia's coast than to most of Canada.",https://upload.wikimedia.org/wikipedia/commons/6/68/Alert_Nunavut_432_pan_crop_15_%2833817848520%29.jpg
la-rinconada-peru,La Rinconada,"La Rinconada, Peru 🇵🇪",Peru,-14.6676,-70.6303,9,History Was Here; Andes; Mining Towns,"This Peruvian gold-mining town sits above 5,100 meters in the Andes, where the air holds about half the oxygen found at sea level.",https://thumb.wikimedia.org/wikipedia/commons/thumb/d/d9/Rinconadapuno.JPG/500px-Rinconadapuno.JPG?utm_source=en.wikipedia.org&utm_campaign=api&utm_content=thumbnail
oymyakon-russia,Oymyakon,"Where is Oymyakon, one of the coldest permanently inhabited places on Earth?",Russia,63.4608,142.7858,8,,"Regularly cited as the coldest permanently inhabited place on Earth, it recorded a low of -67.7°C, and locals keep car engines running all day in winter.",https://thumb.wikimedia.org/wikipedia/commons/thumb/c/c1/Oymyakon_-_190228_DSC_5642.jpg/500px-Oymyakon_-_190228_DSC_5642.jpg
bouvet-island,Bouvet Island,Bouvet Island 🇧🇻,Norway,-54.4208,3.3464,10,History Was Here,"This Norwegian volcanic island in the South Atlantic lies over 1,600 kilometers from the nearest land, Antarctica.",https://upload.wikimedia.org/wikipedia/commons/thumb/9/96/Bouvet_Island_west_coast_glacier.jpg/500px-Bouvet_Island_west_coast_glacier.jpg
johannesburg-south-africa,Johannesburg,"Johannesburg, South Africa 🇿🇦",South Africa,-26.2041,28.0473,2,Mining Towns,"South Africa's largest city, known as the City of Gold, grew rapidly after gold was discovered on the Witwatersrand in 1886.",https://thumb.wikimedia.org/wikipedia/commons/thumb/9/95/Johannesburg_skyline_2017.jpg/500px-Johannesburg_skyline_2017.jpg?utm_source=en.wikipedia.org&utm_campaign=api&utm_content=thumbnail
durban-south-africa,Durban,"Durban, South Africa 🇿🇦",South Africa,-29.8587,31.0218,3,,"One of South Africa's major port cities, known for its African, Indian and colonial influences.",https://thumb.wikimedia.org/wikipedia/commons/thumb/9/90/Durban_from_the_Balcony_%28Dennis_Sylvester_Hurd%29_1.jpg/500px-Durban_from_the_Balcony_%28Dennis_Sylvester_Hurd%29_1.jpg?utm_source=en.wikipedia.org&utm_campaign=api&utm_content=thumbnail
alexandria-egypt,Alexandria,"Alexandria, Egypt 🇪🇬",Egypt,31.2001,29.9187,3,Port Cities,"Founded by Alexander the Great in 331 BCE, this Mediterranean port was once home to the Great Library of Alexandria.",https://thumb.wikimedia.org/wikipedia/commons/thumb/7/79/San_Stefano_Grand_Plaza.JPG/500px-San_Stefano_Grand_Plaza.JPG?utm_source=en.wikipedia.org&utm_campaign=api&utm_content=thumbnail
luxor-egypt,Luxor,"Luxor, Egypt 🇪🇬",Egypt,25.6872,32.6396,3,,"Built on the site of ancient Thebes, Luxor is home to some of Egypt's most spectacular archaeological sites.",https://thumb.wikimedia.org/wikipedia/commons/thumb/3/35/LuxorHotelsIbnWalidSt.jpg/500px-LuxorHotelsIbnWalidSt.jpg?utm_source=en.wikipedia.org&utm_campaign=api&utm_content=thumbnail
aswan-egypt,Aswan,"Aswan, Egypt 🇪🇬",Egypt,24.0889,32.8998,4,Great Rivers,"An important ancient trading city on the Nile, known for its granite quarries and the Aswan High Dam.",https://thumb.wikimedia.org/wikipedia/commons/thumb/0/06/Panoramic_view_of_Aswan%2C_Egypt.jpg/500px-Panoramic_view_of_Aswan%2C_Egypt.jpg?utm_source=en.wikipedia.org&utm_campaign=api&utm_content=thumbnail
tunis-tunisia,Tunis,"Tunis, Tunisia 🇹🇳",Tunisia,36.8065,10.1815,3,,"Tunisia's capital sits at the edge of Lake Tunis and is known for its historic medina, a UNESCO World Heritage site.",https://thumb.wikimedia.org/wikipedia/commons/thumb/2/22/Minaret_et_patio_de_la_mosqu%C3%A9e_Zitouna_au_centre_de_la_M%C3%A9dina_de_Tunis.jpg/500px-Minaret_et_patio_de_la_mosqu%C3%A9e_Zitouna_au_centre_de_la_M%C3%A9dina_de_Tunis.jpg?utm_source=en.wikipedia.org&utm_campaign=api&utm_content=thumbnail
rabat-morocco,Rabat,"Rabat, Morocco 🇲🇦",Morocco,34.0209,-6.8416,3,,"Morocco's capital, a coastal city with a well-preserved historic medina and Kasbah of the Udayas.",https://thumb.wikimedia.org/wikipedia/commons/thumb/7/7d/%22Eine_beeindruckende_Festung%22._09.jpg/500px-%22Eine_beeindruckende_Festung%22._09.jpg?utm_source=en.wikipedia.org&utm_campaign=api&utm_content=thumbnail
fez-morocco,Fez,"Fez, Morocco 🇲🇦",Morocco,34.0181,-5.0078,3,,"One of Morocco's imperial cities, home to one of the world's oldest continuously operating universities, Al Quaraouiyine.",https://commons.wikimedia.org/wiki/Special:FilePath/Fes%20Medina%20Panoramic%20view.jpg?width=500
kinshasa-dr-congo,Kinshasa,"Kinshasa, DR Congo 🇨🇩",DR Congo,-4.4419,15.2663,2,,The capital of the Democratic Republic of Congo and Africa's most populous francophone city.,https://thumb.wikimedia.org/wikipedia/commons/thumb/1/18/La_Gombe%2C_Kinshasa%2C_RDC_%28cropped%29.jpg/500px-La_Gombe%2C_Kinshasa%2C_RDC_%28cropped%29.jpg?utm_source=en.wikipedia.org&utm_campaign=api&utm_content=thumbnail
kigali-rwanda,Kigali,"Kigali, Rwanda 🇷🇼",Rwanda,-1.9441,30.0619,4,,"Rwanda's capital, known for its cleanliness and well-organized urban layout.",https://thumb.wikimedia.org/wikipedia/commons/thumb/2/2d/High_Angle_View_Of_Kigali_City_Street_on_November_29%2C_2018._Emmanuel_Kwizera.jpg/500px-High_Angle_View_Of_Kigali_City_Street_on_November_29%2C_2018._Emmanuel_Kwizera.jpg?utm_source=en.wikipedia.org&utm_campaign=api&utm_content=thumbnail
maputo-mozambique,Maputo,"Maputo, Mozambique 🇲🇿",Mozambique,-25.9655,32.5832,3,,"Mozambique's capital, known for its Portuguese colonial architecture and vibrant culture.",https://upload.wikimedia.org/wikipedia/commons/thumb/a/a0/Maputo_-_Panorama.jpg/500px-Maputo_-_Panorama.jpg
harare-zimbabwe,Harare,"Harare, Zimbabwe 🇿🇼",Zimbabwe,-17.8216,31.0492,3,,"Zimbabwe's capital, known for its wide streets lined with jacaranda trees.",https://thumb.wikimedia.org/wikipedia/commons/thumb/d/d0/Crowne_Plaza%2C_Harare.png/500px-Crowne_Plaza%2C_Harare.png?utm_source=en.wikipedia.org&utm_campaign=api&utm_content=thumbnail
luanda-angola,Luanda,"Luanda, Angola 🇦🇴",Angola,-8.8147,13.2302,3,,"Angola's capital and one of Africa's most expensive cities, located on the Atlantic coast.",https://thumb.wikimedia.org/wikipedia/commons/thumb/c/c3/Luanda_2025_focused_%28cropped%29.jpg/500px-Luanda_2025_focused_%28cropped%29.jpg?utm_source=en.wikipedia.org&utm_campaign=api&utm_content=thumbnail
tripoli-libya,Tripoli,"Tripoli, Libya 🇱🇾",Libya,32.8872,13.1913,2,,"Libya's capital and largest city, founded by the Phoenicians in the 7th century BCE as Oea.",https://commons.wikimedia.org/wiki/Special:Redirect/file/Tripoli_Skyline_edit.jpg
kumasi-ghana,Kumasi,"Kumasi, Ghana 🇬🇭",Ghana,6.6885,-1.6244,5,,"The capital of the Ashanti Region, known for its rich cultural heritage and vibrant markets.",https://thumb.wikimedia.org/wikipedia/commons/thumb/0/02/Kronum_Kumasi_2018-11-08_%28130246%29.jpg/500px-Kronum_Kumasi_2018-11-08_%28130246%29.jpg?utm_source=en.wikipedia.org&utm_campaign=api&utm_content=thumbnail
abidjan-ivory-coast,Abidjan,"Abidjan, Côte d'Ivoire 🇨🇮",Côte d'Ivoire,5.36,-4.0083,3,,"Côte d'Ivoire's economic capital, known for its modern skyscrapers and lagoon system.",https://thumb.wikimedia.org/wikipedia/commons/thumb/e/ef/Visite_du_mus%C3%A9e_de_civilisation_de_C%C3%B4te_d%27Ivoire_08.jpg/500px-Visite_du_mus%C3%A9e_de_civilisation_de_C%C3%B4te_d%27Ivoire_08.jpg?utm_source=en.wikipedia.org&utm_campaign=api&utm_content=thumbnail
mombasa-kenya,Mombasa,"Mombasa, Kenya 🇰🇪",Kenya,-4.0435,39.6682,4,,"Kenya's oldest and second-largest city, an important port on the Indian Ocean.",https://thumb.wikimedia.org/wikipedia/commons/thumb/f/f0/Mombasa_Island.jpg/500px-Mombasa_Island.jpg?utm_source=en.wikipedia.org&utm_campaign=api&utm_content=thumbnail
arusha-tanzania,Arusha,"Where is Arusha, the safari gateway beneath Mount Meru?",Tanzania,-3.3869,36.683,5,African Safari,"A gateway city to Serengeti National Park and Mount Kilimanjaro, located in northern Tanzania.",https://thumb.wikimedia.org/wikipedia/commons/thumb/0/0e/Arusha_City_view.jpg/500px-Arusha_City_view.jpg?utm_source=en.wikipedia.org&utm_campaign=api&utm_content=thumbnail
karnak-temple-complex,Karnak Temple,Where is the Karnak Temple?,Egypt,25.7188,32.6573,4,Sacred Sites,"One of the largest religious building complexes ever constructed, built over 2,000 years.",https://thumb.wikimedia.org/wikipedia/commons/thumb/6/60/Temple_de_Louxor_68.jpg/500px-Temple_de_Louxor_68.jpg?utm_source=en.wikipedia.org&utm_campaign=api&utm_content=thumbnail
abu-simbel-temples,Abu Simbel,Where are the Abu Simbel Temples?,Egypt,22.3367,31.6253,6,,"Two massive rock temples built by Ramses II, relocated in the 1960s due to Aswan High Dam.",https://thumb.wikimedia.org/wikipedia/commons/thumb/b/b5/Ramsis%2C_Aswan_Governorate%2C_Egypt_-_panoramio.jpg/500px-Ramsis%2C_Aswan_Governorate%2C_Egypt_-_panoramio.jpg?utm_source=en.wikipedia.org&utm_campaign=api&utm_content=thumbnail
valley-of-kings,Valley of Kings,Where is the Valley of the Kings?,Egypt,25.7408,32.6017,3,,A royal burial ground for pharaohs and nobles of the New Kingdom period on the west bank of the Nile.,https://thumb.wikimedia.org/wikipedia/commons/thumb/0/0c/Luxor%2C_Tal_der_K%C3%B6nige_%281995%2C_860x605%29.jpg/500px-Luxor%2C_Tal_der_K%C3%B6nige_%281995%2C_860x605%29.jpg?utm_source=en.wikipedia.org&utm_campaign=api&utm_content=thumbnail
hassan-ii-mosque,Hassan II Mosque,Where is the Hassan II Mosque?,Morocco,33.6086,-7.6329,5,,"Located in Casablanca, this modern mosque features the world's tallest minaret at 210 meters.",https://thumb.wikimedia.org/wikipedia/en/thumb/c/ce/Hassan_II_mosque%2C_Casablanca_2.jpg/500px-Hassan_II_mosque%2C_Casablanca_2.jpg?utm_source=en.wikipedia.org&utm_campaign=api&utm_content=thumbnail
carthage-ruins,Carthage Ruins,Where are the Carthage Ruins?,Tunisia,36.8529,10.3233,6,Ancient Ruins,"The ancient city of Carthage, founded by Phoenicians around 814 BCE, near modern Tunis.",https://thumb.wikimedia.org/wikipedia/commons/thumb/f/ff/Plan_carthage_romaine.jpg/500px-Plan_carthage_romaine.jpg?utm_source=en.wikipedia.org&utm_campaign=api&utm_content=thumbnail
lalibela-rock-churches,Lalibela Churches,Where are the Rock-Hewn Churches of Lalibela?,Ethiopia,12.031,39.0411,8,,Eleven monolithic churches carved from solid rock in the 12th-13th centuries.,https://thumb.wikimedia.org/wikipedia/commons/thumb/a/aa/Lalibela%2C_san_giorgio%2C_esterno_24.jpg/500px-Lalibela%2C_san_giorgio%2C_esterno_24.jpg?utm_source=en.wikipedia.org&utm_campaign=api&utm_content=thumbnail
axum-obelisks,Axum Obelisks,Where are the Axum Obelisks?,Ethiopia,14.1302,38.7193,8,,"Massive granite stelae marking the tombs of Aksumite kings, dating from 300-500 CE.",https://thumb.wikimedia.org/wikipedia/commons/thumb/6/69/Rome_Stele.jpg/500px-Rome_Stele.jpg?utm_source=en.wikipedia.org&utm_campaign=api&utm_content=thumbnail
meroe-pyramids,Meroë Pyramids,Where are the Meroë Pyramids?,Sudan,16.9385,33.7506,8,,"Over 200 pyramids built by the Kingdom of Kush at Meroë, dating from 300 BCE to 350 CE.",https://thumb.wikimedia.org/wikipedia/commons/thumb/e/e6/NubianMeroePyramids30sep2005%282%29.jpg/500px-NubianMeroePyramids30sep2005%282%29.jpg?utm_source=en.wikipedia.org&utm_campaign=api&utm_content=thumbnail
mount-kilimanjaro-summit,Kilimanjaro Summit,Where is the summit of Mount Kilimanjaro?,Tanzania,-3.0758,37.3533,3,African Safari,"Africa's highest peak at 5,895 meters, located in Tanzania.",https://thumb.wikimedia.org/wikipedia/commons/thumb/6/6c/Kilimanjaro_from_Amboseli.jpg/500px-Kilimanjaro_from_Amboseli.jpg?utm_source=en.wikipedia.org&utm_campaign=api&utm_content=thumbnail
mount-kenya-summit,Mount Kenya Summit,Where is the summit of Mount Kenya?,Kenya,-0.1506,37.3073,7,African Safari,"Africa's second-highest peak at 5,199 meters, located in central Kenya.",https://thumb.wikimedia.org/wikipedia/commons/thumb/0/09/MtKenya.jpg/500px-MtKenya.jpg?utm_source=en.wikipedia.org&utm_campaign=api&utm_content=thumbnail
table-mountain-cape-town,Table Mountain,Where is Table Mountain?,South Africa,-33.9628,18.4098,2,,"A flat-topped mountain overlooking Cape Town, South Africa, a UNESCO World Heritage site.",https://thumb.wikimedia.org/wikipedia/commons/thumb/d/dc/Table_Mountain_DanieVDM.jpg/500px-Table_Mountain_DanieVDM.jpg?utm_source=en.wikipedia.org&utm_campaign=api&utm_content=thumbnail
cape-of-good-hope,Cape of Good Hope,Where is the Cape of Good Hope?,South Africa,-34.359,18.4717,3,,"The most southwestern point of the African continent, located near Cape Town.",https://thumb.wikimedia.org/wikipedia/commons/thumb/e/e7/Playa_Dias%2C_Cape_Point%2C_Sud%C3%A1frica%2C_2018-07-23%2C_DD_103.jpg/500px-Playa_Dias%2C_Cape_Point%2C_Sud%C3%A1frica%2C_2018-07-23%2C_DD_103.jpg?utm_source=en.wikipedia.org&utm_campaign=api&utm_content=thumbnail
sossusvlei-dead-vlei,Deadvlei,Where is Deadvlei in Sossusvlei?,Namibia,-24.7605,15.2926,8,,A white clay pan surrounded by towering red dunes in the Namib Desert.,https://thumb.wikimedia.org/wikipedia/commons/thumb/c/c0/Dead_Vlei_4.jpg/500px-Dead_Vlei_4.jpg?utm_source=en.wikipedia.org&utm_campaign=api&utm_content=thumbnail
djenne-great-mosque,Great Mosque of Djenné,Where is the Great Mosque of Djenné?,Mali,13.9054,-4.5556,8,,"The largest mud-brick building in the world, located in Mali.",https://thumb.wikimedia.org/wikipedia/commons/thumb/7/75/Djenne_great_mud_mosque.jpg/500px-Djenne_great_mud_mosque.jpg?utm_source=en.wikipedia.org&utm_campaign=api&utm_content=thumbnail
gorée-island-door-of-no-return,Gorée Island,Where is the House of Slaves on Gorée Island?,Senegal,14.667,-17.3974,6,,"A memorial to the Atlantic slave trade, located off the coast of Dakar, Senegal.",https://thumb.wikimedia.org/wikipedia/commons/thumb/5/5c/Ile-de-goree.jpg/500px-Ile-de-goree.jpg?utm_source=en.wikipedia.org&utm_campaign=api&utm_content=thumbnail
stone-town-hurumuzi,House of Wonders,Where is the House of Wonders in Stone Town?,Tanzania,-6.1628,39.1917,5,,"A historic landmark in Zanzibar's Stone Town, a UNESCO World Heritage site.",https://thumb.wikimedia.org/wikipedia/commons/thumb/c/cf/House_of_wonders.jpg/500px-House_of_wonders.jpg?utm_source=en.wikipedia.org&utm_campaign=api&utm_content=thumbnail
leptis-magna,Leptis Magna,Where are the Leptis Magna Ruins?,Libya,32.637,14.2948,8,,"One of the best-preserved Roman cities in the world, located in western Libya.",https://thumb.wikimedia.org/wikipedia/commons/thumb/3/33/Leptis_Magna_%2829%29_%288288918733%29.jpg/500px-Leptis_Magna_%2829%29_%288288918733%29.jpg?utm_source=en.wikipedia.org&utm_campaign=api&utm_content=thumbnail
ol-duvai-gorge,Olduvai Gorge,Where is Olduvai Gorge?,Tanzania,-2.9922,35.3539,8,,An archaeological site in Tanzania where some of the earliest hominid fossils have been found.,https://thumb.wikimedia.org/wikipedia/commons/thumb/7/71/Oldupai-3.jpg/500px-Oldupai-3.jpg?utm_source=en.wikipedia.org&utm_campaign=api&utm_content=thumbnail
thabana-ntlenyana-summit,Thabana Ntlenyana,Where is Thabana Ntlenyana?,Lesotho,-29.4667,29.2667,7,,"The highest point in Southern Africa at 3,482 meters, located in Lesotho.",https://thumb.wikimedia.org/wikipedia/commons/thumb/7/77/Thabana_Ntlenyana.jpeg/500px-Thabana_Ntlenyana.jpeg?utm_source=en.wikipedia.org&utm_campaign=api&utm_content=thumbnail
tsingy-de-bemaraha,Tsingy de Bemaraha,Where are the Tsingy de Bemaraha?,Madagascar,-18.7092,44.7186,8,,Sharp limestone pinnacles formed by erosion in western Madagascar.,https://thumb.wikimedia.org/wikipedia/commons/thumb/2/28/Tsingy_de_Bemaraha_Strict_Nature_Reserve.jpg/500px-Tsingy_de_Bemaraha_Strict_Nature_Reserve.jpg?utm_source=en.wikipedia.org&utm_campaign=api&utm_content=thumbnail
timbuktu-sankore-mosque,Sankore Mosque,Where is the Sankore Mosque in Timbuktu?,Mali,16.7742,-3.0044,6,,"Part of the ancient University of Sankore, a center of Islamic learning in medieval Mali.",https://thumb.wikimedia.org/wikipedia/commons/thumb/1/1d/2007_Sankore_Mosque_Timbuktu_02.jpg/500px-2007_Sankore_Mosque_Timbuktu_02.jpg?utm_source=en.wikipedia.org&utm_campaign=api&utm_content=thumbnail
kilwa-kisiwani-ruins,Kilwa Kisiwani,Where are the Kilwa Kisiwani Ruins?,Tanzania,-8.9603,39.5128,9,,Ruins of a medieval Swahili trading city on an island off Tanzania's coast.,https://thumb.wikimedia.org/wikipedia/commons/thumb/b/b0/Great_Mosque_Kilwa_Interior.jpg/500px-Great_Mosque_Kilwa_Interior.jpg?utm_source=en.wikipedia.org&utm_campaign=api&utm_content=thumbnail
fort-jesus-mombasa,Fort Jesus,Where is Fort Jesus in Mombasa?,Kenya,-4.0622,39.6798,4,,A 16th-century Portuguese fort built to control access to Mombasa harbor.,https://thumb.wikimedia.org/wikipedia/commons/thumb/4/41/Fort_Jesus_at_the_Mombasa_Island.jpg/500px-Fort_Jesus_at_the_Mombasa_Island.jpg?utm_source=en.wikipedia.org&utm_campaign=api&utm_content=thumbnail
ngorongoro-crater-rim,Ngorongoro Crater,Where is the Ngorongoro Crater rim lookout?,Tanzania,-3.1963,35.54,7,African Safari,"The world's largest inactive, intact volcanic caldera, located in Tanzania.",https://thumb.wikimedia.org/wikipedia/commons/thumb/7/76/Ngorongoro-1001-2.jpg/500px-Ngorongoro-1001-2.jpg?utm_source=en.wikipedia.org&utm_campaign=api&utm_content=thumbnail
blyde-river-canyon,Three Rondavels,Where are the Three Rondavels in Blyde River Canyon?,South Africa,-24.5667,30.8167,8,Canyons & Gorges,"Iconic rock formations in one of the largest canyons on Earth, located in Mpumalanga.",https://upload.wikimedia.org/wikipedia/commons/4/47/The_Three_Rondavels%2C_Blyde_River_Canyon.jpg
drakensberg-amphitheatre,Drakensberg Amphitheatre,Where is the Drakensberg Amphitheatre?,South Africa,-28.7278,28.8969,8,,"A massive cliff face in the Drakensberg mountains, one of the world's largest cliff formations.",https://thumb.wikimedia.org/wikipedia/commons/thumb/4/4c/Amphitheatre_Drakensberg.jpg/500px-Amphitheatre_Drakensberg.jpg?utm_source=en.wikipedia.org&utm_campaign=api&utm_content=thumbnail
el-djem-amphitheatre,El Jem Amphitheatre,Where is the El Jem Amphitheatre?,Tunisia,35.2964,10.7066,7,,"One of the best-preserved Roman amphitheaters, built around 238 CE in Tunisia.",https://thumb.wikimedia.org/wikipedia/commons/thumb/5/5d/The_Amphitheatre_of_El_Jem%2C_built_around_AD_238_in_Thysdrus_in_Africa_Proconsularis%2C_the_estimated_capacity_is_35%2C000%2C_Tunisia_-_52717762494.jpg/500px-The_Amphitheatre_of_El_Jem%2C_built_around_AD_238_in_Thysdrus_in_Africa_Proconsularis%2C_the_estimated_capacity_is_35%2C000%2C_Tunisia_-_52717762494.jpg?utm_source=en.wikipedia.org&utm_campaign=api&utm_content=thumbnail
fasil-ghebbi-gondar,Fasil Ghebbi,Where is Fasil Ghebbi?,Ethiopia,12.6083,37.4705,9,,"The royal enclosure of Gondar, Ethiopia, a fortress-city of castles and churches.",https://thumb.wikimedia.org/wikipedia/commons/thumb/8/8f/Fasilides_Palace_01.jpg/500px-Fasilides_Palace_01.jpg?utm_source=en.wikipedia.org&utm_campaign=api&utm_content=thumbnail
mount-cameroon-summit,Mount Cameroon,Where is Mount Cameroon (summit area)?,Cameroon,4.2174,9.17,8,,"West Africa's highest mountain at 4,040 meters, an active volcano in Cameroon.",https://thumb.wikimedia.org/wikipedia/commons/thumb/b/bd/Mount_Cameroon_view_from_Buea_%28Soppo%29.jpg/500px-Mount_Cameroon_view_from_Buea_%28Soppo%29.jpg?utm_source=en.wikipedia.org&utm_campaign=api&utm_content=thumbnail
spitzkoppe,Spitzkoppe,Where is Spitzkoppe?,Namibia,-21.8253,15.1956,8,,A group of bald granite peaks rising dramatically from the Namib Desert plains.,https://thumb.wikimedia.org/wikipedia/commons/thumb/e/e1/Spitzkoppe_year_2006.jpg/500px-Spitzkoppe_year_2006.jpg?utm_source=en.wikipedia.org&utm_campaign=api&utm_content=thumbnail
big-daddy-dune,Big Daddy Dune,Where is Big Daddy Dune?,Namibia,-24.7517,15.3025,9,,"One of the tallest dunes in the world, located in Sossusvlei, Namibia.",https://thumb.wikimedia.org/wikipedia/commons/thumb/2/22/Sossusvlei.jpg/500px-Sossusvlei.jpg?utm_source=en.wikipedia.org&utm_campaign=api&utm_content=thumbnail
timgad-ruins,Timgad Ruins,Where are the Timgad Ruins?,Algeria,35.4897,6.4677,8,,"A Roman colonial town founded by Trajan in 100 CE, known for its well-preserved grid layout.",https://thumb.wikimedia.org/wikipedia/commons/thumb/c/ce/Timgad_%2815685889550%29.jpg/500px-Timgad_%2815685889550%29.jpg?utm_source=en.wikipedia.org&utm_campaign=api&utm_content=thumbnail
naqa-temple,Naqa Temple,Where is the Temple of Amun at Naqa?,Sudan,16.2577,33.2795,9,,"A well-preserved Kushite temple complex in Sudan, built around the 1st century CE.",https://thumb.wikimedia.org/wikipedia/commons/thumb/e/e9/Naqa_Apedamak_temple.jpg/500px-Naqa_Apedamak_temple.jpg?utm_source=en.wikipedia.org&utm_campaign=api&utm_content=thumbnail
djemila-ruins,Djemila Ruins,Where are the Djemila Ruins?,Algeria,36.3208,5.7369,9,,"An ancient Roman settlement in North Africa, a UNESCO World Heritage site.",https://thumb.wikimedia.org/wikipedia/commons/thumb/3/34/Roman_Ruins_of_Djemila_in_S%C3%A9tif%2C_Algeria.jpg/500px-Roman_Ruins_of_Djemila_in_S%C3%A9tif%2C_Algeria.jpg?utm_source=en.wikipedia.org&utm_campaign=api&utm_content=thumbnail
hatshepsut-temple-deir-el-bahari,Hatshepsut Temple,Where is the Mortuary Temple of Hatshepsut?,Egypt,25.738,32.6068,7,,"Located at Deir el-Bahari near Luxor, this terraced temple was built for Pharaoh Hatshepsut.",https://thumb.wikimedia.org/wikipedia/commons/thumb/7/74/Templo_funerario_de_Hatshepsut%2C_Luxor%2C_Egipto%2C_2022-04-03%2C_DD_13.jpg/500px-Templo_funerario_de_Hatshepsut%2C_Luxor%2C_Egipto%2C_2022-04-03%2C_DD_13.jpg?utm_source=en.wikipedia.org&utm_campaign=api&utm_content=thumbnail
temple-of-luxor-east-bank,Luxor Temple,Where is the Luxor Temple?,Egypt,25.6999,32.6396,3,,A large Ancient Egyptian temple complex located on the east bank of the Nile in Luxor.,https://thumb.wikimedia.org/wikipedia/commons/thumb/0/0e/1550_bis_1070_v._Chr._ca._wurde_der_Tempel_von_Luxor_erbaut._01.jpg/500px-1550_bis_1070_v._Chr._ca._wurde_der_Tempel_von_Luxor_erbaut._01.jpg?utm_source=en.wikipedia.org&utm_campaign=api&utm_content=thumbnail
ben-youssef-madrasa-marrakech,Ben Youssef Madrasa,Where is the Ben Youssef Madrasa?,Morocco,31.6315,-7.9897,7,,"A 14th-century Islamic college in Marrakech, renowned for its intricate tilework and carvings.",https://thumb.wikimedia.org/wikipedia/commons/thumb/3/3a/Coranic_School_%28106589859%29.jpeg/500px-Coranic_School_%28106589859%29.jpeg?utm_source=en.wikipedia.org&utm_campaign=api&utm_content=thumbnail
koutoubia-mosque-marrakech,Koutoubia Mosque,Where is the Koutoubia Mosque?,Morocco,31.6243,-7.9934,7,,"Marrakech's most famous landmark, built in the 12th century with a 69-meter minaret.",https://thumb.wikimedia.org/wikipedia/commons/thumb/4/49/Marokko0112_%28retouched%29.jpg/500px-Marokko0112_%28retouched%29.jpg?utm_source=en.wikipedia.org&utm_campaign=api&utm_content=thumbnail
sabratha-ruins-libya,Sabratha Ruins,Where are the Sabratha Ruins?,Libya,32.8051,12.4852,9,,"Ancient Roman city on Libya's Mediterranean coast, known for its stunning theatre.",https://thumb.wikimedia.org/wikipedia/commons/thumb/a/a6/Theatre_of_Sabratha%2C_Libya.jpg/500px-Theatre_of_Sabratha%2C_Libya.jpg?utm_source=en.wikipedia.org&utm_campaign=api&utm_content=thumbnail
emi-koussi-chad,Emi Koussi,Where is Emi Koussi?,Chad,19.7983,18.5333,9,,"Chad's highest mountain and the highest point in the Sahara Desert, a massive shield volcano.",https://thumb.wikimedia.org/wikipedia/commons/thumb/e/ea/Emi_Koussi_Volcano%2C_Chad_From_ISS.JPG/500px-Emi_Koussi_Volcano%2C_Chad_From_ISS.JPG?utm_source=en.wikipedia.org&utm_campaign=api&utm_content=thumbnail
pico-do-fogo-cape-verde,Pico do Fogo,Where is Pico do Fogo?,Cape Verde,14.9506,-24.3428,8,,Cape Verde's highest peak and an active stratovolcano on Fogo Island.,https://thumb.wikimedia.org/wikipedia/commons/thumb/f/f8/Cape_Verde_Pico_do_Fogo_b.jpg/500px-Cape_Verde_Pico_do_Fogo_b.jpg?utm_source=en.wikipedia.org&utm_campaign=api&utm_content=thumbnail
mount-karthala-comoros,Mount Karthala,Where is Mount Karthala?,Comoros,-11.7575,43.3589,7,,An active shield volcano and the highest point in the Comoros archipelago.,https://thumb.wikimedia.org/wikipedia/commons/thumb/8/8e/Mount_Karthala_%2811000398163%29.jpg/500px-Mount_Karthala_%2811000398163%29.jpg?utm_source=en.wikipedia.org&utm_campaign=api&utm_content=thumbnail
island-of-mozambique-fort,Fort São Sebastião,Where is Fort São Sebastião on Ilha de Moçambique?,Mozambique,-15.0361,40.7442,8,,"A 16th-century Portuguese fort on the Island of Mozambique, a UNESCO World Heritage site.",https://upload.wikimedia.org/wikipedia/commons/1/14/Fortaleza_de_S%C3%A3o_Sebasti%C3%A3o_-_detail.jpg
valley-of-queens-luxor,Valley of Queens,Where is the Valley of the Queens?,Egypt,25.7283,32.5956,7,,A burial site for queens and royal children of the 19th and 20th dynasties near Luxor.,https://thumb.wikimedia.org/wikipedia/commons/thumb/0/03/Valley_of_the_Queens_by_Zureks.jpg/500px-Valley_of_the_Queens_by_Zureks.jpg?utm_source=en.wikipedia.org&utm_campaign=api&utm_content=thumbnail
manila-philippines,Manila,"Manila, Philippines 🇵🇭",Philippines,14.5995,120.9842,2,Megacities,"Intramuros, the walled Spanish city built around the Pasig River, was so badly destroyed in 1945 that only one of its original gates, San Luis, still stands.",https://thumb.wikimedia.org/wikipedia/commons/thumb/f/f7/Cityscape_of_Manila%2C_2025_%2801%29.jpg/500px-Cityscape_of_Manila%2C_2025_%2801%29.jpg?utm_source=en.wikipedia.org&utm_campaign=api&utm_content=thumbnail
osaka-japan,Osaka,"Osaka, Japan 🇯🇵",Japan,34.6937,135.5023,1,,"Japan's 'kitchen' is built on eighteen artificial islands and stands where Naniwa stood, the first imperial capital ever recorded by name in writing.",https://thumb.wikimedia.org/wikipedia/commons/thumb/c/ca/Osaka_Castle_03bs3200.jpg/500px-Osaka_Castle_03bs3200.jpg?utm_source=en.wikipedia.org&utm_campaign=api&utm_content=thumbnail
hanoi-vietnam,Hanoi,"Hanoi, Vietnam 🇻🇳",Vietnam,21.0285,105.8542,2,,"Vietnam's capital marked its 1,000th anniversary in 2010, and its Old Quarter still folds away 27 km of alleyways narrow enough for two motorbikes to pass.",https://thumb.wikimedia.org/wikipedia/commons/thumb/8/8e/Hanoi_skyline_with_Ba_Vi_Mountain.jpg/500px-Hanoi_skyline_with_Ba_Vi_Mountain.jpg?utm_source=en.wikipedia.org&utm_campaign=api&utm_content=thumbnail
kuala-lumpur-malaysia,Kuala Lumpur,"Kuala Lumpur, Malaysia 🇲🇾",Malaysia,3.139,101.6869,1,,"Its Petronas Towers held the record for world's tallest buildings from 1998 to 2004, and the city's name simply means the muddy confluence where two rivers meet.",https://thumb.wikimedia.org/wikipedia/commons/thumb/1/1a/Bukit_Bintang_junction_in_2024_2.jpg/500px-Bukit_Bintang_junction_in_2024_2.jpg?utm_source=en.wikipedia.org&utm_campaign=api&utm_content=thumbnail
mecca-saudi-arabia,Mecca,"Mecca, Saudi Arabia 🇸🇦",Saudi Arabia,21.3891,39.8579,1,Middle East,"More than 1.8 million pilgrims circle the Kaaba counter-clockwise five times each Hajj season, inside the largest mosque complex in the world.",https://thumb.wikimedia.org/wikipedia/commons/thumb/3/3f/Great_Mosque_of_Mecca1.jpg/500px-Great_Mosque_of_Mecca1.jpg?utm_source=en.wikipedia.org&utm_campaign=api&utm_content=thumbnail
hiroshima-japan,Hiroshima,"Hiroshima, Japan 🇯🇵",Japan,34.3853,132.4553,3,,"The city's Peace Memorial Park sits on the hypocenter of the 1945 atomic bombing, which killed an estimated 140,000 people by the end of that year.",https://thumb.wikimedia.org/wikipedia/commons/thumb/f/fd/Atomic_Bomb_Dome_and_Motoyaso_River%2C_Hiroshima%2C_Northwest_view_20190417_1.jpg/500px-Atomic_Bomb_Dome_and_Motoyaso_River%2C_Hiroshima%2C_Northwest_view_20190417_1.jpg?utm_source=en.wikipedia.org&utm_campaign=api&utm_content=thumbnail
xian-china,Xi'an,"Xi'an, China 🇨🇳",China,34.3416,108.9398,2,Silk Road,"Xi'an was the capital of thirteen dynasties and the eastern terminus of the Silk Road, whose worn paving stones still surface in the city.",https://thumb.wikimedia.org/wikipedia/commons/thumb/3/32/City_wall_of_Xi%27an_51550-Xian_%2827959363326%29.jpg/500px-City_wall_of_Xi%27an_51550-Xian_%2827959363326%29.jpg?utm_source=en.wikipedia.org&utm_campaign=api&utm_content=thumbnail
kolkata-india,Kolkata,"Kolkata, India 🇮🇳",India,22.5726,88.3639,2,,"Kolkata is the only Indian city where trams still run along main streets, and its humid heat plus grand colonial houses earned it the nickname 'City of Palaces'.",https://thumb.wikimedia.org/wikipedia/commons/thumb/d/d7/Kolkata_maidan.jpg/500px-Kolkata_maidan.jpg?utm_source=en.wikipedia.org&utm_campaign=api&utm_content=thumbnail
jaipur-india,Jaipur,"Jaipur, India 🇮🇳",India,26.9124,75.7873,2,,"Laid out in 1727, Jaipur was India's first planned city, built in a strict nine-square grid of pink sandstone blocks.",https://thumb.wikimedia.org/wikipedia/commons/thumb/4/41/East_facade_Hawa_Mahal_Jaipur_from_ground_level_%28July_2022%29_-_img_01.jpg/500px-East_facade_Hawa_Mahal_Jaipur_from_ground_level_%28July_2022%29_-_img_01.jpg?utm_source=en.wikipedia.org&utm_campaign=api&utm_content=thumbnail
karachi-pakistan,Karachi,"Karachi, Pakistan 🇵🇰",Pakistan,24.8607,67.0011,2,Megacities,"Karachi went from a small fishing village to Pakistan's largest city inside a single century, and its colonial Mohatta Palace now houses the national gallery.",https://thumb.wikimedia.org/wikipedia/commons/thumb/2/20/Clifton_Karachi_View.jpg/500px-Clifton_Karachi_View.jpg?utm_source=en.wikipedia.org&utm_campaign=api&utm_content=thumbnail
damascus-syria,Damascus,"Damascus, Syria 🇸🇾",Syria,33.5138,36.2765,2,Middle East,"Damascus is often called the oldest continuously inhabited city in the world, with layers of settlement stacked directly beneath its modern streets.",https://thumb.wikimedia.org/wikipedia/commons/thumb/5/53/Damascus%2C_Syria%2C_Panoramic_view_of_Damascus.jpg/500px-Damascus%2C_Syria%2C_Panoramic_view_of_Damascus.jpg?utm_source=en.wikipedia.org&utm_campaign=api&utm_content=thumbnail
beirut-lebanon,Beirut,"Beirut, Lebanon 🇱🇧",Lebanon,33.8938,35.5018,2,,"The shell-shattered downtown was rebuilt in the 1990s after fifteen years of civil war, and some bullet-scarred facades were deliberately preserved as memorials.",https://thumb.wikimedia.org/wikipedia/commons/thumb/e/ea/Beyrouth_vue_a%C3%A9rienne.jpg/500px-Beyrouth_vue_a%C3%A9rienne.jpg?utm_source=en.wikipedia.org&utm_campaign=api&utm_content=thumbnail
doha-qatar,Doha,"Doha, Qatar 🇶🇦",Qatar,25.2854,51.531,2,,"The Museum of Islamic Art here was designed entirely by I. M. Pei and reopened in 2023 after seven years of restoration, on its own artificial island.",https://thumb.wikimedia.org/wikipedia/commons/thumb/2/26/The_Pearl_Marina_in_Nov_2013.jpg/500px-The_Pearl_Marina_in_Nov_2013.jpg?utm_source=en.wikipedia.org&utm_campaign=api&utm_content=thumbnail
kathmandu-nepal,Kathmandu,"Kathmandu, Nepal 🇳🇵",Nepal,27.7172,85.324,2,Himalaya,"The Kumari Ghar still houses the living goddess Kumari, who in modern times has never once left the palace during her lifetime.",https://thumb.wikimedia.org/wikipedia/commons/thumb/3/35/Kathmandu-Durbar_Square-06-Mahavishnu-Kuh-Vishnu-Pratapamalla-Jagannath-2007-gje.jpg/500px-Kathmandu-Durbar_Square-06-Mahavishnu-Kuh-Vishnu-Pratapamalla-Jagannath-2007-gje.jpg?utm_source=en.wikipedia.org&utm_campaign=api&utm_content=thumbnail
sapporo-japan,Sapporo,"Sapporo, Japan 🇯🇵",Japan,43.0618,141.3545,2,,"Every February the city hosts the Snow Festival, where crews race to set snow-sculpture records, and it hosted the 1972 Winter Olympics.",https://thumb.wikimedia.org/wikipedia/commons/thumb/5/54/SapporoCity_Skylines2020.jpg/500px-SapporoCity_Skylines2020.jpg?utm_source=en.wikipedia.org&utm_campaign=api&utm_content=thumbnail
amritsar-india,Amritsar,"Amritsar, India 🇮🇳",India,31.634,74.8723,3,,"The Golden Temple's kitchen serves free meals to up to 100,000 people a day, and the city holds India's first Sikh gurdwara beside a well where Guru Nanak is said to have bathed.",https://thumb.wikimedia.org/wikipedia/commons/thumb/e/ea/Golden_Temple_Amritsar_Gurudwara_%28cropped%29.jpg/500px-Golden_Temple_Amritsar_Gurudwara_%28cropped%29.jpg?utm_source=en.wikipedia.org&utm_campaign=api&utm_content=thumbnail
udaipur-india,Udaipur,"Where is Udaipur, the “City of Lakes” known for its white palace on Lake Pichola?",India,24.5854,73.7125,5,,"The white City Palace, still home to the Mewar royal family after four centuries, overlooks Lake Pichola, an artificial island made by damming a valley in the 14th century.",https://thumb.wikimedia.org/wikipedia/commons/thumb/6/6f/Evening_view%2C_City_Palace%2C_Udaipur.jpg/500px-Evening_view%2C_City_Palace%2C_Udaipur.jpg?utm_source=en.wikipedia.org&utm_campaign=api&utm_content=thumbnail
kanyakumari-india,Kanyakumari,"Where is Kanyakumari, where three seas meet at the southern tip of a subcontinent?",India,8.0883,77.5385,6,,"At India's southern tip, where the Arabian Sea, the Bay of Bengal and the Indian Ocean meet, a Vivekananda Rock Memorial honors the spot where the sage is said to have meditated in 1892.",https://thumb.wikimedia.org/wikipedia/commons/thumb/5/5b/Vivekananda_Rock_Memorial%2C_Kanyakumari.jpg/500px-Vivekananda_Rock_Memorial%2C_Kanyakumari.jpg?utm_source=en.wikipedia.org&utm_campaign=api&utm_content=thumbnail
medina-saudi-arabia,Medina,"Medina, Saudi Arabia 🇸🇦",Saudi Arabia,24.5247,39.5692,3,,"The Prophet's Mosque here was the first mosque built under Muslim rule in Arabia, and its courtyards were expanded so often that they now nest inside one another.",https://thumb.wikimedia.org/wikipedia/commons/thumb/0/0e/Al-Masjid_An-Nabawi_%28Bird%27s_Eye_View%29.jpg/500px-Al-Masjid_An-Nabawi_%28Bird%27s_Eye_View%29.jpg?utm_source=en.wikipedia.org&utm_campaign=api&utm_content=thumbnail
isfahan-iran,Isfahan,"Isfahan, Iran 🇮🇷",Iran,32.6546,51.668,4,Silk Road,"Its Imam Square once covered more ground than Rome's Piazza San Marco, and the Safavid capital's blue-tiled mausoleums still run with water from fountains that worked for centuries.",https://thumb.wikimedia.org/wikipedia/commons/thumb/0/0c/Naghshe_jahan_01.jpg/500px-Naghshe_jahan_01.jpg?utm_source=en.wikipedia.org&utm_campaign=api&utm_content=thumbnail
amman-jordan,Amman,"Amman, Jordan 🇯🇴",Jordan,31.9454,35.9284,3,,"Amman's downtown sits seven levels below today's street, where a Roman theatre cut for 6,000 spectators was carved straight into the hillside above it.",https://thumb.wikimedia.org/wikipedia/commons/thumb/2/24/New_Abdali_2024.png/500px-New_Abdali_2024.png?utm_source=en.wikipedia.org&utm_campaign=api&utm_content=thumbnail
phnom-penh-cambodia,Phnom Penh,"Phnom Penh, Cambodia 🇰🇭",Cambodia,11.5564,104.9282,3,,"The Royal Palace stands where a bridge was thrown across the Mekong in the 1440s by pre-Angkorian kings, and the Killing Fields nearby hold the graves of over 17,000 people killed from 1975 to 1979.",https://thumb.wikimedia.org/wikipedia/commons/thumb/8/84/Phnom_Penh_skyline_from_TK_district_Dec_2024.jpg/500px-Phnom_Penh_skyline_from_TK_district_Dec_2024.jpg?utm_source=en.wikipedia.org&utm_campaign=api&utm_content=thumbnail
male-maldives,Malé,"Malé, Maldives 🇲🇻",Maldives,4.1755,73.5093,4,Island Nations,"The world's most densely populated capital is squeezed onto a coral strip under 2 km long, and every seawall it builds pushes the atoll's edge further into the Indian Ocean.",https://thumb.wikimedia.org/wikipedia/commons/thumb/8/83/Mal%C3%A9.jpg/500px-Mal%C3%A9.jpg?utm_source=en.wikipedia.org&utm_campaign=api&utm_content=thumbnail
george-town-malaysia,George Town,"George Town, Malaysia 🇲🇾",Malaysia,5.4141,100.3288,5,Colonial Towns,"Penang's clan jetties have stood on stilts above the water for more than two centuries, and the UNESCO zone of 18th-century timber shophouses is one of Southeast Asia's largest.",https://thumb.wikimedia.org/wikipedia/commons/thumb/6/65/Skyline_of_George_Town%2C_Penang_at_night_Nov2024-29-17.jpg/500px-Skyline_of_George_Town%2C_Penang_at_night_Nov2024-29-17.jpg?utm_source=en.wikipedia.org&utm_campaign=api&utm_content=thumbnail
dili-timor-leste,Dili,"Dili, Timor-Leste 🇹🇱",Timor-Leste,-8.5569,125.5603,5,,"Portuguese tile roofs, pastel houses and Catholic plazas line this crescent bay, and a dozen mass graves found after 1998 hold more than 10,000 bodies.",https://thumb.wikimedia.org/wikipedia/commons/thumb/7/77/Government_Palace%2C_Dili%2C_2023_%2802%29.jpg/500px-Government_Palace%2C_Dili%2C_2023_%2802%29.jpg?utm_source=en.wikipedia.org&utm_campaign=api&utm_content=thumbnail
vladivostok-russia,Vladivostok,"Vladivostok, Russia 🇷🇺",Russia,43.1332,131.9113,2,,"A Soviet decree kept foreigners out until 1992, and the city's terminus anchors the 9,289 km Trans-Siberian Railway, the longest in the world.",https://thumb.wikimedia.org/wikipedia/commons/thumb/6/62/Vladivostok._GUM_Department_Store_P8070703_2200.jpg/500px-Vladivostok._GUM_Department_Store_P8070703_2200.jpg?utm_source=en.wikipedia.org&utm_campaign=api&utm_content=thumbnail
van-turkey,Van,"Where is the lakeside city of Van, overlooked by an ancient citadel?",Turkey,38.5017,43.4089,6,,"Lake Ercek sits nearly 1,190 m above sea level beside the city, and the Urartian citadel of Toprakkale still stands on a rock just offshore.",https://thumb.wikimedia.org/wikipedia/commons/thumb/1/1a/2018_Ford_Transit_Custom_300_Base_2.0_facelift.jpg/500px-2018_Ford_Transit_Custom_300_Base_2.0_facelift.jpg?utm_source=en.wikipedia.org&utm_campaign=api&utm_content=thumbnail
kandahar-afghanistan,Kandahar,"Kandahar, Afghanistan 🇦🇫",Afghanistan,31.6289,65.7372,4,,"Founded by Alexander's veterans as a market town, Kandahar's walls still carry two talisman-studded gate bosses driven into them after Nadir Shah's 1737 sack.",https://thumb.wikimedia.org/wikipedia/commons/thumb/1/1b/Aerial_view_of_a_section_of_Kandahar_in_2013.jpg/500px-Aerial_view_of_a_section_of_Kandahar_in_2013.jpg?utm_source=en.wikipedia.org&utm_campaign=api&utm_content=thumbnail
leh-india,Leh,"Where is Leh, the high-altitude former caravan hub in the Indus Valley?",India,34.1526,77.5771,5,Himalaya,"This Ladakh capital stands at 3,500 m on a flood plain between bare mountains, and the road in from Srinagar is open only from late May to October.",https://thumb.wikimedia.org/wikipedia/commons/thumb/4/4d/Leh_City_seen_from_Shanti_Stupa.JPG/500px-Leh_City_seen_from_Shanti_Stupa.JPG?utm_source=en.wikipedia.org&utm_campaign=api&utm_content=thumbnail
luang-prabang-laos,Luang Prabang,"Where is Luang Prabang, the former royal capital at the meeting of the Mekong and Nam Khan rivers?",Laos,19.8867,102.135,6,Great Rivers; Southeast Asia,"Gold-roofed temples and the former royal palace sit on a peninsula where the Mekong and Nam Khan rivers meet, and the town's main street has been kept free of cars.",https://thumb.wikimedia.org/wikipedia/commons/thumb/f/f7/Phou_si_Luang_Prabang_Laos_%E3%83%97%E3%83%BC%E3%82%B7%E3%83%BC%E3%81%AE%E4%B8%98_%E3%83%A9%E3%82%AA%E3%82%B9%E3%83%BB%E3%83%AB%E3%82%A2%E3%83%B3%E3%83%97%E3%83%A9%E3%83%90%E3%83%BC%E3%83%B3_DSCF6777.jpg/500px-Phou_si_Luang_Prabang_Laos_%E3%83%97%E3%83%BC%E3%82%B7%E3%83%BC%E3%81%AE%E4%B8%98_%E3%83%A9%E3%82%AA%E3%82%B9%E3%83%BB%E3%83%AB%E3%82%A2%E3%83%B3%E3%83%97%E3%83%A9%E3%83%90%E3%83%BC%E3%83%B3_DSCF6777.jpg?utm_source=en.wikipedia.org&utm_campaign=api&utm_content=thumbnail
shigatse-tibet,Shigatse,"Where is Shigatse, home to Tashilhunpo Monastery and the Panchen Lamas?",China,29.2669,88.8808,6,Himalaya,"Shigatse's Tashilhunpo Monastery, seat of the Panchen Lamas, holds China's largest gilded Buddha statue and stands across the Tsangpo River from the old town.",https://thumb.wikimedia.org/wikipedia/commons/thumb/1/19/Shigatse_Dzong.jpg/500px-Shigatse_Dzong.jpg?utm_source=en.wikipedia.org&utm_campaign=api&utm_content=thumbnail
forbidden-city-beijing,Forbidden City,"Forbidden City, China 🇨🇳",China,39.9163,116.3972,2,,"Ming and Qing emperors lived inside these walls from 1420 to 1924, and the surviving complex still covers 72 hectares across some 980 buildings.",https://thumb.wikimedia.org/wikipedia/commons/thumb/e/ef/The_Forbidden_City_-_View_from_Coal_Hill.jpg/500px-The_Forbidden_City_-_View_from_Coal_Hill.jpg?utm_source=en.wikipedia.org&utm_campaign=api&utm_content=thumbnail
sultan-ahmed-mosque,Blue Mosque,Where does a six-minaret mosque glow blue over Istanbul's old city?,Turkey,41.0055,28.9769,2,,"Built 1609-1616 for Sultan Ahmed I, its interior is lined with more than 20,000 İznik tiles, and it was designed to rival Hagia Sophia just across the square.",https://upload.wikimedia.org/wikipedia/commons/2/2e/Sultan_Ahmed_Mosque_Front_Fa%C3%A7ade_and_Southern_Minaret%2C_2024.jpg
topkapi-palace,Topkapi Palace,"Topkapi Palace, Turkey 🇹🇷",Turkey,41.0138,28.9833,3,,"From these ramparts the Janissaries' bodies were flung onto the city below, and the palace harem keeps relics said to have belonged to the Prophet Muhammad.",https://thumb.wikimedia.org/wikipedia/commons/thumb/0/06/Topkap%C4%B1_-_01.jpg/500px-Topkap%C4%B1_-_01.jpg?utm_source=en.wikipedia.org&utm_campaign=api&utm_content=thumbnail
gyeongbokgung-palace,Gyeongbokgung,"Gyeongbokgung, South Korea 🇰🇷",South Korea,37.5796,126.977,4,,"Rebuilt in 1865 after the first palace burned down, its changing of the guard ceremony still recreates the 15th-century ritual of the Joseon kings.",https://thumb.wikimedia.org/wikipedia/commons/thumb/6/63/%EA%B4%91%ED%99%94%EB%AC%B8_%EC%9B%94%EB%8C%80.jpg/500px-%EA%B4%91%ED%99%94%EB%AC%B8_%EC%9B%94%EB%8C%80.jpg?utm_source=en.wikipedia.org&utm_campaign=api&utm_content=thumbnail
borobudur,Borobudur,"Borobudur, Indonesia 🇮🇩",Indonesia,-7.6079,110.2038,6,Southeast Asia,"Built in the 8th-9th century, it wraps 2,672 relief panels around nine stacked platforms, and work stopped in 1006 when the volcano erupted and buried the site.",https://thumb.wikimedia.org/wikipedia/commons/thumb/2/25/Pradaksina.jpg/500px-Pradaksina.jpg?utm_source=en.wikipedia.org&utm_campaign=api&utm_content=thumbnail
leshan-giant-buddha,Leshan Giant Buddha,"Leshan Giant Buddha, China 🇨🇳",China,29.563,103.7667,7,,"Cut between 1001 and 1153, the figure is so large that a Song emperor once considered damming the river to drown it, and it still holds its own stone umbrella against the weather.",https://thumb.wikimedia.org/wikipedia/commons/thumb/4/4c/36275-Leshan_%2849067653383%29.jpg/500px-36275-Leshan_%2849067653383%29.jpg?utm_source=en.wikipedia.org&utm_campaign=api&utm_content=thumbnail
ha-long-bay,Ha Long Bay,"Ha Long Bay, Vietnam 🇻🇳",Vietnam,20.9101,107.1839,4,Southeast Asia,"Marine paleontologists once proposed pouring fossil fuel into these caves to date the world's oldest tropical limestone, and no one has found a better explanation for the karsts' odd chemistry.",https://thumb.wikimedia.org/wikipedia/commons/thumb/7/79/Ha_Long_Bay_in_2019.jpg/500px-Ha_Long_Bay_in_2019.jpg?utm_source=en.wikipedia.org&utm_campaign=api&utm_content=thumbnail
amber-fort-jaipur,Amber Fort,"Amber Fort, India 🇮🇳",India,26.9855,75.8513,5,,"Amber Fort was built with one of the world's earliest formal gardens, laid out in the same nine-square pattern as the planned city that grew below it.",https://thumb.wikimedia.org/wikipedia/commons/thumb/f/fb/20191219_Fort_Amber%2C_Amer%2C_Jaipur_0955_9481.jpg/500px-20191219_Fort_Amber%2C_Amer%2C_Jaipur_0955_9481.jpg?utm_source=en.wikipedia.org&utm_campaign=api&utm_content=thumbnail
fushimi-inari-taisha,Fushimi Inari,"Fushimi Inari, Japan 🇯🇵",Japan,34.9671,135.7727,3,,"Every gate is a donation from a Japanese company, which is why the tunnels never end, and the shrines at the summit are said to grant prosperity in trading.",https://thumb.wikimedia.org/wikipedia/commons/thumb/0/0e/Torii_path_with_lantern_at_Fushimi_Inari_Taisha_Shrine%2C_Kyoto%2C_Japan.jpg/500px-Torii_path_with_lantern_at_Fushimi_Inari_Taisha_Shrine%2C_Kyoto%2C_Japan.jpg?utm_source=en.wikipedia.org&utm_campaign=api&utm_content=thumbnail
registan-samarkand,Registan,"Registan, Uzbekistan 🇺🇿",Uzbekistan,39.6547,66.9758,7,Silk Road,"The square's buildings date from the 1400s to the 1600s, and beside it stood Ulugh Beg's observatory, which measured the length of the year to within a second.",https://thumb.wikimedia.org/wikipedia/commons/thumb/8/8c/RegistanSquare_Samarkand.jpg/500px-RegistanSquare_Samarkand.jpg?utm_source=en.wikipedia.org&utm_campaign=api&utm_content=thumbnail
mogao-caves-dunhuang,Mogao Caves,"Mogao Caves, China 🇨🇳",China,40.1428,94.6618,8,Silk Road,"The caves were sealed for a thousand years when sand blew into the library cave, which preserved tens of thousands of scroll paintings dry.",https://thumb.wikimedia.org/wikipedia/commons/thumb/9/9e/Mogao_Caves_%2854376969262%29.jpg/500px-Mogao_Caves_%2854376969262%29.jpg?utm_source=en.wikipedia.org&utm_campaign=api&utm_content=thumbnail
potala-palace-lhasa,Potala Palace,"Potala Palace, China 🇨🇳",China,29.6579,91.117,5,Himalaya,"The palace was fired in 1959 and rebuilt from the walls that survived, while thousands of monks and nuns had already been expelled from the city.",https://thumb.wikimedia.org/wikipedia/commons/thumb/b/b6/Potala_Palace_HQ.jpg/500px-Potala_Palace_HQ.jpg?utm_source=en.wikipedia.org&utm_campaign=api&utm_content=thumbnail
mount-kinabalu,Mount Kinabalu,"Mount Kinabalu, Malaysia 🇲🇾",Malaysia,6.1885,116.5503,7,,"At 4,095 m Kinabalu's bare granite summit sits on a still-uplifting fault block, and glaciers that once covered it have been gone since the last ice age.",https://thumb.wikimedia.org/wikipedia/commons/thumb/5/5d/Kinabalu_Sabah_Borneo_Kampong_Kundasang_panorama_2.jpg/500px-Kinabalu_Sabah_Borneo_Kampong_Kundasang_panorama_2.jpg?utm_source=en.wikipedia.org&utm_campaign=api&utm_content=thumbnail
sigiriya,Sigiriya,"Sigiriya, Sri Lanka 🇱🇰",Sri Lanka,7.957,80.7603,5,,"The Lion Rock's terraces hold a fresco of a 'cloud woman' nearly identical to one painted at an Indian temple, and the two designs are thought to share a single source.",https://thumb.wikimedia.org/wikipedia/commons/thumb/e/e6/Sigiriya_%28141688197%29.jpeg/500px-Sigiriya_%28141688197%29.jpeg?utm_source=en.wikipedia.org&utm_campaign=api&utm_content=thumbnail
bagan-myanmar,Bagan,"Bagan, Myanmar 🇲🇲",Myanmar,21.1717,94.8585,8,Southeast Asia,"The temples of Bagan were built between 1001 and 1287 on money raised by 10,000 donor inscriptions carved into the sandalwood slabs now kept in museums.",https://thumb.wikimedia.org/wikipedia/commons/thumb/8/89/Bagan%2C_Burma.jpg/500px-Bagan%2C_Burma.jpg?utm_source=en.wikipedia.org&utm_campaign=api&utm_content=thumbnail
darvaza-gas-crater,Darvaza Crater,"Darvaza Crater, Turkmenistan 🇹🇲",Turkmenistan,40.2526,58.4396,8,,Soviet geologists lit this natural gas well alight in 1971 expecting it to burn out in weeks; the crater is a 70 m pit of flame that has never gone out.,https://thumb.wikimedia.org/wikipedia/commons/thumb/8/8a/Darvasa_gas_crater_panorama.jpg/500px-Darvasa_gas_crater_panorama.jpg?utm_source=en.wikipedia.org&utm_campaign=api&utm_content=thumbnail
flaming-cliffs-bayanzag,Flaming Cliffs,"Flaming Cliffs, Mongolia 🇲🇳",Mongolia,44.15,103.3667,9,,"The orange sandstone of Bayanzag burned red at dusk long before it was named, and dinosaur skeletons excavated in the 1920s made the site famous for fossils as well.",https://thumb.wikimedia.org/wikipedia/commons/thumb/d/d7/Flaming_cliffs_5.jpg/500px-Flaming_cliffs_5.jpg?utm_source=en.wikipedia.org&utm_campaign=api&utm_content=thumbnail
gobekli-tepe,Göbekli Tepe,"Göbekli Tepe, Turkey 🇹🇷",Turkey,37.2233,38.9226,8,Ancient Ruins,"Hunter-gatherers, not farmers, raised this hilltop of enclosures around 9600 BC, which upset the idea that settled agriculture had to come first, and the site was deliberately buried by hand.",https://thumb.wikimedia.org/wikipedia/commons/thumb/d/d5/G%C3%B6bekli_Tepe%2C_Urfa.jpg/500px-G%C3%B6bekli_Tepe%2C_Urfa.jpg?utm_source=en.wikipedia.org&utm_campaign=api&utm_content=thumbnail
mohenjo-daro,Mohenjo-daro,"Mohenjo-daro, Pakistan 🇵🇰",Pakistan,27.3298,68.1278,8,Ancient Ruins,"The Indus metropolis on this mound was abandoned with no sign of warfare, and its drains were laid so carefully that a thousand years of traffic found no need for repairs.",https://thumb.wikimedia.org/wikipedia/commons/thumb/0/03/Mohenjodaro_-_view_of_the_stupa_mound.JPG/500px-Mohenjodaro_-_view_of_the_stupa_mound.JPG?utm_source=en.wikipedia.org&utm_campaign=api&utm_content=thumbnail
persepolis,Persepolis,"Persepolis, Iran 🇮🇷",Iran,29.9356,52.8916,6,Ancient Ruins; Middle East,"This ceremonial capital of the Achaemenid empire was burned by Alexander in 330 BC, yet its gate, treasury columns and audience-hall stairs survive almost intact.",https://thumb.wikimedia.org/wikipedia/commons/thumb/5/5c/2018-09-21_Iran%2C_Persepolis%2C_Tachara_%28from_the_southeast%29.jpg/500px-2018-09-21_Iran%2C_Persepolis%2C_Tachara_%28from_the_southeast%29.jpg?utm_source=en.wikipedia.org&utm_campaign=api&utm_content=thumbnail
nalanda-bihar,Nalanda,"Nalanda, India 🇮🇳",India,25.1367,85.4433,7,,"This monastery complex in Bihar ran for 700 years, and Chinese pilgrims who studied here carried its ideas home long before the Arabic al-khwarizmi made 'zero' a term Europe would adopt.",https://thumb.wikimedia.org/wikipedia/commons/thumb/d/dd/Temple_No.-_3%2C_Nalanda_Archaeological_Site.jpg/500px-Temple_No.-_3%2C_Nalanda_Archaeological_Site.jpg?utm_source=en.wikipedia.org&utm_campaign=api&utm_content=thumbnail
fatehpur-sikri,Fatehpur Sikri,"Fatehpur Sikri, India 🇮🇳",India,27.1909,77.67,6,,"The Mughal emperor left this ghost city when the water ran out, and its Buland Darwaza triumphal gate is still the tallest gateway in the world.",https://thumb.wikimedia.org/wikipedia/commons/thumb/b/b5/Fatehput_Sikiri_Buland_Darwaza_gate_2010.jpg/500px-Fatehput_Sikiri_Buland_Darwaza_gate_2010.jpg?utm_source=en.wikipedia.org&utm_campaign=api&utm_content=thumbnail
polonnaruwa-sri-lanka,Polonnaruwa,"Polonnaruwa, Sri Lanka 🇱🇰",Sri Lanka,7.7409,81.0184,6,,"Sri Lanka's second ancient capital has the Gal Potha, an 8 m stone 'book' that was struck by lightning and toppled in the 1600s, and its elephants still step out of their own shadows.",https://thumb.wikimedia.org/wikipedia/commons/thumb/d/d1/Polonnaruwa_01.jpg/500px-Polonnaruwa_01.jpg?utm_source=en.wikipedia.org&utm_campaign=api&utm_content=thumbnail
marco-polo-bridge,Marco Polo Bridge,"Marco Polo Bridge, China 🇨🇳",China,39.8497,116.2136,5,,"A patrol of Japanese troops was refused entry to this Beijing bridge and a firefight began, and the Chinese still keep the old guardhouse as a memorial to the dead.",https://thumb.wikimedia.org/wikipedia/commons/thumb/2/22/Lugouqiao-2014.jpg/500px-Lugouqiao-2014.jpg?utm_source=en.wikipedia.org&utm_campaign=api&utm_content=thumbnail
son-doong-vietnam,Son Doong,"Son Doong, Vietnam 🇻🇳",Vietnam,17.5313,106.0967,7,,"The largest known cave passage system on Earth lay unexplored until 1991, when a climber squeezed through the entrance hole that a sinkhole in Laos had opened into its roof.",https://thumb.wikimedia.org/wikipedia/commons/thumb/5/51/Son_Doong_Cave_5.jpg/500px-Son_Doong_Cave_5.jpg?utm_source=en.wikipedia.org&utm_campaign=api&utm_content=thumbnail
kharkhorin-mongolia,Kharkhorin,"Kharkhorin, Mongolia 🇲🇳",Mongolia,47.1947,102.8231,9,,"On the Orkhon River the city of Karakorum was raised from Buddhist sculptures and building material taken from Buddhist monuments, then abandoned after one summer of use.",https://thumb.wikimedia.org/wikipedia/commons/thumb/4/41/View_of_Kharkhorin.jpg/500px-View_of_Kharkhorin.jpg?utm_source=en.wikipedia.org&utm_campaign=api&utm_content=thumbnail
dholavira-india,Dholavira,"Dholavira, India 🇮🇳",India,23.8874,70.2136,9,,"Dholavira's excavators found a stone signboard of painted jars, a stone water-harvesting ring and a fortification that held for centuries, all on an island in Gujarat's Gulf of Kachchh.",https://thumb.wikimedia.org/wikipedia/commons/thumb/8/89/DHOLAVIRA_SITE_%2824%29.jpg/500px-DHOLAVIRA_SITE_%2824%29.jpg?utm_source=en.wikipedia.org&utm_campaign=api&utm_content=thumbnail
yolyn-am-mongolia,Yolyn Am,"Yolyn Am, Mongolia 🇲🇳",Mongolia,43.5003,104.0974,9,,"The red rocks of this 'Flaming Wall' have given up dozens of dinosaur fossils since the 1920s, and the site is now closed to everyone but scientists for fear of theft.",https://upload.wikimedia.org/wikipedia/commons/1/1d/Yoliinam.jpg?utm_source=en.wikipedia.org&utm_campaign=api&utm_content=thumbnail_unscaled
ak-baital-pass,Ak-Baital Pass,"Ak-Baital Pass, Tajikistan 🇹🇯",Tajikistan,38.2833,73.5,9,Silk Road,"At 4,655 m this is the highest point on the road from Kashgar to Dushanbe, and in winter the pass is closed entirely as ice cliffs hang over the tarmac.",https://thumb.wikimedia.org/wikipedia/commons/thumb/3/3d/Ak_Baital_Pass_2.jpg/500px-Ak_Baital_Pass_2.jpg?utm_source=en.wikipedia.org&utm_campaign=api&utm_content=thumbnail
lo-manthang-nepal,Lo Manthang,"Lo Manthang, Nepal 🇳🇵",Nepal,29.1848,83.9591,9,Himalaya,"This plateau town in Mustang is the old capital of the walled Himalayan kingdom of Lo, whose king married a Chinese princess in 1951 after generations of border hostility.",https://thumb.wikimedia.org/wikipedia/commons/thumb/0/00/Lomangthang.jpg/500px-Lomangthang.jpg?utm_source=en.wikipedia.org&utm_campaign=api&utm_content=thumbnail
lothal-india,Lothal,"Lothal, India 🇮🇳",India,22.5227,72.2493,8,,"This Indus town on Gujarat's coast was among the world's earliest planned cities, and its tidal dockyard is built from bricks stamped with the year they were fired.",https://thumb.wikimedia.org/wikipedia/commons/thumb/3/30/The_drainage_system_at_Lothal_2.JPG/500px-The_drainage_system_at_Lothal_2.JPG?utm_source=en.wikipedia.org&utm_campaign=api&utm_content=thumbnail
adams-bridge,Adam's Bridge,"Adam's Bridge, India 🇮🇳",India,9.14,79.2,6,,"The 80 km chain of shoals between India and Sri Lanka is described as a natural bridge in the Ramayana, but sonar surveys found no channel deep enough for stone piers.",https://thumb.wikimedia.org/wikipedia/commons/thumb/e/ea/Adams_Bridge_aerial.jpg/500px-Adams_Bridge_aerial.jpg?utm_source=en.wikipedia.org&utm_campaign=api&utm_content=thumbnail
madrid-spain,Madrid,"Madrid, Spain 🇪🇸",Spain,40.4168,-3.7038,1,,"Madrid's Puerta del Sol is the literal zero point of Spain's whole road and rail network, so every kilometre in the country is measured outward from it.",https://thumb.wikimedia.org/wikipedia/commons/thumb/1/14/Madrid_-_Sky_Bar_360%C2%BA_%28Hotel_Riu_Plaza_Espa%C3%B1a%29%2C_vistas_19.jpg/500px-Madrid_-_Sky_Bar_360%C2%BA_%28Hotel_Riu_Plaza_Espa%C3%B1a%29%2C_vistas_19.jpg?utm_source=en.wikipedia.org&utm_campaign=api&utm_content=thumbnail
florence-italy,Florence,"Florence, Italy 🇮🇹",Italy,43.7696,11.2558,2,,Florence's Arno flooded in 1552 and legend says shoemakers soaked their leather hides overnight to raise the river and drown the plague victims in its mud.,https://thumb.wikimedia.org/wikipedia/commons/thumb/3/3a/Firenze_-_Piazzale_Michelangelo%2C_Firenze%2C_Italy_-_April_6%2C_2015_02.jpg/500px-Firenze_-_Piazzale_Michelangelo%2C_Firenze%2C_Italy_-_April_6%2C_2015_02.jpg?utm_source=en.wikipedia.org&utm_campaign=api&utm_content=thumbnail
lisbon-portugal,Lisbon,"Lisbon, Portugal 🇵🇹",Portugal,38.7223,-9.1393,1,,"Lisbon is the westernmost capital of the European Union, so every sunset there is the last sunset of the EU.",https://thumb.wikimedia.org/wikipedia/commons/thumb/f/f2/Lisboa_-_Portugal_%2852597836992%29.jpg/500px-Lisboa_-_Portugal_%2852597836992%29.jpg?utm_source=en.wikipedia.org&utm_campaign=api&utm_content=thumbnail
budapest-hungary,Budapest,"Budapest, Hungary 🇭🇺",Hungary,47.4979,19.0402,2,,"Budapest sits on more than a hundred thermal springs, and the Romans bathed in them at Aquincum nearly two thousand years ago.",https://thumb.wikimedia.org/wikipedia/commons/thumb/5/53/View_from_Gell%C3%A9rt_Hill_to_the_Danube%2C_Hungary_-_Budapest_%2828493220635%29.jpg/500px-View_from_Gell%C3%A9rt_Hill_to_the_Danube%2C_Hungary_-_Budapest_%2828493220635%29.jpg?utm_source=en.wikipedia.org&utm_campaign=api&utm_content=thumbnail
warsaw-poland,Warsaw,"Warsaw, Poland 🇵🇱",Poland,52.2297,21.0122,2,,"After 1944 the Nazis blew up about 85% of Warsaw and left it standing in ruins, so almost everything you see today was rebuilt brick by brick.",https://thumb.wikimedia.org/wikipedia/commons/thumb/3/35/Aleja_Niepdleglosci_Warsaw_2022_aerial_%28cropped%29.jpg/500px-Aleja_Niepdleglosci_Warsaw_2022_aerial_%28cropped%29.jpg?utm_source=en.wikipedia.org&utm_campaign=api&utm_content=thumbnail
stockholm-sweden,Stockholm,"Stockholm, Sweden 🇸🇪",Sweden,59.3293,18.0686,2,,"Stockholm is spread across fourteen islands stitched together by around thirty bridges, which is why it is called the Venice of the North.",https://thumb.wikimedia.org/wikipedia/commons/thumb/5/5e/Royal_Dramatic_Theatre_Stockholm.jpg/500px-Royal_Dramatic_Theatre_Stockholm.jpg?utm_source=en.wikipedia.org&utm_campaign=api&utm_content=thumbnail
kyiv-ukraine,Kyiv,"Kyiv, Ukraine 🇺🇦",Ukraine,50.4501,30.5234,2,Great Rivers,Kyiv's Monastery of the Caves preserves the world's first ever recorded jump: in 1086 a monk leapt from a church tower and survived to write it down.,https://thumb.wikimedia.org/wikipedia/commons/thumb/b/b2/%D0%91%D1%83%D0%B4%D0%B8%D0%BD%D0%BE%D0%BA_%D0%B7_%D1%85%D0%B8%D0%BC%D0%B5%D1%80%D0%B0%D0%BC%D0%B8%2C_%D1%81%D0%B5%D1%80%D0%BF%D0%B5%D0%BD%D1%8C_2019.jpg/500px-%D0%91%D1%83%D0%B4%D0%B8%D0%BD%D0%BE%D0%BA_%D0%B7_%D1%85%D0%B8%D0%BC%D0%B5%D1%80%D0%B0%D0%BC%D0%B8%2C_%D1%81%D0%B5%D1%80%D0%BF%D0%B5%D0%BD%D1%8C_2019.jpg?utm_source=en.wikipedia.org&utm_campaign=api&utm_content=thumbnail
saint-petersburg-russia,Saint Petersburg,"Saint Petersburg, Russia 🇷🇺",Russia,59.9311,30.3609,1,,"Saint Petersburg was built on a swamp of more than a hundred islands, with millions of oak logs driven into the marsh to shore up its foundations.",https://thumb.wikimedia.org/wikipedia/commons/thumb/4/41/Spb_06-2017_img20_StMichael_Castle_%28cropped%29.jpg/500px-Spb_06-2017_img20_StMichael_Castle_%28cropped%29.jpg?utm_source=en.wikipedia.org&utm_campaign=api&utm_content=thumbnail
munich-germany,Munich,"Munich, Germany 🇩🇪",Germany,48.1351,11.582,1,,"Munich's oldest beer rules date to 1487, and Hofbrauhaus has been brewing to them without interruption since 1589.",https://thumb.wikimedia.org/wikipedia/commons/thumb/d/d3/Stadtbild_M%C3%BCnchen.jpg/500px-Stadtbild_M%C3%BCnchen.jpg?utm_source=en.wikipedia.org&utm_campaign=api&utm_content=thumbnail
naples-italy,Naples,"Naples, Italy 🇮🇹",Italy,40.8518,14.2681,2,,"Naples holds the world's oldest pizzeria still cooking in its original wood oven, Antica Pizzeria Port'Alba, fired since 1538.",https://thumb.wikimedia.org/wikipedia/commons/thumb/8/88/Napoli_-_Maschio_Angioino_-_202209302342_3.jpg/500px-Napoli_-_Maschio_Angioino_-_202209302342_3.jpg?utm_source=en.wikipedia.org&utm_campaign=api&utm_content=thumbnail
seville-spain,Seville,"Seville, Spain 🇪🇸",Spain,37.3891,-5.9845,2,,"Seville's Giralda tower began life as the minaret of the Almohad mosque, and its bell was rung as a city alarm from the twelfth century on.",https://thumb.wikimedia.org/wikipedia/commons/thumb/2/2b/Sevilla_Cathedral_-_Southeast.jpg/500px-Sevilla_Cathedral_-_Southeast.jpg?utm_source=en.wikipedia.org&utm_campaign=api&utm_content=thumbnail
porto-portugal,Porto,"Porto, Portugal 🇵🇹",Portugal,41.1579,-8.6291,3,Wine Country,Port wine takes its name from Porto but was never made there; it is blended and aged in the lodges of Vila Nova de Gaia across the Douro.,https://thumb.wikimedia.org/wikipedia/commons/thumb/e/e5/Puente_Don_Luis_I%2C_Oporto%2C_Portugal%2C_2012-05-09%2C_DD_13.JPG/500px-Puente_Don_Luis_I%2C_Oporto%2C_Portugal%2C_2012-05-09%2C_DD_13.JPG?utm_source=en.wikipedia.org&utm_campaign=api&utm_content=thumbnail
brussels-belgium,Brussels,"Brussels, Belgium 🇧🇪",Belgium,50.8503,4.3517,2,,"Brussels gave the world the Brussels sprout, and for centuries English speakers called the vegetable by the city's name before the French did.",https://thumb.wikimedia.org/wikipedia/commons/thumb/a/ae/Grand_Place_Bruselas_2.jpg/500px-Grand_Place_Bruselas_2.jpg?utm_source=en.wikipedia.org&utm_campaign=api&utm_content=thumbnail
zurich-switzerland,Zurich,"Zurich, Switzerland 🇨🇭",Switzerland,47.3769,8.5417,2,,"Zurich ranks as the most expensive city on earth by cost of living, and its Bahnhofstrasse was lit by electric lamps before almost any other street in Europe.",https://thumb.wikimedia.org/wikipedia/commons/thumb/a/af/Altstadt_Z%C3%BCrich_2015.jpg/500px-Altstadt_Z%C3%BCrich_2015.jpg?utm_source=en.wikipedia.org&utm_campaign=api&utm_content=thumbnail
hamburg-germany,Hamburg,"Hamburg, Germany 🇩🇪",Germany,53.5511,9.9937,2,Port Cities,"Hamburg's port, working without interruption since 1189, is Germany's largest and among Europe's busiest, and its Speicherstadt still warehouses coffee and spices.",https://thumb.wikimedia.org/wikipedia/commons/thumb/8/83/Hamburg%2C_Landungsbr%C3%BCcken_--_2016_--_3131-7.jpg/500px-Hamburg%2C_Landungsbr%C3%BCcken_--_2016_--_3131-7.jpg?utm_source=en.wikipedia.org&utm_campaign=api&utm_content=thumbnail
krakow-poland,Krakow,"Krakow, Poland 🇵🇱",Poland,50.0647,19.945,3,,Krakow's Rynek Underground museum sets a glass floor over excavated medieval market stalls in the middle of what is Europe's largest medieval town square.,https://thumb.wikimedia.org/wikipedia/commons/thumb/a/a3/Krakow_Rynek_Glowny_panorama_2.jpg/500px-Krakow_Rynek_Glowny_panorama_2.jpg?utm_source=en.wikipedia.org&utm_campaign=api&utm_content=thumbnail
copenhagen-denmark,Copenhagen,"Copenhagen, Denmark 🇩🇰",Denmark,55.6761,12.5683,2,,"Copenhagen's sperm bank, started in 1954 by a handful of students, now holds more than half a million jars of donated donor sperm.",https://thumb.wikimedia.org/wikipedia/commons/thumb/1/15/2018_-_Christiansborg_from_the_Marble_Bridge.jpg/500px-2018_-_Christiansborg_from_the_Marble_Bridge.jpg?utm_source=en.wikipedia.org&utm_campaign=api&utm_content=thumbnail
oslo-norway,Oslo,"Oslo, Norway 🇳🇴",Norway,59.9139,10.7522,2,,"Oslo city hall is where every Nobel Peace Prize laureate signs the visitors' book, the one ceremony the Nobel prizes still hold outside Sweden.",https://thumb.wikimedia.org/wikipedia/commons/thumb/9/9a/Nationaltheatret_evening.jpg/500px-Nationaltheatret_evening.jpg?utm_source=en.wikipedia.org&utm_campaign=api&utm_content=thumbnail
manchester-england,Manchester,"Manchester, England",England,53.4808,-2.2426,2,,"Britain's first inter-city passenger train arrived at Manchester's Hunts Bank in 1830, and Ancoats was the world's first great factory district.",https://thumb.wikimedia.org/wikipedia/commons/thumb/8/8c/Tower_Blocks_over_Knott_Mill%2C_geograph_6866152_by_David_Dixon.jpg/500px-Tower_Blocks_over_Knott_Mill%2C_geograph_6866152_by_David_Dixon.jpg?utm_source=en.wikipedia.org&utm_campaign=api&utm_content=thumbnail
oxford-england,Oxford,"Oxford, England",England,51.752,-1.2577,2,,"Oxford's Ashmolean, opened in 1683, is Britain's first public museum, and the university's teaching tradition predates the Aztec empire.",https://thumb.wikimedia.org/wikipedia/commons/thumb/3/3e/Museum_of_Oxford_%285652685943%29.jpg/500px-Museum_of_Oxford_%285652685943%29.jpg?utm_source=en.wikipedia.org&utm_campaign=api&utm_content=thumbnail
dubrovnik-croatia,Dubrovnik,"Dubrovnik, Croatia 🇭🇷",Croatia,42.6507,18.0944,3,Balkans,"Dubrovnik declared itself a republic to rival Venice, and its 1,940-metre circuit of walls is among the thickest stone fortifications ever built.",https://thumb.wikimedia.org/wikipedia/commons/thumb/6/67/The_walls_of_the_fortress_and_View_of_the_old_city._panorama.jpg/500px-The_walls_of_the_fortress_and_View_of_the_old_city._panorama.jpg?utm_source=en.wikipedia.org&utm_campaign=api&utm_content=thumbnail
zagreb-croatia,Zagreb,"Zagreb, Croatia 🇭🇷",Croatia,45.815,15.9819,3,,"Zagreb's Upper Town clings to a volcanic hill, and its Gri cannon has fired one blank charge every New Year's Eve since 1815 to scare off bad spirits.",https://thumb.wikimedia.org/wikipedia/commons/thumb/c/cd/Zagreb_%2829255640143%29.jpg/500px-Zagreb_%2829255640143%29.jpg?utm_source=en.wikipedia.org&utm_campaign=api&utm_content=thumbnail
glasgow-scotland,Glasgow,"Glasgow, Scotland",Scotland,55.8642,-4.2518,3,,"Glasgow shipped the cigars of the British Empire from the Clyde, earning the titles Cigarette City and Second City of the Empire.",https://thumb.wikimedia.org/wikipedia/commons/thumb/f/ff/Glasgow_-_aerial_-_2025-04-17_14.jpg/500px-Glasgow_-_aerial_-_2025-04-17_14.jpg?utm_source=en.wikipedia.org&utm_campaign=api&utm_content=thumbnail
liverpool-england,Liverpool,"Liverpool, England",England,53.4084,-2.9916,3,,"Liverpool's docks handled more world trade than any other port for most of the nineteenth century, and its band scene gave the world four of the Beatles.",https://thumb.wikimedia.org/wikipedia/commons/thumb/7/78/Pier_Head%2C_Liverpool_-_geograph.org.uk_-_3059094.jpg/500px-Pier_Head%2C_Liverpool_-_geograph.org.uk_-_3059094.jpg?utm_source=en.wikipedia.org&utm_campaign=api&utm_content=thumbnail
sofia-bulgaria,Sofia,"Sofia, Bulgaria 🇧🇬",Bulgaria,42.6977,23.3219,3,,"Sofia stands on a cluster of mineral springs, and the Romans of Serdica heated their city and their baths with water drawn from the same springs.",https://thumb.wikimedia.org/wikipedia/commons/thumb/2/2f/Panoramic_view_over_central_Sofia_and_the_Vitosha_Mountain_2017-10-08.jpg/500px-Panoramic_view_over_central_Sofia_and_the_Vitosha_Mountain_2017-10-08.jpg?utm_source=en.wikipedia.org&utm_campaign=api&utm_content=thumbnail
bucharest-romania,Bucharest,"Bucharest, Romania 🇷🇴",Romania,44.4268,26.1025,3,,"Bucharest's Palace of the Parliament, at 3,700 tonnes the heaviest building ever constructed, towers over an old town it would flatten in an afternoon.",https://thumb.wikimedia.org/wikipedia/commons/thumb/a/a0/Bucharest_University_Square_%28cropped%29.jpg/500px-Bucharest_University_Square_%28cropped%29.jpg?utm_source=en.wikipedia.org&utm_campaign=api&utm_content=thumbnail
tallinn-estonia,Tallinn,"Tallinn, Estonia 🇪🇪",Estonia,59.437,24.7536,3,,Tallinn's Old Town is a walled Hanseatic city left so intact that its town hall square doubles as an ice rink every winter.,https://thumb.wikimedia.org/wikipedia/commons/thumb/7/70/Raekoja_plats_at_night.jpg/500px-Raekoja_plats_at_night.jpg?utm_source=en.wikipedia.org&utm_campaign=api&utm_content=thumbnail
bruges-belgium,Bruges,"Bruges, Belgium 🇧🇪",Belgium,51.2093,3.2247,3,,"Bruges' canals were dug deep enough for merchant ships to unload at the market squares themselves, making it the busiest trading port in northern Europe.",https://thumb.wikimedia.org/wikipedia/commons/thumb/9/9a/Br%C3%BCgge_Blick_vom_Belfried_4.jpg/500px-Br%C3%BCgge_Blick_vom_Belfried_4.jpg?utm_source=en.wikipedia.org&utm_campaign=api&utm_content=thumbnail
dresden-germany,Dresden,"Dresden, Germany 🇩🇪",Germany,51.0504,13.7373,3,,Dresden's Frauenkirche was taken apart stone by stone after the 1945 bombing and rebuilt to within millimetres of its original height.,https://thumb.wikimedia.org/wikipedia/commons/thumb/a/a8/DD-Schloss-gp.jpg/500px-DD-Schloss-gp.jpg?utm_source=en.wikipedia.org&utm_campaign=api&utm_content=thumbnail
salzburg-austria,Salzburg,"Salzburg, Austria 🇦🇹",Austria,47.8095,13.055,3,,"Salzburg's squares, lanes and hilltop fortress were the filming locations for The Sound of Music in 1965, and the trails that follow them now fill the old town.",https://thumb.wikimedia.org/wikipedia/commons/thumb/9/91/Salzburg_%2848489551981%29.jpg/500px-Salzburg_%2848489551981%29.jpg?utm_source=en.wikipedia.org&utm_campaign=api&utm_content=thumbnail
bergen-norway,Bergen,"Bergen, Norway 🇳🇴",Norway,60.3913,5.3221,2,Nordic Coast,Bergen's wooden Bryggen wharf has been burnt down and rebuilt no fewer than seven times since the first fire in 1702.,https://thumb.wikimedia.org/wikipedia/commons/thumb/3/3b/Bergen_panorama_at_night_-_panoramio_%281%29.jpg/500px-Bergen_panorama_at_night_-_panoramio_%281%29.jpg?utm_source=en.wikipedia.org&utm_campaign=api&utm_content=thumbnail
turin-italy,Turin,"Turin, Italy 🇮🇹",Italy,45.0703,7.6869,3,,"Turin gave the world the Fiat 500, launched here as the tiny Topolino in 1957, and its automobile museum grew from the car collection of the first House of Savoy.",https://thumb.wikimedia.org/wikipedia/commons/thumb/a/ae/Torino_Piazza_Castello_11.jpg/500px-Torino_Piazza_Castello_11.jpg?utm_source=en.wikipedia.org&utm_campaign=api&utm_content=thumbnail
bilbao-spain,Bilbao,"Bilbao, Spain 🇪🇸",Spain,43.263,-2.935,4,,Frank Gehry's Guggenheim Bilbao opened in 1997 and put the industrial Basque city on the world's tourist map within a decade.,https://thumb.wikimedia.org/wikipedia/commons/thumb/4/49/Collage_de_Bilbao%2C_Pa%C3%ADs_Vasco%2C_Espa%C3%B1a.png/500px-Collage_de_Bilbao%2C_Pa%C3%ADs_Vasco%2C_Espa%C3%B1a.png?utm_source=en.wikipedia.org&utm_campaign=api&utm_content=thumbnail
ghent-belgium,Ghent,"Ghent, Belgium 🇧🇪",Belgium,51.0543,3.7174,4,,Ghent's Graslei and Korenlei quays still front the guild houses of the medieval wool merchants who made it one of Europe's richest cities.,https://thumb.wikimedia.org/wikipedia/commons/thumb/9/90/Gent%2C_de_Graslei_vanaf_de_Korenlei_met_oeg24758tm61%2B25159_IMG_0447_2021-08-13_18.37.jpg/500px-Gent%2C_de_Graslei_vanaf_de_Korenlei_met_oeg24758tm61%2B25159_IMG_0447_2021-08-13_18.37.jpg?utm_source=en.wikipedia.org&utm_campaign=api&utm_content=thumbnail
versailles-palace,Versailles,"Versailles, France 🇫🇷",France,48.8049,2.1204,4,,"Versailles' Hall of Mirrors has 357 mirrors, and the Seine's water was pumped 13 kilometres by the Machine de Marly so the fountains could run every day.",https://thumb.wikimedia.org/wikipedia/commons/thumb/9/95/Vue_a%C3%A9rienne_du_domaine_de_Versailles_par_ToucanWings_-_Creative_Commons_By_Sa_3.0_-_081_%28cropped%29.jpg/500px-Vue_a%C3%A9rienne_du_domaine_de_Versailles_par_ToucanWings_-_Creative_Commons_By_Sa_3.0_-_081_%28cropped%29.jpg?utm_source=en.wikipedia.org&utm_campaign=api&utm_content=thumbnail
pantheon-rome,Pantheon,"Pantheon, Italy 🇮🇹",Italy,41.8986,12.4769,2,,"The Panthe's oculus is one 43-metre hole cut in the dome and the only light the interior gets, so rain falls straight onto the marble floor.",https://thumb.wikimedia.org/wikipedia/commons/thumb/8/80/Pantheon_of_Paris_007.JPG/500px-Pantheon_of_Paris_007.JPG?utm_source=en.wikipedia.org&utm_campaign=api&utm_content=thumbnail
st-peters-basilica,St Peter's Basilica,"St Peter's Basilica, Italy 🇮🇹",Italy,41.9022,12.4539,2,,"St Peter's dome rises 136.6 metres, second only to Florence's Duomo, and it took four popes and nearly three centuries to finish.",https://thumb.wikimedia.org/wikipedia/commons/thumb/f/f5/Basilica_di_San_Pietro_in_Vaticano_September_2015-1a.jpg/500px-Basilica_di_San_Pietro_in_Vaticano_September_2015-1a.jpg?utm_source=en.wikipedia.org&utm_campaign=api&utm_content=thumbnail
cologne-cathedral,Cologne Cathedral,"Cologne Cathedral, Germany 🇩🇪",Germany,50.9413,6.9583,2,,"Cologne Cathedral took 632 years to finish, and during the Second World War Allied bombs failed to bring down its twin spires.",https://thumb.wikimedia.org/wikipedia/commons/thumb/0/04/K%C3%B6lner_Dom_-_Westfassade_2022_ohne_Ger%C3%BCst-0968_b.jpg/500px-K%C3%B6lner_Dom_-_Westfassade_2022_ohne_Ger%C3%BCst-0968_b.jpg?utm_source=en.wikipedia.org&utm_campaign=api&utm_content=thumbnail
brandenburg-gate,Brandenburg Gate,"Brandenburg Gate, Germany 🇩🇪",Germany,52.5163,13.3777,2,,"Napoleon marched through the Brandenburg Gate into Berlin in 1806, and the Quadriga on top did not come home until 1958.",https://thumb.wikimedia.org/wikipedia/commons/thumb/a/a6/Brandenburger_Tor_abends.jpg/500px-Brandenburger_Tor_abends.jpg?utm_source=en.wikipedia.org&utm_campaign=api&utm_content=thumbnail
tower-of-london,Tower of London,"Tower of London, England",England,51.5081,-0.0759,2,,"The Tower of London was a royal palace for four centuries before becoming a prison and armoury, and its ravens are the last of a flock kept since the Wild Men.",https://thumb.wikimedia.org/wikipedia/commons/thumb/e/ec/Tower_of_London_from_the_Shard_%288515883950%29.jpg/500px-Tower_of_London_from_the_Shard_%288515883950%29.jpg?utm_source=en.wikipedia.org&utm_campaign=api&utm_content=thumbnail
st-basils-cathedral,St Basil's Cathedral,"St Basil's Cathedral, Russia 🇷🇺",Russia,55.7525,37.6231,2,,"St Basil's was named after a holy fool and not after Basil the Great, and it was built in 1561 to mark the capture of Kazan and Astrakhan.",https://thumb.wikimedia.org/wikipedia/commons/thumb/1/18/Saint_Basil%27s_Cathedral_in_Moscow.jpg/500px-Saint_Basil%27s_Cathedral_in_Moscow.jpg?utm_source=en.wikipedia.org&utm_campaign=api&utm_content=thumbnail
sagrada-familia,Sagrada Familia,"Sagrada Familia, Spain 🇪🇸",Spain,41.4036,2.1744,2,,"Gaudi's Sagrada Familia has been under construction since 1882, and his plaster model of it was photographed from a reconnaissance aeroplane in 1926.",https://thumb.wikimedia.org/wikipedia/commons/thumb/e/ef/SF_maig_2_cropped.jpg/500px-SF_maig_2_cropped.jpg?utm_source=en.wikipedia.org&utm_campaign=api&utm_content=thumbnail
anne-frank-house,Anne Frank House,"Anne Frank House, Netherlands 🇳🇱",Netherlands,52.3752,4.8839,2,,"Anne Frank's diary survived because Fritz Frank and Gies Huber abandoned papers before they were deported in 1942, and it was not published until 1947.",https://thumb.wikimedia.org/wikipedia/commons/thumb/c/cb/Amsterdam_%28NL%29%2C_Anne-Frank-Huis_--_2015_--_7185.jpg/500px-Amsterdam_%28NL%29%2C_Anne-Frank-Huis_--_2015_--_7185.jpg?utm_source=en.wikipedia.org&utm_campaign=api&utm_content=thumbnail
hungarian-parliament,Hungarian Parliament,"Hungarian Parliament, Hungary 🇭🇺",Hungary,47.5,19.0406,2,,Budapest's Parliament was sited deliberately across the river from Habsburg Buda so the Hungarian nation would stare back at the emperor's own palace.,https://thumb.wikimedia.org/wikipedia/commons/thumb/9/99/Hungarian_Parliament_Building_from_across_the_Danube%2C_2025-01-11.jpg/500px-Hungarian_Parliament_Building_from_across_the_Danube%2C_2025-01-11.jpg?utm_source=en.wikipedia.org&utm_campaign=api&utm_content=thumbnail
hermitage-museum,Hermitage Museum,"Hermitage Museum, Russia 🇷🇺",Russia,59.9398,30.3146,3,,"The Hermitage grew from the 317 paintings Catherine the Great bought in Dutch auctions, and for decades it had no public entrance at all.",https://thumb.wikimedia.org/wikipedia/commons/thumb/1/16/5174-3._St._Petersburg._Greater_Hermitage.jpg/500px-5174-3._St._Petersburg._Greater_Hermitage.jpg?utm_source=en.wikipedia.org&utm_campaign=api&utm_content=thumbnail
wawel-castle,Wawel Castle,"Wawel Castle, Poland 🇵🇱",Poland,50.0541,19.9355,5,,"Wawel Castle was the seat of Poland's kings for five centuries, and its dragon on the riverbank breathes real flame at visitors twice a day.",https://thumb.wikimedia.org/wikipedia/commons/thumb/8/87/Wawel_%284%29.jpg/500px-Wawel_%284%29.jpg?utm_source=en.wikipedia.org&utm_campaign=api&utm_content=thumbnail
palace-of-culture-warsaw,Palace of Culture,"Palace of Culture, Poland 🇵🇱",Poland,52.2317,21.0058,4,,"The Palace of Culture was sent by Stalin to Poland in 1955 as a gift, its construction materials shipped in from 168 Soviet locations.",https://thumb.wikimedia.org/wikipedia/en/thumb/f/fd/Gorbunov_Palace_of_Culture.jpg/500px-Gorbunov_Palace_of_Culture.jpg?utm_source=en.wikipedia.org&utm_campaign=api&utm_content=thumbnail
charles-bridge-prague,Charles Bridge,"Charles Bridge, Czech Republic 🇨🇿",Czech Republic,50.0865,14.4114,2,,"Charles Bridge was the only crossing of the Vltava for five hundred years, and the crowning saint on it is Saint Wenceslas, the patron of Bohemia.",https://thumb.wikimedia.org/wikipedia/commons/thumb/2/22/Prague_07-2016_view_from_Lesser_Town_Tower_of_Charles_Bridge_img3.jpg/500px-Prague_07-2016_view_from_Lesser_Town_Tower_of_Charles_Bridge_img3.jpg?utm_source=en.wikipedia.org&utm_campaign=api&utm_content=thumbnail
bran-castle,Bran Castle,"Bran Castle, Romania 🇷🇴",Romania,45.5151,25.3672,6,Castles,Bran Castle was raised in 1378 not as a royal seat but as a customs post and garrison guarding the trade route through the Carpathian passes.,https://thumb.wikimedia.org/wikipedia/commons/thumb/1/17/Castelul_Bran2.jpg/500px-Castelul_Bran2.jpg?utm_source=en.wikipedia.org&utm_campaign=api&utm_content=thumbnail
pompeii,Pompeii,"Pompeii, Italy 🇮🇹",Italy,40.7497,14.4869,3,Ancient Ruins,"Pompeii's plaster casts were poured into the cavities left by bodies decomposed in the ash, so figures still frozen mid-stride stand in their shops.",https://thumb.wikimedia.org/wikipedia/commons/thumb/f/f5/Aerial_image_of_Pompeii_and_Mount_Vesuvius_%28view_from_the_southeast%29.jpg/500px-Aerial_image_of_Pompeii_and_Mount_Vesuvius_%28view_from_the_southeast%29.jpg?utm_source=en.wikipedia.org&utm_campaign=api&utm_content=thumbnail
hohensalzburg-fortress,Hohensalzburg,"Hohensalzburg, Austria 🇦🇹",Austria,47.7955,13.0473,4,The Alps,Hohensalzburg was finished in 1077 and never taken by assault; a legend says Salzburg's archbishop ordered all but one of its bells silenced as raving mad.,https://thumb.wikimedia.org/wikipedia/commons/thumb/d/dd/Salzburg_-_Festung_Hohensalzburg.JPG/500px-Salzburg_-_Festung_Hohensalzburg.JPG?utm_source=en.wikipedia.org&utm_campaign=api&utm_content=thumbnail
matera-sassi,Matera,"Matera, Italy 🇮🇹",Italy,40.6672,16.604,7,,"Matera's cisterns under St Peter's Cave hold a cardinal's hat, a papal tiara and a belt preserved in a single drop of water that has not evaporated since the 1300s.",https://thumb.wikimedia.org/wikipedia/commons/thumb/7/7f/Matera_-_View_from_Sant%27Agostino.jpg/500px-Matera_-_View_from_Sant%27Agostino.jpg?utm_source=en.wikipedia.org&utm_campaign=api&utm_content=thumbnail
alberobello-trulli,Alberobello,"Alberobello, Italy 🇮🇹",Italy,40.7842,17.237,8,,"Alberobello's trulli are built of dry-laid limestone without nails or mortar, and the town council still keeps masons on hand to re-roof them by hand.",https://thumb.wikimedia.org/wikipedia/commons/thumb/e/e7/Alberobello_con_il_drone.jpg/500px-Alberobello_con_il_drone.jpg?utm_source=en.wikipedia.org&utm_campaign=api&utm_content=thumbnail
ness-of-brodgar,Ness of Brodgar,"Ness of Brodgar, Scotland",Scotland,58.8696,-3.4086,8,,"The Ness of Brodgar was dug in the 3100s BC, then walled up and left to rot in the rain, which is why five thousand years of it survive.",https://thumb.wikimedia.org/wikipedia/commons/thumb/a/a1/Ness_of_Brodgar_19_-_6.7.16.jpg/500px-Ness_of_Brodgar_19_-_6.7.16.jpg?utm_source=en.wikipedia.org&utm_campaign=api&utm_content=thumbnail
vlkolinec-slovakia,Vlkolínec,Where does the preserved village of Vlkolínec display rows of traditional log houses?,Slovakia,49.315,19.581,8,,"Vlkolínec was settled by shepherds moved off grazing land by the king, and its log houses, barns and chapel have been a UNESCO site since 1993.",https://thumb.wikimedia.org/wikipedia/commons/thumb/8/8f/Vlkolinecslovakia001.jpg/500px-Vlkolinecslovakia001.jpg?utm_source=en.wikipedia.org&utm_campaign=api&utm_content=thumbnail
giants-causeway,Giant's Causeway,"Giant's Causeway, Northern Ireland",Northern Ireland,55.2389,-6.5111,4,,"The Giant's Causeway's columns are lava joints formed as molten rock cooled some 50 million years ago, and Irish legend says a giant built the road across them to Scotland.",https://thumb.wikimedia.org/wikipedia/commons/thumb/c/c0/Causeway-code_poet-4.jpg/500px-Causeway-code_poet-4.jpg?utm_source=en.wikipedia.org&utm_campaign=api&utm_content=thumbnail
mount-olympus,Mount Olympus,"Where is Mount Olympus, legendary home of Zeus and the other Olympian gods?",Greece,40.0853,22.3586,5,,"Olympus's summit, Mytikas, is only 2,917 metres, but the ancient Greeks put the throne of Zeus there, above the clouds.",https://thumb.wikimedia.org/wikipedia/commons/thumb/e/e8/Olympus_National_Park_30.jpg/500px-Olympus_National_Park_30.jpg?utm_source=en.wikipedia.org&utm_campaign=api&utm_content=thumbnail
blue-lagoon-iceland,Blue Lagoon,"Blue Lagoon, Iceland 🇮🇸",Iceland,63.8804,-22.4495,4,,"The Blue Lagoon is not a natural spring at all: it is the superheated brine runoff of a geothermal power station, kept hot so the plant's pipes never freeze.",https://upload.wikimedia.org/wikipedia/commons/f/f1/Islanda_-_blue_lagoon.jpg
jokulsarlon-glacier-lagoon,Jökulsárlón,"Jökulsárlón, Iceland 🇮🇸",Iceland,64.0484,-16.1795,7,Fjords & Glaciers,"Jökulsárlón is fed by an outlet glacier of Vatnajökull, Europe's largest ice cap, and its bergs sink and resurface within sight of the beach.",https://thumb.wikimedia.org/wikipedia/commons/thumb/2/2c/J%C3%B6kuls%C3%A1rl%C3%B3n_lagoon_in_southeastern_Iceland.jpg/500px-J%C3%B6kuls%C3%A1rl%C3%B3n_lagoon_in_southeastern_Iceland.jpg?utm_source=en.wikipedia.org&utm_campaign=api&utm_content=thumbnail
kirkjufell-iceland,Kirkjufell,"Kirkjufell, Iceland 🇮🇸",Iceland,64.9416,-23.3066,6,,"Kirkjufell means misty mountain, and the dark stripes on its flank are stacked layers of basalt lavafalls, frozen like the pages of a book.",https://thumb.wikimedia.org/wikipedia/commons/thumb/d/df/Kirkjufell_in_Iceland.jpg/500px-Kirkjufell_in_Iceland.jpg?utm_source=en.wikipedia.org&utm_campaign=api&utm_content=thumbnail
preikestolen-pulpit-rock,Pulpit Rock,"Pulpit Rock, Norway 🇳🇴",Norway,58.9861,6.2,7,,Pulpit Rock is a flat square of bare rock planed smooth by a glacier and abandoned unfinished when the brothers who quarried it realised the stone was worthless.,https://commons.wikimedia.org/wiki/Special:Redirect/file/Preikestolen-lysefjord-tunliweb.jpg
lake-bled,Lake Bled,"Lake Bled, Slovenia 🇸🇮",Slovenia,46.3634,14.0936,4,Lakes; The Alps,"Lake Bled has Slovenia's only natural island, and to ring its church bell you must wade across from the shore, which men have done since 1788.",https://thumb.wikimedia.org/wikipedia/commons/thumb/8/84/Lake_Bled_from_the_Mountain.jpg/500px-Lake_Bled_from_the_Mountain.jpg?utm_source=en.wikipedia.org&utm_campaign=api&utm_content=thumbnail
mount-elbrus,Mount Elbrus,"Mount Elbrus, Russia 🇷🇺",Russia,43.355,42.4406,6,Mountains,"Elbrus tops out at 5,642 metres and its two summits are joined by a three-kilometre saddle of rubble that only climbers have crossed.",https://thumb.wikimedia.org/wikipedia/commons/thumb/c/c0/Mount_Elbrus_%28cropped%29.jpg/500px-Mount_Elbrus_%28cropped%29.jpg?utm_source=en.wikipedia.org&utm_campaign=api&utm_content=thumbnail
dettifoss,Dettifoss,"Dettifoss, Iceland 🇮🇸",Iceland,65.8145,-16.3853,6,Waterfalls,"Dettifoss plunges 11 metres in two steps on the Jökulsá river, and in summer the canyon fills with a permanent grey drizzle of mist.",https://thumb.wikimedia.org/wikipedia/commons/thumb/e/e9/Dettifoss_TimBekaert.JPG/500px-Dettifoss_TimBekaert.JPG?utm_source=en.wikipedia.org&utm_campaign=api&utm_content=thumbnail
loch-ness,Loch Ness,"Loch Ness, Scotland",Scotland,57.324,-4.607,3,Lakes,"Loch Ness reaches 227 metres in depth, and the 1934 photograph of a flipper that started the modern monster legend is now widely thought to be a duck.",https://thumb.wikimedia.org/wikipedia/commons/thumb/5/51/LochNessUrquhart.jpg/500px-LochNessUrquhart.jpg?utm_source=en.wikipedia.org&utm_campaign=api&utm_content=thumbnail
thingvellir,Thingvellir,"Thingvellir, Iceland 🇮🇸",Iceland,64.2559,-21.13,7,,"Thingvellir is the torn surface of the Mid-Atlantic ridge itself, and Iceland's Althing met under its cliffs from 930 until 1798.",https://thumb.wikimedia.org/wikipedia/commons/thumb/8/83/%C3%9Eingvellir_from_the_information_centre.JPG/500px-%C3%9Eingvellir_from_the_information_centre.JPG?utm_source=en.wikipedia.org&utm_campaign=api&utm_content=thumbnail
auschwitz-birkenau,Auschwitz-Birkenau,"Auschwitz-Birkenau, Poland 🇵🇱",Poland,50.0343,19.1795,6,,"Auschwitz-Birkenau's electrified fences and guard towers stand on the site, and the camp's own railway siding was laid by prisoners forced to build it.",https://thumb.wikimedia.org/wikipedia/commons/thumb/3/35/Auschwitz_I_%2822_May_2010%29_b.jpg/500px-Auschwitz_I_%2822_May_2010%29_b.jpg?utm_source=en.wikipedia.org&utm_campaign=api&utm_content=thumbnail
chernobyl-reactor-4,Chernobyl,"Chernobyl, Ukraine 🇺🇦",Ukraine,51.2763,30.2219,6,,"In 2016 a 25,000-tonne sarcophagus was slid across Chernobyl's destroyed fourth reactor in a single 36-hour operation.",https://thumb.wikimedia.org/wikipedia/commons/thumb/b/bc/Administrative_center%2C_Radiation_Control_%2811383715816%29.jpg/500px-Administrative_center%2C_Radiation_Control_%2811383715816%29.jpg?utm_source=en.wikipedia.org&utm_campaign=api&utm_content=thumbnail
stone-of-destiny,Stone of Destiny,"Stone of Destiny, Scotland",Scotland,56.4195,-3.219,8,,"English undergraduates carried the Stone of Destiny off from Scone Abbey on Christmas Day 1950, and it now sits in Edinburgh Castle.",https://commons.wikimedia.org/wiki/Special:Redirect/file/The_Stone_of_Destiny_-_geograph.org.uk_-_94666.jpg
malbork-castle,Malbork Castle,"Malbork Castle, Poland 🇵🇱",Poland,54.042,18.94,8,Castles,"Malbork Castle, built by the Teutonic Knights, was dismantled and ferried across Poland to become a royal castle after the Treaty of Thorn in 1466.",https://thumb.wikimedia.org/wikipedia/commons/thumb/e/e6/Zesp%C3%B3%C5%82_Zamku_Krzy%C5%BCackiego_MALBORK_01.jpg/500px-Zesp%C3%B3%C5%82_Zamku_Krzy%C5%BCackiego_MALBORK_01.jpg?utm_source=en.wikipedia.org&utm_campaign=api&utm_content=thumbnail
newgrange,Newgrange,"Newgrange, Ireland 🇮🇪",Ireland,53.6947,-6.4756,7,,"Newgrange is aligned to the winter solstice sun, and for a few minutes each December afternoon the beam enters the roof box and strikes the back wall.",https://thumb.wikimedia.org/wikipedia/commons/thumb/0/0f/Irelands_history.jpg/500px-Irelands_history.jpg?utm_source=en.wikipedia.org&utm_campaign=api&utm_content=thumbnail
rock-of-cashel,Rock of Cashel,"Rock of Cashel, Ireland 🇮🇪",Ireland,52.52,-7.89,6,,Legend says St Patrick trapped the devil on the Rock of Cashel and tricked him into exempting the town from hell by cracking its roof.,https://thumb.wikimedia.org/wikipedia/commons/thumb/1/13/Rock_of_Cashel_%2849163525453%29.jpg/500px-Rock_of_Cashel_%2849163525453%29.jpg?utm_source=en.wikipedia.org&utm_campaign=api&utm_content=thumbnail
wartburg-castle,Wartburg Castle,"Wartburg Castle, Germany 🇩🇪",Germany,50.716,10.352,8,,"In Wartburg Castle Martin Luther translated the New Testament from Greek in about a fortnight in 1521, and the Bible that came out of it made him a fugitive.",https://thumb.wikimedia.org/wikipedia/commons/thumb/c/c2/Thuringia_Eisenach_asv2020-07_img23_Wartburg_Castle.jpg/500px-Thuringia_Eisenach_asv2020-07_img23_Wartburg_Castle.jpg?utm_source=en.wikipedia.org&utm_campaign=api&utm_content=thumbnail
housesteads-hadrians-wall,Housesteads,"Housesteads, England",England,54.9928,-2.4792,6,,"Housesteads was garrisoned from about AD 122, and its turf-covered rampart still holds the silhouette of the empire's northern frontier ditch.",https://thumb.wikimedia.org/wikipedia/commons/thumb/2/2c/Housesteads_Roman_Fort_aerial.jpg/500px-Housesteads_Roman_Fort_aerial.jpg?utm_source=en.wikipedia.org&utm_campaign=api&utm_content=thumbnail
kizhi-pogost,Kizhi Pogost,"Kizhi Pogost, Russia 🇷🇺",Russia,62.0693,35.227,9,,"The log walls of Kizhi's Church of the Transfiguration held no nails at all, a fact confirmed only in 1990 when a rescue restoration finally let them put some in.",https://thumb.wikimedia.org/wikipedia/commons/thumb/d/de/Kizhi_06-2017_img08_Pogost_view.jpg/500px-Kizhi_06-2017_img08_Pogost_view.jpg?utm_source=en.wikipedia.org&utm_campaign=api&utm_content=thumbnail
empire-state-building-ny,Empire State Building,Where is the Empire State Building?,United States,40.7484,-73.9857,1,,The Empire State Building was the world's tallest skyscraper for nearly 40 years after its completion in 1931.,https://thumb.wikimedia.org/wikipedia/commons/thumb/1/10/Empire_State_Building_%28aerial_view%29.jpg/500px-Empire_State_Building_%28aerial_view%29.jpg?utm_source=en.wikipedia.org&utm_campaign=api&utm_content=thumbnail
sears-tower-chicago,Willis Tower,Where is the Willis Tower?,United States,41.8789,-87.6359,4,,"Formerly known as the Sears Tower, Willis Tower was the tallest building in the world from 1973 to 1998.",https://thumb.wikimedia.org/wikipedia/commons/thumb/7/7d/Sears_Tower%2C_Wacker_Drive_and_Jackson_Boulevard%2C_Chicago%2C_IL_-_54189600901.jpg/500px-Sears_Tower%2C_Wacker_Drive_and_Jackson_Boulevard%2C_Chicago%2C_IL_-_54189600901.jpg?utm_source=en.wikipedia.org&utm_campaign=api&utm_content=thumbnail
washington-dc-usa,"Washington, D.C.","Washington, D.C., United States 🇺🇸",United States,38.9072,-77.0369,1,,The U.S. capital was designed by Pierre Charles L'Enfant and is located along the Potomac River.,https://thumb.wikimedia.org/wikipedia/commons/thumb/e/e4/12-07-13-washington-by-RalfR-08.jpg/500px-12-07-13-washington-by-RalfR-08.jpg?utm_source=en.wikipedia.org&utm_campaign=api&utm_content=thumbnail
lincoln-memorial-dc,Lincoln Memorial,Where is the Lincoln Memorial?,United States,38.8893,-77.0502,3,,The Lincoln Memorial features a 19-foot marble statue of Abraham Lincoln and is the site of Martin Luther King Jr.'s 'I Have a Dream' speech.,https://thumb.wikimedia.org/wikipedia/commons/thumb/6/62/Lincoln_Memorial_east_side.JPG/500px-Lincoln_Memorial_east_side.JPG?utm_source=en.wikipedia.org&utm_campaign=api&utm_content=thumbnail
white-house-dc,White House,Where is the White House?,United States,38.8977,-77.0365,2,,The White House has been the residence of every U.S. president since John Adams in 1800.,https://thumb.wikimedia.org/wikipedia/commons/thumb/1/1d/White_House_north_and_south_sides.jpg/500px-White_House_north_and_south_sides.jpg?utm_source=en.wikipedia.org&utm_campaign=api&utm_content=thumbnail
boston-usa,Boston,"Boston, United States 🇺🇸",United States,42.3601,-71.0589,2,,"Boston is one of America's oldest cities, founded in 1630, and played a key role in the American Revolution.",https://thumb.wikimedia.org/wikipedia/commons/thumb/9/96/ISH_WC_Boston4.jpg/500px-ISH_WC_Boston4.jpg?utm_source=en.wikipedia.org&utm_campaign=api&utm_content=thumbnail
bunker-hill-monument,Bunker Hill,Where is the Bunker Hill Monument?,United States,42.3764,-71.0608,6,,The Bunker Hill Monument in Charlestown marks the site of the first major battle of the American Revolutionary War.,https://thumb.wikimedia.org/wikipedia/commons/thumb/8/8d/The_Battle_of_Bunker%27s_Hill_Bridgeman_Images.jpg/500px-The_Battle_of_Bunker%27s_Hill_Bridgeman_Images.jpg?utm_source=en.wikipedia.org&utm_campaign=api&utm_content=thumbnail
san-francisco-usa,San Francisco,"San Francisco, United States 🇺🇸",United States,37.7749,-122.4194,1,,"San Francisco is known for its steep hills, fog, and cable cars, built on the tip of a peninsula.",https://thumb.wikimedia.org/wikipedia/commons/thumb/1/1e/San_Francisco_from_the_Marin_Headlands_in_March_2019.jpg/500px-San_Francisco_from_the_Marin_Headlands_in_March_2019.jpg
alcatraz-island,Alcatraz,Where is Alcatraz Island?,United States,37.8267,-122.423,3,,Alcatraz served as a federal penitentiary from 1934 to 1963 and is now a National Park site in San Francisco Bay.,https://thumb.wikimedia.org/wikipedia/commons/thumb/1/17/Alcatraz_2021.jpg/500px-Alcatraz_2021.jpg?utm_source=en.wikipedia.org&utm_campaign=api&utm_content=thumbnail
houston-usa,Houston,"Houston, United States 🇺🇸",United States,29.7604,-95.3698,2,,Houston is the fourth-largest city in the U.S. and is home to NASA's Johnson Space Center.,https://thumb.wikimedia.org/wikipedia/commons/thumb/a/a3/Texas_medical_center.jpg/500px-Texas_medical_center.jpg?utm_source=en.wikipedia.org&utm_campaign=api&utm_content=thumbnail
philadelphia-usa,Philadelphia,"Philadelphia, United States 🇺🇸",United States,39.9526,-75.1652,2,,"Philadelphia is known as the birthplace of the United States, where the Declaration of Independence was adopted.",https://thumb.wikimedia.org/wikipedia/commons/thumb/1/19/Philadelphia_skyline_20240528_%28cropped_2-1%29.jpg/500px-Philadelphia_skyline_20240528_%28cropped_2-1%29.jpg?utm_source=en.wikipedia.org&utm_campaign=api&utm_content=thumbnail
independence-hall,Independence Hall,Where is Independence Hall?,United States,39.9489,-75.15,3,,Independence Hall is where both the Declaration of Independence and the U.S. Constitution were debated and adopted.,https://thumb.wikimedia.org/wikipedia/commons/thumb/3/39/Independence_Hall.jpg/500px-Independence_Hall.jpg?utm_source=en.wikipedia.org&utm_campaign=api&utm_content=thumbnail
liberty-bell,Liberty Bell,Where is the Liberty Bell?,United States,39.9496,-75.1503,3,,"The Liberty Bell, an iconic symbol of American independence, is housed near Independence Hall in Philadelphia.",https://thumb.wikimedia.org/wikipedia/commons/thumb/3/37/Liberty_Bell_2017a.jpg/500px-Liberty_Bell_2017a.jpg?utm_source=en.wikipedia.org&utm_campaign=api&utm_content=thumbnail
atlanta-usa,Atlanta,"Atlanta, United States 🇺🇸",United States,33.749,-84.388,2,,Atlanta played a crucial role in the Civil Rights Movement and hosted the 1996 Summer Olympics.,https://thumb.wikimedia.org/wikipedia/commons/thumb/c/c8/A2ATL20250614-0721_%28cropped%29.jpg/500px-A2ATL20250614-0721_%28cropped%29.jpg?utm_source=en.wikipedia.org&utm_campaign=api&utm_content=thumbnail
miami-usa,Miami,"Miami, United States 🇺🇸",United States,25.7617,-80.1918,1,,"Miami is known for its vibrant Cuban-American culture, Art Deco architecture, and coastal location.",https://thumb.wikimedia.org/wikipedia/commons/thumb/2/25/Villa_Vizcaya_20110228.jpg/500px-Villa_Vizcaya_20110228.jpg?utm_source=en.wikipedia.org&utm_campaign=api&utm_content=thumbnail
seattle-usa,Seattle,"Seattle, United States 🇺🇸",United States,47.6062,-122.3321,2,,"Seattle is surrounded by water, mountains, and evergreen forests, and is home to major tech companies.",https://thumb.wikimedia.org/wikipedia/commons/thumb/5/58/Seattle_Center_as_night_falls.jpg/500px-Seattle_Center_as_night_falls.jpg?utm_source=en.wikipedia.org&utm_campaign=api&utm_content=thumbnail
space-needle-seattle,Space Needle,Where is the Space Needle?,United States,47.6205,-122.3493,2,,The Space Needle was built for the 1962 World's Fair and has become Seattle's most iconic landmark.,https://thumb.wikimedia.org/wikipedia/commons/thumb/2/23/Space_Needle_2011-07-04.jpg/500px-Space_Needle_2011-07-04.jpg?utm_source=en.wikipedia.org&utm_campaign=api&utm_content=thumbnail
denver-usa,Denver,"Denver, United States 🇺🇸",United States,39.7392,-104.9903,2,,"Denver, nicknamed the Mile High City, sits exactly one mile above sea level at its downtown location.",https://thumb.wikimedia.org/wikipedia/commons/thumb/3/37/Denver%2C_Colorado_skyline_%28cropped_3x5%29.jpg/500px-Denver%2C_Colorado_skyline_%28cropped_3x5%29.jpg?utm_source=en.wikipedia.org&utm_campaign=api&utm_content=thumbnail
phoenix-usa,Phoenix,"Phoenix, United States 🇺🇸",United States,33.4484,-112.074,2,Desert Cities,Phoenix is the hottest major city in the U.S. and is located in the Sonoran Desert.,https://upload.wikimedia.org/wikipedia/commons/6/62/Phoenix_skyline_Arizona_USA.jpg
san-diego-usa,San Diego,"San Diego, United States 🇺🇸",United States,32.7157,-117.1611,2,,San Diego boasts a mild Mediterranean climate and is home to the world's largest naval fleet.,https://thumb.wikimedia.org/wikipedia/commons/thumb/e/ea/La_Jolla_Shores_view_%28cropped%29.jpg/500px-La_Jolla_Shores_view_%28cropped%29.jpg?utm_source=en.wikipedia.org&utm_campaign=api&utm_content=thumbnail
dallas-usa,Dallas,"Dallas, United States 🇺🇸",United States,32.7767,-96.797,2,,"Dallas is a major cultural and economic hub in North Texas, known for its role in the oil industry.",https://thumb.wikimedia.org/wikipedia/commons/thumb/a/a7/Dallas_Texas_skyline_from_Reunion_Tower_September_2025_%28cropped%29.png/500px-Dallas_Texas_skyline_from_Reunion_Tower_September_2025_%28cropped%29.png?utm_source=en.wikipedia.org&utm_campaign=api&utm_content=thumbnail
austin-usa,Austin,"Austin, United States 🇺🇸",United States,30.2672,-97.7431,2,,Austin is known as the Live Music Capital of the World and is home to the University of Texas.,https://upload.wikimedia.org/wikipedia/commons/e/ec/Austin_skyline.JPG
honolulu-usa,Honolulu,"Honolulu, United States 🇺🇸",United States,21.3099,-157.8581,2,,Honolulu is Hawaii's capital and the gateway to the Hawaiian Islands in the central Pacific.,https://thumb.wikimedia.org/wikipedia/commons/thumb/e/e8/2022_Views_from_Diamond_Head_02.jpg/500px-2022_Views_from_Diamond_Head_02.jpg?utm_source=en.wikipedia.org&utm_campaign=api&utm_content=thumbnail
new-orleans-usa,New Orleans,"New Orleans, United States 🇺🇸",United States,29.9511,-90.0715,2,,"New Orleans is famous for its unique Creole culture, jazz music, and annual Mardi Gras celebration.",https://thumb.wikimedia.org/wikipedia/commons/thumb/c/cb/New_Orleans_from_the_Air_September_2019_-_Central_Business_District_Skyline_%28cropped%29.jpg/500px-New_Orleans_from_the_Air_September_2019_-_Central_Business_District_Skyline_%28cropped%29.jpg?utm_source=en.wikipedia.org&utm_campaign=api&utm_content=thumbnail
french-quarter-nola,Jackson Square,Where is Jackson Square in New Orleans?,United States,29.9574,-90.0631,2,,"Jackson Square, in the heart of the French Quarter, has been a focal point of New Orleans since 1721.",https://upload.wikimedia.org/wikipedia/commons/7/72/Jackson_Square_New_Orleans.jpg
vancouver-canada,Vancouver,"Vancouver, Canada 🇨🇦",Canada,49.2827,-123.1207,2,,Vancouver is consistently ranked among the world's most livable cities and is surrounded by mountains and ocean.,https://thumb.wikimedia.org/wikipedia/commons/thumb/3/33/Skyline_of_Vancouver%2C_Canada.jpg/500px-Skyline_of_Vancouver%2C_Canada.jpg?utm_source=en.wikipedia.org&utm_campaign=api&utm_content=thumbnail
montreal-canada,Montreal,"Montreal, Canada 🇨🇦",Canada,45.5019,-73.5674,2,,"Montreal is Canada's second-largest city and is renowned for its French culture, architecture, and festivals.",https://thumb.wikimedia.org/wikipedia/commons/thumb/9/9f/Montreal%2C_Quebec_skyline.jpg/500px-Montreal%2C_Quebec_skyline.jpg?utm_source=en.wikipedia.org&utm_campaign=api&utm_content=thumbnail
ottawa-canada,Ottawa,"Ottawa, Canada 🇨🇦",Canada,45.4215,-75.6972,2,,Ottawa is Canada's capital and sits on the border between Ontario and Quebec along the Ottawa River.,https://thumb.wikimedia.org/wikipedia/commons/thumb/2/22/Parliament-Ottawa.jpg/500px-Parliament-Ottawa.jpg?utm_source=en.wikipedia.org&utm_campaign=api&utm_content=thumbnail
parliament-hill-ottawa,Parliament Hill,Where is Parliament Hill?,Canada,45.4236,-75.7009,5,,Parliament Hill in Ottawa is home to Canada's federal legislature and its iconic Gothic Revival buildings.,https://thumb.wikimedia.org/wikipedia/commons/thumb/b/b5/Ottawa_-_ON_-_Stadtansicht.jpg/500px-Ottawa_-_ON_-_Stadtansicht.jpg?utm_source=en.wikipedia.org&utm_campaign=api&utm_content=thumbnail
calgary-canada,Calgary,"Calgary, Canada 🇨🇦",Canada,51.0447,-114.0719,3,,"Calgary is known for its rodeo culture, oil industry, and proximity to the Canadian Rockies.",https://thumb.wikimedia.org/wikipedia/commons/thumb/b/bb/Downtown_Calgary_2020-4.jpg/500px-Downtown_Calgary_2020-4.jpg?utm_source=en.wikipedia.org&utm_campaign=api&utm_content=thumbnail
edmonton-canada,Edmonton,"Edmonton, Canada 🇨🇦",Canada,53.5461,-113.4937,3,,"Edmonton is Alberta's capital and is home to North America's largest mall, West Edmonton Mall.",https://thumb.wikimedia.org/wikipedia/commons/thumb/7/74/Alberta_Legislature_Building_at_night.jpg/500px-Alberta_Legislature_Building_at_night.jpg?utm_source=en.wikipedia.org&utm_campaign=api&utm_content=thumbnail
halifax-canada,Halifax,"Halifax, Canada 🇨🇦",Canada,44.6488,-63.5752,3,,Halifax is one of Canada's oldest cities and played a key role in maritime history and immigration.,https://upload.wikimedia.org/wikipedia/commons/b/bd/Halifax_waterfront.jpg
quebec-city-canada,Québec City,"Québec City, Canada 🇨🇦",Canada,46.8139,-71.208,3,,Québec City is North America's oldest walled city north of Mexico and a UNESCO World Heritage Site.,https://thumb.wikimedia.org/wikipedia/commons/thumb/a/a4/Quebec_City_skyline_from_L%C3%A9vis.jpg/500px-Quebec_City_skyline_from_L%C3%A9vis.jpg?utm_source=en.wikipedia.org&utm_campaign=api&utm_content=thumbnail
old-faithful-yellowstone,Old Faithful,Where is Old Faithful geyser?,United States,44.4605,-110.8281,4,,"Old Faithful in Yellowstone National Park erupts roughly every 90 minutes, making it one of the world's most predictable geysers.",https://thumb.wikimedia.org/wikipedia/commons/thumb/5/51/Yellowstone_National_Park_%28WY%2C_USA%29%2C_Old_Faithful_Geyser_--_2022_--_2599.jpg/500px-Yellowstone_National_Park_%28WY%2C_USA%29%2C_Old_Faithful_Geyser_--_2022_--_2599.jpg?utm_source=en.wikipedia.org&utm_campaign=api&utm_content=thumbnail
grand-prismatic-yellowstone,Grand Prismatic,Where is the Grand Prismatic Spring?,United States,44.525,-110.8382,5,,The Grand Prismatic Spring is the largest hot spring in the United States and displays vibrant rainbow colors.,https://thumb.wikimedia.org/wikipedia/commons/thumb/0/0b/Aerial_image_of_Grand_Prismatic_Spring_%28view_from_the_south%29.jpg/500px-Aerial_image_of_Grand_Prismatic_Spring_%28view_from_the_south%29.jpg?utm_source=en.wikipedia.org&utm_campaign=api&utm_content=thumbnail
devils-tower-wyoming,Devils Tower,Where is Devils Tower?,United States,44.59,-104.715,6,US Road Trip,"Devils Tower is an iconic igneous intrusion in Wyoming and was the first U.S. National Monument, established in 1906.",https://thumb.wikimedia.org/wikipedia/commons/thumb/1/1b/Columnar-jointed_porphyritic_phonolite_%28Eocene%2C_49_Ma%3B_Devils_Tower%2C_Wyoming%2C_USA%29_48.jpg/500px-Columnar-jointed_porphyritic_phonolite_%28Eocene%2C_49_Ma%3B_Devils_Tower%2C_Wyoming%2C_USA%29_48.jpg?utm_source=en.wikipedia.org&utm_campaign=api&utm_content=thumbnail
mount-rushmore-sd,Mount Rushmore,Where is Mount Rushmore?,United States,43.8791,-103.4591,2,US Road Trip,"Mount Rushmore features the 60-foot faces of four U.S. presidents: Washington, Jefferson, Roosevelt, and Lincoln.",https://thumb.wikimedia.org/wikipedia/commons/thumb/8/87/Mount_Rushmore_detail_view_%28100MP%29.jpg/500px-Mount_Rushmore_detail_view_%28100MP%29.jpg?utm_source=en.wikipedia.org&utm_campaign=api&utm_content=thumbnail
badlands-national-park,Badlands Wall,Where is the Badlands Wall?,United States,43.7675,-101.929,6,,The Badlands Wall near Cedar Pass is one of the most dramatic eroded landscapes in South Dakota.,https://thumb.wikimedia.org/wikipedia/commons/thumb/c/c8/Wall%2C_SD.jpg/500px-Wall%2C_SD.jpg?utm_source=en.wikipedia.org&utm_campaign=api&utm_content=thumbnail
delicate-arch-utah,Delicate Arch,Where is Delicate Arch?,United States,38.7436,-109.4993,6,,"Delicate Arch is Arches National Park's most famous freestanding natural arch, standing 52 feet tall.",https://thumb.wikimedia.org/wikipedia/commons/thumb/f/f0/Delicate_arch_sunset.jpg/500px-Delicate_arch_sunset.jpg?utm_source=en.wikipedia.org&utm_campaign=api&utm_content=thumbnail
balanced-rock-utah,Balanced Rock,Where is Balanced Rock?,United States,38.701,-109.5645,7,,"Balanced Rock in Arches National Park features a 3,600-ton boulder balanced atop a narrow pedestal.",https://thumb.wikimedia.org/wikipedia/commons/thumb/d/da/Balanced_Rock_sunset.jpg/500px-Balanced_Rock_sunset.jpg?utm_source=en.wikipedia.org&utm_campaign=api&utm_content=thumbnail
monument-valley-mitten,East Mitten Butte,Where is the East Mitten Butte?,United States,36.9889,-110.0942,5,,The East Mitten Butte is one of Monument Valley's most iconic sandstone formations on the Arizona-Utah border.,https://thumb.wikimedia.org/wikipedia/commons/thumb/c/cb/Two_Mittens_Predawn.jpg/500px-Two_Mittens_Predawn.jpg?utm_source=en.wikipedia.org&utm_campaign=api&utm_content=thumbnail
antelope-canyon-lower,Lower Antelope Canyon,Where is Lower Antelope Canyon?,United States,36.903,-111.4133,6,Canyons & Gorges,Lower Antelope Canyon in Arizona is known for its wave-like structure and ethereal light beams.,https://thumb.wikimedia.org/wikipedia/commons/thumb/b/b5/USA_Antelope-Canyon.jpg/500px-USA_Antelope-Canyon.jpg?utm_source=en.wikipedia.org&utm_campaign=api&utm_content=thumbnail
hoover-dam,Hoover Dam,Where is the Hoover Dam?,United States,36.0161,-114.7377,4,,"Hoover Dam, completed in 1936, was the world's largest concrete dam at the time and straddles Nevada and Arizona.",https://thumb.wikimedia.org/wikipedia/commons/thumb/c/c8/2017_Aerial_view_Hoover_Dam_4774.jpg/500px-2017_Aerial_view_Hoover_Dam_4774.jpg?utm_source=en.wikipedia.org&utm_campaign=api&utm_content=thumbnail
niagara-falls-horseshoe,Horseshoe Falls,Where is the Horseshoe Falls?,Canada,43.0799,-79.0747,2,,"The Horseshoe Falls, the largest of Niagara Falls' three sections, straddles the border between Ontario and New York.",https://thumb.wikimedia.org/wikipedia/commons/thumb/b/bb/Aerial_view_of_the_Canadian_Falls_%28Horseshoe_Falls%29_and_the_Hornblower_Niagara_Cruises_boat%3B_Niagara_Falls.JPG/500px-Aerial_view_of_the_Canadian_Falls_%28Horseshoe_Falls%29_and_the_Hornblower_Niagara_Cruises_boat%3B_Niagara_Falls.JPG?utm_source=en.wikipedia.org&utm_campaign=api&utm_content=thumbnail
alamo-san-antonio,The Alamo,Where is the Alamo?,United States,29.4258,-98.4861,3,,"The Alamo is a historic mission in San Antonio, Texas, famous for the 1836 battle during the Texas Revolution.",https://thumb.wikimedia.org/wikipedia/commons/thumb/d/dd/1854_Alamo.jpg/500px-1854_Alamo.jpg?utm_source=en.wikipedia.org&utm_campaign=api&utm_content=thumbnail
san-antonio-usa,San Antonio,"San Antonio, United States 🇺🇸",United States,29.4241,-98.4936,3,,"San Antonio is known for its Spanish colonial missions, the River Walk, and rich Tex-Mex culture.",https://thumb.wikimedia.org/wikipedia/commons/thumb/6/6f/San_Antonio_Botanical_Garden_Overlook_View.jpg/500px-San_Antonio_Botanical_Garden_Overlook_View.jpg?utm_source=en.wikipedia.org&utm_campaign=api&utm_content=thumbnail
guadalajara-mexico,Guadalajara,"Guadalajara, Mexico 🇲🇽",Mexico,20.6597,-103.3496,3,,Guadalajara is Mexico's second-largest city and is considered the birthplace of mariachi music and tequila.,https://thumb.wikimedia.org/wikipedia/commons/thumb/3/38/Panor%C3%A1mica_Guadalajara_desde_edificio_Bansi_hacia_norte_%28cropped%29.jpg/500px-Panor%C3%A1mica_Guadalajara_desde_edificio_Bansi_hacia_norte_%28cropped%29.jpg?utm_source=en.wikipedia.org&utm_campaign=api&utm_content=thumbnail
monterrey-mexico,Monterrey,"Monterrey, Mexico 🇲🇽",Mexico,25.6866,-100.3161,2,,"Monterrey is a major industrial and business hub in northeastern Mexico, surrounded by dramatic mountains.",https://thumb.wikimedia.org/wikipedia/commons/thumb/d/de/View_of_Monterrey_%282015%29.jpg/500px-View_of_Monterrey_%282015%29.jpg?utm_source=en.wikipedia.org&utm_campaign=api&utm_content=thumbnail
puebla-mexico,Puebla,"Puebla, Mexico 🇲🇽",Mexico,19.0414,-98.2063,3,,"Puebla is known for its colonial architecture, Talavera pottery, and as the site where Cinco de Mayo originated.",https://thumb.wikimedia.org/wikipedia/commons/thumb/a/a5/Mexico-Popocatepetl.jpg/500px-Mexico-Popocatepetl.jpg?utm_source=en.wikipedia.org&utm_campaign=api&utm_content=thumbnail
cancun-mexico,Cancún,"Cancún, Mexico 🇲🇽",Mexico,21.1619,-86.8515,2,,"Cancún is a major tourist destination on Mexico's Yucatan Peninsula, famous for its beaches and Mayan ruins nearby.",https://thumb.wikimedia.org/wikipedia/commons/thumb/d/d8/Cancun_Strand_Luftbild_%2822143397586%29.jpg/500px-Cancun_Strand_Luftbild_%2822143397586%29.jpg?utm_source=en.wikipedia.org&utm_campaign=api&utm_content=thumbnail
el-castillo-chichen-itza,El Castillo,Where is El Castillo at Chichén Itzá?,Mexico,20.683,-88.5678,2,,"El Castillo, also known as the Temple of Kukulcán, is a step pyramid built by the Maya civilization around 800 CE.",https://upload.wikimedia.org/wikipedia/commons/d/d4/El_Castillo%2C_Chichen_Itza.jpg
tulum-ruins,Tulum Ruins,Where is the Tulum Temple of the Frescoes?,Mexico,20.2149,-87.4286,5,,The Temple of the Frescoes in Tulum is a well-preserved Mayan structure overlooking the Caribbean Sea.,https://thumb.wikimedia.org/wikipedia/commons/thumb/8/85/Tulum_2.jpg/500px-Tulum_2.jpg?utm_source=en.wikipedia.org&utm_campaign=api&utm_content=thumbnail
plymouth-rock,Plymouth Rock,Where is Plymouth Rock?,United States,41.9584,-70.6631,6,,Plymouth Rock is traditionally said to be the landing site of the Pilgrims who arrived on the Mayflower in 1620.,https://thumb.wikimedia.org/wikipedia/commons/thumb/9/9d/Plymouth_Rock%2C_Plymouth%2C_MA%2C_jjron_03.05.2012.jpg/500px-Plymouth_Rock%2C_Plymouth%2C_MA%2C_jjron_03.05.2012.jpg?utm_source=en.wikipedia.org&utm_campaign=api&utm_content=thumbnail
gettysburg-battlefield,Gettysburg,Where is Cemetery Hill at Gettysburg?,United States,39.8183,-77.2314,6,,"Cemetery Hill was a key defensive position during the Battle of Gettysburg, the bloodiest battle of the Civil War.",https://upload.wikimedia.org/wikipedia/commons/4/4b/Gettysburgbattlefield.jpg
fort-mchenry,Fort McHenry,Where is Fort McHenry?,United States,39.2633,-76.5804,7,,Fort McHenry in Baltimore defended the harbor during the War of 1812 and inspired Francis Scott Key to write 'The Star-Spangled Banner'.,https://thumb.wikimedia.org/wikipedia/commons/thumb/b/b7/FortMcHenryAerialView.jpg/500px-FortMcHenryAerialView.jpg?utm_source=en.wikipedia.org&utm_campaign=api&utm_content=thumbnail
mesa-verde-cliff-palace,Cliff Palace,Where is Cliff Palace?,United States,37.1663,-108.4737,6,,"Cliff Palace in Mesa Verde National Park is the largest cliff dwelling in North America, built by Ancestral Puebloans.",https://thumb.wikimedia.org/wikipedia/commons/thumb/8/83/Cliff_Palace-Colorado-Mesa_Verde_NP.jpg/500px-Cliff_Palace-Colorado-Mesa_Verde_NP.jpg?utm_source=en.wikipedia.org&utm_campaign=api&utm_content=thumbnail
chaco-canyon-pueblo-bonito,Pueblo Bonito,Where is Pueblo Bonito?,United States,36.06,-107.9619,8,,"Pueblo Bonito in Chaco Culture National Historical Park was the largest great house in Chaco Canyon, built around 850-1150 CE.",https://thumb.wikimedia.org/wikipedia/commons/thumb/8/80/Pueblo_Bonito_Aerial.JPG/500px-Pueblo_Bonito_Aerial.JPG?utm_source=en.wikipedia.org&utm_campaign=api&utm_content=thumbnail
little-bighorn-battlefield,Little Bighorn,"Little Bighorn Battlefield, Montana, United States 🇺🇸",United States,45.5708,-107.4275,6,,The Little Bighorn Battlefield marks where Lieutenant Colonel George Custer and his troops were defeated by Lakota and Cheyenne forces in 1876.,https://thumb.wikimedia.org/wikipedia/commons/thumb/b/b2/Charles_Marion_Russell_-_The_Custer_Fight_%281903%29.jpg/500px-Charles_Marion_Russell_-_The_Custer_Fight_%281903%29.jpg?utm_source=en.wikipedia.org&utm_campaign=api&utm_content=thumbnail
wounded-knee-creek,Wounded Knee,Where is Wounded Knee Creek?,United States,43.1403,-102.3635,7,,Wounded Knee Creek in South Dakota was the site of the 1890 massacre of Lakota Sioux by the U.S. 7th Cavalry.,https://thumb.wikimedia.org/wikipedia/commons/thumb/6/64/Soldiers_at_a_burial_for_the_dead_at_Wounded_Knee%2C_South_Dakota%2C_c._1891.jpg/500px-Soldiers_at_a_burial_for_the_dead_at_Wounded_Knee%2C_South_Dakota%2C_c._1891.jpg?utm_source=en.wikipedia.org&utm_campaign=api&utm_content=thumbnail
fort-sumter-charleston,Fort Sumter,Where is Fort Sumter?,United States,32.7523,-79.8747,7,,"Fort Sumter in Charleston Harbor was the site of the first shots fired in the American Civil War on April 12, 1861.",https://thumb.wikimedia.org/wikipedia/commons/thumb/0/00/FortSumter2009.jpg/500px-FortSumter2009.jpg?utm_source=en.wikipedia.org&utm_campaign=api&utm_content=thumbnail
gateway-arch-st-louis,Gateway Arch,Where is the Gateway Arch?,United States,38.6247,-90.1848,3,,"The Gateway Arch in St. Louis is the tallest man-made monument in the United States, standing 630 feet.",https://thumb.wikimedia.org/wikipedia/commons/thumb/0/00/St_Louis_night_expblend_cropped.jpg/500px-St_Louis_night_expblend_cropped.jpg?utm_source=en.wikipedia.org&utm_campaign=api&utm_content=thumbnail
st-louis-usa,St. Louis,"St. Louis, United States 🇺🇸",United States,38.627,-90.1994,2,,St. Louis is known as the Gateway to the West and played a major role in westward expansion.,https://thumb.wikimedia.org/wikipedia/commons/thumb/0/03/Gateway_Arch_-_St._Louis_-_Missouri_%2817275578342%29.jpg/500px-Gateway_Arch_-_St._Louis_-_Missouri_%2817275578342%29.jpg?utm_source=en.wikipedia.org&utm_campaign=api&utm_content=thumbnail
moai-rapa-nui-ahu-tongariki,Ahu Tongariki,Where is Ahu Tongariki on Easter Island?,Chile,-27.1257,-109.2765,4,,"Ahu Tongariki is the largest ahu (platform) on Rapa Nui, featuring 15 moai statues restored in the 1990s.",https://thumb.wikimedia.org/wikipedia/commons/thumb/4/41/Ahu-Tongariki-from-south-west-2013.jpg/500px-Ahu-Tongariki-from-south-west-2013.jpg?utm_source=en.wikipedia.org&utm_campaign=api&utm_content=thumbnail
churchill-manitoba,Churchill,"Where is Churchill, the subarctic town known for polar bears gathering along Hudson Bay?",Canada,58.7684,-94.165,5,,"Churchill, Manitoba is known as the Polar Bear Capital of the World due to its large polar bear population.",https://thumb.wikimedia.org/wikipedia/commons/thumb/0/02/Sir_Winston_Churchill_-_19086236948_%28restored%29.jpg/500px-Sir_Winston_Churchill_-_19086236948_%28restored%29.jpg?utm_source=en.wikipedia.org&utm_campaign=api&utm_content=thumbnail
iqaluit-nunavut,Iqaluit,"Where is Iqaluit, the Arctic capital on the shores of Frobisher Bay?",Canada,63.7467,-68.517,6,,"Iqaluit is the capital of Nunavut and the smallest Canadian capital by population, located on Baffin Island.",https://thumb.wikimedia.org/wikipedia/commons/thumb/9/9e/Iqaluit%2C_Nunavut.jpg/500px-Iqaluit%2C_Nunavut.jpg?utm_source=en.wikipedia.org&utm_campaign=api&utm_content=thumbnail
whitehorse-yukon,Whitehorse,"Where is Whitehorse, the northern capital named for rapids said to resemble a horse’s mane?",Canada,60.7212,-135.0568,5,Mining Towns,Whitehorse is the capital of Yukon Territory and was a key hub during the Klondike Gold Rush.,https://thumb.wikimedia.org/wikipedia/commons/thumb/a/a5/Yukon_River_at_Whitehorse_-b.jpg/500px-Yukon_River_at_Whitehorse_-b.jpg?utm_source=en.wikipedia.org&utm_campaign=api&utm_content=thumbnail
yellowknife-nwt,Yellowknife,"Where is Yellowknife, the subarctic capital on the north shore of Great Slave Lake?",Canada,62.454,-114.3718,5,,Yellowknife is the capital of the Northwest Territories and is known for its aurora borealis displays.,https://upload.wikimedia.org/wikipedia/commons/9/95/Northwest_Territories_Legislative_Building.jpg?utm_source=en.wikipedia.org&utm_campaign=api&utm_content=thumbnail_unscaled
sacramento-usa,Sacramento,"Sacramento, United States 🇺🇸",United States,38.5816,-121.4944,3,,Sacramento is California's capital and is located at the confluence of the Sacramento and American Rivers.,https://thumb.wikimedia.org/wikipedia/commons/thumb/3/39/Sacramento%2C_CA_skyline_%28cropped%29.jpg/500px-Sacramento%2C_CA_skyline_%28cropped%29.jpg?utm_source=en.wikipedia.org&utm_campaign=api&utm_content=thumbnail
cleveland-usa,Cleveland,"Cleveland, United States 🇺🇸",United States,41.4993,-81.6944,3,,Cleveland is known for its Rock & Roll Hall of Fame and its location on the southern shore of Lake Erie.,https://thumb.wikimedia.org/wikipedia/commons/thumb/9/92/Cleveland_skyline_from_Lakewood_Park%2C_January_2026.jpg/500px-Cleveland_skyline_from_Lakewood_Park%2C_January_2026.jpg?utm_source=en.wikipedia.org&utm_campaign=api&utm_content=thumbnail
detroit-usa,Detroit,"Detroit, United States 🇺🇸",United States,42.3314,-83.0458,3,,Detroit is known as the Motor City and played a pivotal role in the American automotive industry.,https://thumb.wikimedia.org/wikipedia/commons/thumb/4/45/Detroit_Skyline_from_Windsor_2025-09-01.jpg/500px-Detroit_Skyline_from_Windsor_2025-09-01.jpg?utm_source=en.wikipedia.org&utm_campaign=api&utm_content=thumbnail
minneapolis-usa,Minneapolis,"Minneapolis, United States 🇺🇸",United States,44.9778,-93.265,3,,"Minneapolis is known for its extensive park system, lakes, and as a hub for the arts and finance.",https://thumb.wikimedia.org/wikipedia/commons/thumb/3/31/Minneapolis_Skyline_looking_south.jpg/500px-Minneapolis_Skyline_looking_south.jpg?utm_source=en.wikipedia.org&utm_campaign=api&utm_content=thumbnail
raleigh-usa,Raleigh,"Raleigh, United States 🇺🇸",United States,35.7796,-78.6382,3,,"Raleigh is North Carolina's capital and part of the Research Triangle, known for its universities and tech sector.",https://thumb.wikimedia.org/wikipedia/commons/thumb/e/e7/Raleigh_Skyline.jpg/500px-Raleigh_Skyline.jpg?utm_source=en.wikipedia.org&utm_campaign=api&utm_content=thumbnail
nashville-usa,Nashville,"Nashville, United States 🇺🇸",United States,36.1627,-86.7816,2,,Nashville is known as Music City and is the heart of country music in the United States.,https://thumb.wikimedia.org/wikipedia/commons/thumb/4/44/Nashville%2C_Tennessee_%28cropped%29.jpg/500px-Nashville%2C_Tennessee_%28cropped%29.jpg?utm_source=en.wikipedia.org&utm_campaign=api&utm_content=thumbnail
portland-oregon-usa,Portland,"Portland, United States 🇺🇸",United States,45.5155,-122.6793,2,,"Portland, Oregon is known for its parks, bridges, food scene, and commitment to sustainability.",https://commons.wikimedia.org/wiki/Special:Redirect/file/Portland_panorama3.jpg
louisville-usa,Louisville,"Louisville, United States 🇺🇸",United States,38.2527,-85.7585,3,,"Louisville is home to the Kentucky Derby, held annually at Churchill Downs since 1875.",https://thumb.wikimedia.org/wikipedia/commons/thumb/5/55/Louisville_Skyline_2021_%283%29.jpg/500px-Louisville_Skyline_2021_%283%29.jpg?utm_source=en.wikipedia.org&utm_campaign=api&utm_content=thumbnail
melbourne-australia,Melbourne,"Melbourne, Australia 🇦🇺",Australia,-37.8136,144.9631,2,,Melbourne was briefly Australia's capital from 1901 to 1927 before Canberra took over.,https://thumb.wikimedia.org/wikipedia/commons/thumb/7/74/Melbourne_skyline_sor.jpg/500px-Melbourne_skyline_sor.jpg?utm_source=en.wikipedia.org&utm_campaign=api&utm_content=thumbnail
brisbane-australia,Brisbane,"Brisbane, Australia 🇦🇺",Australia,-27.4698,153.0251,2,,Brisbane is built along the winding Brisbane River and hosted the 1982 Commonwealth Games and 2032 Olympics.,https://thumb.wikimedia.org/wikipedia/commons/thumb/0/0f/Brisbane_CBD_seen_from_Kangaroo_Point%2C_2024%2C_01_%282%29.jpg/500px-Brisbane_CBD_seen_from_Kangaroo_Point%2C_2024%2C_01_%282%29.jpg?utm_source=en.wikipedia.org&utm_campaign=api&utm_content=thumbnail
perth-australia,Perth,"Perth, Australia 🇦🇺",Australia,-31.9505,115.8605,2,,"Perth is the most isolated major city in the world, closer to Singapore than to any other Australian capital.",https://thumb.wikimedia.org/wikipedia/commons/thumb/3/3e/Perth_CBD_skyline_from_State_War_Memorial_Lookout%2C_2023%2C_04_b.jpg/500px-Perth_CBD_skyline_from_State_War_Memorial_Lookout%2C_2023%2C_04_b.jpg?utm_source=en.wikipedia.org&utm_campaign=api&utm_content=thumbnail
adelaide-australia,Adelaide,"Adelaide, Australia 🇦🇺",Australia,-34.9285,138.6007,2,,Adelaide was designed by Colonel William Light in a grid layout with wide boulevards and parklands.,https://thumb.wikimedia.org/wikipedia/commons/thumb/9/9b/Adelaide_skyline%2C_December_2022_b.jpg/500px-Adelaide_skyline%2C_December_2022_b.jpg?utm_source=en.wikipedia.org&utm_campaign=api&utm_content=thumbnail
hobart-australia,Hobart,"Hobart, Australia 🇦🇺",Australia,-42.8821,147.3272,3,,Hobart is Australia's second-oldest capital and the gateway to Antarctica for many Australian expeditions.,https://thumb.wikimedia.org/wikipedia/commons/thumb/e/e4/Franklin_Wharf_2015_b_%28cropped%29.jpg/500px-Franklin_Wharf_2015_b_%28cropped%29.jpg?utm_source=en.wikipedia.org&utm_campaign=api&utm_content=thumbnail
auckland-new-zealand,Auckland,"Auckland, New Zealand 🇳🇿",New Zealand,-36.8485,174.7633,2,,Auckland is built on a volcanic field with 53 dormant volcanoes scattered across the city.,https://thumb.wikimedia.org/wikipedia/commons/thumb/c/c9/Auckland_skyline_-_May_2024_%282%29.jpg/500px-Auckland_skyline_-_May_2024_%282%29.jpg?utm_source=en.wikipedia.org&utm_campaign=api&utm_content=thumbnail
wellington-new-zealand,Wellington,"Wellington, New Zealand 🇳🇿",New Zealand,-41.2865,174.7762,2,Capital Cities,"Wellington is the windiest capital city in the world, with an average wind speed of 27 km/h.",https://thumb.wikimedia.org/wikipedia/commons/thumb/3/32/Seddon_Statue_in_Parliament_Grounds.jpg/500px-Seddon_Statue_in_Parliament_Grounds.jpg?utm_source=en.wikipedia.org&utm_campaign=api&utm_content=thumbnail
christchurch-new-zealand,Christchurch,"Christchurch, New Zealand 🇳🇿",New Zealand,-43.5321,172.6362,2,,Christchurch was devastated by a major earthquake in 2011 that reshaped the entire city centre.,https://thumb.wikimedia.org/wikipedia/commons/thumb/b/bd/The_%22Brill%22_Tram_178.New_Regent_St_Christchurch._%2811510530335%29.jpg/500px-The_%22Brill%22_Tram_178.New_Regent_St_Christchurch._%2811510530335%29.jpg?utm_source=en.wikipedia.org&utm_campaign=api&utm_content=thumbnail
dunedin-new-zealand,Dunedin,"Dunedin, New Zealand 🇳🇿",New Zealand,-45.8788,170.5028,3,,"Dunedin has the steepest street in the world, Baldwin Street, with a gradient of 35% at its steepest.",https://thumb.wikimedia.org/wikipedia/commons/thumb/5/57/Dunedin-Nueva_Zelanda01.JPG/500px-Dunedin-Nueva_Zelanda01.JPG?utm_source=en.wikipedia.org&utm_campaign=api&utm_content=thumbnail
port-moresby-papua-new-guinea,Port Moresby,"Port Moresby, Papua New Guinea 🇵🇬",Papua New Guinea,-9.4438,147.1803,3,,Port Moresby is Papua New Guinea's capital and one of the wettest cities in the Pacific region.,https://thumb.wikimedia.org/wikipedia/commons/thumb/6/6a/Port_Moresby_Town2_Mschlauch.jpg/500px-Port_Moresby_Town2_Mschlauch.jpg?utm_source=en.wikipedia.org&utm_campaign=api&utm_content=thumbnail
honiara-solomon-islands,Honiara,"Honiara, Solomon Islands 🇸🇧",Solomon Islands,-9.4456,159.9729,5,Island Nations,Honiara is the capital of the Solomon Islands and was the site of fierce fighting during WWII's Battle of Guadalcanal.,https://thumb.wikimedia.org/wikipedia/commons/thumb/3/3a/Honiara_View.jpg/500px-Honiara_View.jpg?utm_source=en.wikipedia.org&utm_campaign=api&utm_content=thumbnail
nuku-alofa-tonga,Nuku'alofa,"Nuku'alofa, Tonga 🇹🇴",Tonga,-21.1394,-175.2032,6,Island Nations,"Nuku'alofa is the capital of Tonga and sits on the northern edge of Tongatapu, the country's main island.",https://thumb.wikimedia.org/wikipedia/commons/thumb/9/94/Royal_Palace%2C_Nuku%27alofa%2C_Nov_18.jpg/500px-Royal_Palace%2C_Nuku%27alofa%2C_Nov_18.jpg?utm_source=en.wikipedia.org&utm_campaign=api&utm_content=thumbnail
apia-samoa,Apia,"Apia, Samoa 🇼🇸",Samoa,-13.8507,-171.7514,5,Island Nations,Apia is Samoa's capital and was devastated by a tsunami in 2009 that killed 189 people.,https://thumb.wikimedia.org/wikipedia/en/thumb/a/a8/WS-apia-regierg.jpg/500px-WS-apia-regierg.jpg?utm_source=en.wikipedia.org&utm_campaign=api&utm_content=thumbnail
majuro-marshall-islands,Majuro,"Majuro, Marshall Islands 🇲🇭",Marshall Islands,7.0667,171.2667,7,Island Nations,"Majuro is the capital of the Marshall Islands, built on a narrow coral atoll averaging just 2 meters above sea level.",https://thumb.wikimedia.org/wikipedia/commons/thumb/a/a2/Eneko_Islet_02.JPG/500px-Eneko_Islet_02.JPG?utm_source=en.wikipedia.org&utm_campaign=api&utm_content=thumbnail
tarawa-kiribati,Tarawa,"Tarawa, Kiribati 🇰🇮",Kiribati,1.3278,172.9764,7,Island Nations,South Tarawa is Kiribati's capital and is one of the most densely populated places in the Pacific.,https://thumb.wikimedia.org/wikipedia/commons/thumb/b/b5/South_Tarawa_from_the_air.jpg/1280px-South_Tarawa_from_the_air.jpg
port-vila-vanuatu,Port Vila,"Port Vila, Vanuatu 🇻🇺",Vanuatu,-17.7333,168.3167,5,Island Nations,"Port Vila is Vanuatu's capital, built around a natural harbour that was a popular port for whaling ships.",https://thumb.wikimedia.org/wikipedia/commons/thumb/e/e8/Port_Vila_aerial.jpg/500px-Port_Vila_aerial.jpg?utm_source=en.wikipedia.org&utm_campaign=api&utm_content=thumbnail
sydney-opera-house,Sydney Opera House,Where is the Sydney Opera House?,Australia,-33.8568,151.2153,2,,"The Sydney Opera House was designed by Jørn Utzon and took 14 years to complete, opening in 1973.",https://thumb.wikimedia.org/wikipedia/commons/thumb/a/a0/Sydney_Australia._%2821339175489%29.jpg/500px-Sydney_Australia._%2821339175489%29.jpg?utm_source=en.wikipedia.org&utm_campaign=api&utm_content=thumbnail
twelve-apostles,Twelve Apostles,Where is the Twelve Apostles lookout along the Great Ocean Road?,Australia,-38.6621,143.1056,5,,"The Twelve Apostles are limestone stacks formed by erosion, with only eight still standing today.",https://thumb.wikimedia.org/wikipedia/commons/thumb/4/48/The_Last_Supper_-_Leonardo_Da_Vinci_-_High_Resolution_32x16.jpg/500px-The_Last_Supper_-_Leonardo_Da_Vinci_-_High_Resolution_32x16.jpg?utm_source=en.wikipedia.org&utm_campaign=api&utm_content=thumbnail
nourlangie-rock,Nourlangie Rock,Where is Nourlangie Rock in Kakadu National Park?,Australia,-12.8653,132.8139,7,,"Nourlangie Rock contains some of Australia's oldest Aboriginal rock art, with paintings dating back thousands of years.",https://thumb.wikimedia.org/wikipedia/commons/thumb/5/53/Kakadu_2488.jpg/500px-Kakadu_2488.jpg?utm_source=en.wikipedia.org&utm_campaign=api&utm_content=thumbnail
uluru-base,Uluru Base,Where is the Uluru Base Walk trailhead?,Australia,-25.3444,131.0369,4,,Uluru is sacred to the Anangu people and its circumference is about 9.4 kilometers around the base.,https://thumb.wikimedia.org/wikipedia/commons/thumb/a/a8/ULURU.jpg/500px-ULURU.jpg?utm_source=en.wikipedia.org&utm_campaign=api&utm_content=thumbnail
bondi-beach,Bondi Beach,Where is Bondi Beach?,Australia,-33.8915,151.2767,2,Beaches,Bondi Beach is Australia's most famous surf beach and a hub of beach culture since the early 20th century.,https://thumb.wikimedia.org/wikipedia/commons/thumb/7/79/Bondi_from_above.jpg/500px-Bondi_from_above.jpg?utm_source=en.wikipedia.org&utm_campaign=api&utm_content=thumbnail
sydney-harbour-bridge,Harbour Bridge,Where is the Sydney Harbour Bridge southern pylon?,Australia,-33.8523,151.2108,3,,"The Sydney Harbour Bridge is the world's largest steel arch bridge and took over 1,400 workers to build.",https://thumb.wikimedia.org/wikipedia/commons/thumb/5/55/Sydney_Harbour_Bridge-16_October_2025.jpg/500px-Sydney_Harbour_Bridge-16_October_2025.jpg?utm_source=en.wikipedia.org&utm_campaign=api&utm_content=thumbnail
maheno-shipwreck,Maheno Shipwreck,Where is the Maheno Shipwreck on Fraser Island?,Australia,-25.2633,153.2383,7,,The SS Maheno washed ashore on Fraser Island in 1935 during a cyclone and has been rusting on the beach ever since.,https://thumb.wikimedia.org/wikipedia/commons/thumb/4/4b/StateLibQld_1_256139_Maheno%2C_the_steamship_whose_hull_now_lies_rusting_on_the_beach_at_Fraser_Island%2C_ca._1905.jpg/500px-StateLibQld_1_256139_Maheno%2C_the_steamship_whose_hull_now_lies_rusting_on_the_beach_at_Fraser_Island%2C_ca._1905.jpg?utm_source=en.wikipedia.org&utm_campaign=api&utm_content=thumbnail
uluru-sunset,Uluru Sunset,Where is the Uluru Sunset Viewing Area?,Australia,-25.3523,131.0331,4,,"Uluru changes color dramatically at sunset, shifting from ochre to deep red as the light fades.",https://thumb.wikimedia.org/wikipedia/commons/thumb/a/a8/ULURU.jpg/500px-ULURU.jpg?utm_source=en.wikipedia.org&utm_campaign=api&utm_content=thumbnail
heart-reef,Heart Reef,Where is Heart Reef in the Whitsundays?,Australia,-19.7754,149.2478,7,,"Heart Reef is a naturally formed coral formation shaped like a heart, best viewed from above.",https://upload.wikimedia.org/wikipedia/commons/2/24/Anthony_Brandon_Wong_on_the_set_of_Queen_of_Oz.jpg?utm_source=en.wikipedia.org&utm_campaign=api&utm_content=thumbnail_unscaled
port-arthur,Port Arthur,Where is the Port Arthur Historic Site penitentiary ruins?,Australia,-43.1466,147.8512,6,,Port Arthur was Australia's largest penal colony in the 1800s and is now a UNESCO World Heritage Site.,https://upload.wikimedia.org/wikipedia/commons/0/09/Port_Arthur_main_building.jpg
mt-ngauruhoe,Mt Ngauruhoe,Where is Mount Ngauruhoe in Tongariro National Park?,New Zealand,-39.1568,175.6321,5,,Mount Ngauruhoe starred as Mount Doom in the Lord of the Rings films and is an active stratovolcano.,https://thumb.wikimedia.org/wikipedia/commons/thumb/8/85/Le_Ngauruhoe_et_le_Ruapehu_vus_du_sommet_du_Tongariro.jpg/500px-Le_Ngauruhoe_et_le_Ruapehu_vus_du_sommet_du_Tongariro.jpg?utm_source=en.wikipedia.org&utm_campaign=api&utm_content=thumbnail
mitre-peak,Mitre Peak,Where is Mitre Peak at Milford Sound?,New Zealand,-44.6281,167.8575,6,Fjords & Glaciers,"Mitre Peak rises nearly 1,700 meters straight from the waters of Milford Sound in Fiordland.",https://thumb.wikimedia.org/wikipedia/commons/thumb/f/f0/Milford_Sound%2C_2016-01-31%2C_Mitre_Peak_from_the_port.jpg/500px-Milford_Sound%2C_2016-01-31%2C_Mitre_Peak_from_the_port.jpg?utm_source=en.wikipedia.org&utm_campaign=api&utm_content=thumbnail
bark-bay,Bark Bay,Where is Bark Bay in Abel Tasman National Park?,New Zealand,-40.9953,173.0594,7,,"Bark Bay is known for its golden beaches, tidal estuary, and is a popular stop on the Abel Tasman Coast Track.",https://thumb.wikimedia.org/wikipedia/commons/thumb/5/56/Rock_stacks_in_Anapai_Bay.jpg/500px-Rock_stacks_in_Anapai_Bay.jpg?utm_source=en.wikipedia.org&utm_campaign=api&utm_content=thumbnail
church-of-good-shepherd,Good Shepherd Church,Where is the Church of the Good Shepherd at Lake Tekapo?,New Zealand,-44.0015,170.4774,6,,The Church of the Good Shepherd was built in 1935 and is one of New Zealand's most photographed landmarks.,https://thumb.wikimedia.org/wikipedia/commons/thumb/3/3f/Good_Shepherd_Church%2C_Coalburg%2C_West_Virginia.jpg/500px-Good_Shepherd_Church%2C_Coalburg%2C_West_Virginia.jpg?utm_source=en.wikipedia.org&utm_campaign=api&utm_content=thumbnail
champagne-pool,Champagne Pool,Where is the Champagne Pool at Wai-O-Tapu?,New Zealand,-38.3583,176.3694,7,,"The Champagne Pool gets its name from its bubbling carbon dioxide gas, creating a champagne-like fizz.",https://thumb.wikimedia.org/wikipedia/commons/thumb/a/ab/ChampagnePool-Wai-O-Tapu_rotated_MC.jpg/500px-ChampagnePool-Wai-O-Tapu_rotated_MC.jpg?utm_source=en.wikipedia.org&utm_campaign=api&utm_content=thumbnail
moeraki-boulders,Moeraki Boulders,Where are the Moeraki Boulders?,New Zealand,-45.3456,170.8261,6,,The Moeraki Boulders are spherical concretions formed over 60 million years ago by mineral cementation.,https://thumb.wikimedia.org/wikipedia/commons/thumb/6/6a/Moeraki_Boulders.jpg/500px-Moeraki_Boulders.jpg?utm_source=en.wikipedia.org&utm_campaign=api&utm_content=thumbnail
queenstown-bay,Queenstown Bay,Where is the Queenstown Bay?,New Zealand,-45.0312,168.6626,5,,"Queenstown is known as the adventure capital of the world, birthplace of commercial bungee jumping.",https://thumb.wikimedia.org/wikipedia/commons/thumb/c/c9/Queenstown_1_%288168013172%29.jpg/500px-Queenstown_1_%288168013172%29.jpg?utm_source=en.wikipedia.org&utm_campaign=api&utm_content=thumbnail
fox-glacier,Fox Glacier,Where is the Fox Glacier terminal face?,New Zealand,-43.4644,170.0178,6,Fjords & Glaciers,Fox Glacier is one of the few glaciers in the world that descends into temperate rainforest.,https://thumb.wikimedia.org/wikipedia/commons/thumb/2/20/Fox-Gletscher1.jpg/500px-Fox-Gletscher1.jpg?utm_source=en.wikipedia.org&utm_campaign=api&utm_content=thumbnail
pohutu-geyser,Pohutu Geyser,Where is Pohutu Geyser in Rotorua?,New Zealand,-38.1608,176.2581,6,,"Pohutu Geyser erupts up to 20 times a day, shooting water up to 30 meters into the air.",https://thumb.wikimedia.org/wikipedia/commons/thumb/9/98/Priroda_Aotearoe.jpg/500px-Priroda_Aotearoe.jpg?utm_source=en.wikipedia.org&utm_campaign=api&utm_content=thumbnail
matira-beach,Matira Beach,Where is Matira Beach on Bora Bora?,France,-16.5397,-151.7415,7,Pacific Islands; Beaches,"Matira Beach is considered one of the world's best beaches, with shallow turquoise lagoon waters.",https://upload.wikimedia.org/wikipedia/commons/2/2d/BoraboraISS006-E-39815.PNG?utm_source=en.wikipedia.org&utm_campaign=api&utm_content=thumbnail_unscaled
mt-orohena,Mt Orohena,Where is Mount Orohena on Tahiti?,France,-17.6256,-149.4753,7,Pacific Islands,"Mount Orohena is French Polynesia's highest peak at 2,241 meters, shrouded in cloud most of the year.",https://upload.wikimedia.org/wikipedia/commons/c/c9/Mont.Orohena.JPG
beqa-firewalk,Beqa Firewalk,Where is the fire-walking grounds on Beqa Island?,Fiji,-18.4033,177.9533,8,Pacific Islands,"Beqa Island is famous for its traditional firewalkers, a practice dating back centuries.",https://thumb.wikimedia.org/wikipedia/commons/thumb/4/40/Fire_Walking_%281234969885%29.jpg/500px-Fire_Walking_%281234969885%29.jpg?utm_source=en.wikipedia.org&utm_campaign=api&utm_content=thumbnail
sopoaga-falls,Sopo'aga Falls,Where are the Sopo'aga Falls in Samoa?,Samoa,-14.0117,-171.7692,8,Pacific Islands; Waterfalls,"Sopo'aga Falls plunge over 50 meters into a lush volcanic crater, one of Samoa's most iconic waterfalls.",https://upload.wikimedia.org/wikipedia/commons/0/01/Sopo%27aga_waterfall_-_Samoa.jpg
lifou-cliffs,Lifou Cliffs,Where are the Jokin Cliffs on Lifou Island?,France,-20.915,167.2722,9,Pacific Islands,The limestone cliffs of Lifou in New Caledonia drop straight into the turquoise South Pacific Ocean.,https://thumb.wikimedia.org/wikipedia/commons/thumb/5/58/Lifou_falaises_Xodre.JPG/500px-Lifou_falaises_Xodre.JPG?utm_source=en.wikipedia.org&utm_campaign=api&utm_content=thumbnail
two-lovers-point,Two Lovers Point,Where is Two Lovers Point in Guam?,United States,13.5364,144.8028,8,,Two Lovers Point is a limestone cliff with a tragic Chamorro legend of star-crossed lovers who leapt to their deaths.,https://thumb.wikimedia.org/wikipedia/commons/thumb/3/39/Two_Lovers_Point_from_Tumon_Bay.JPG/500px-Two_Lovers_Point_from_Tumon_Bay.JPG?utm_source=en.wikipedia.org&utm_campaign=api&utm_content=thumbnail
ngorachong-falls,Ngorachong Falls,Where is Ngorachong Waterfall in Palau?,Palau,7.4244,134.5594,9,Pacific Islands,"Ngorachong Falls is the tallest waterfall in Palau, cascading down a lush cliff face on Babeldaob Island.",https://commons.wikimedia.org/wiki/Special:Redirect/file/Ngardmau_Waterfall.jpg
mt-yasur,Mt Yasur,Where is Mount Yasur on Tanna Island?,Vanuatu,-19.5333,169.45,7,Volcanoes; Pacific Islands,"Mount Yasur is one of the world's most accessible active volcanoes, erupting almost continuously for centuries.",https://thumb.wikimedia.org/wikipedia/commons/thumb/b/bb/Mt._Yasur%2C_Tanna%2C_Vanuatu%2C_12_June_2009_%283621308808%29.jpg/1280px-Mt._Yasur%2C_Tanna%2C_Vanuatu%2C_12_June_2009_%283621308808%29.jpg
oivi-kokoda,Oivi Kokoda,Where is the Oivi village along the Kokoda Track?,Papua New Guinea,-9.0694,147.7439,8,,"Oivi was a key battleground during the Kokoda Campaign of WWII, where Australians fought to repel Japanese forces.",https://thumb.wikimedia.org/wikipedia/commons/thumb/5/52/Australian_39th_Battalion_after_the_Kokoda_Track_campaign_1942_%28AWM_013289%29.jpg/500px-Australian_39th_Battalion_after_the_Kokoda_Track_campaign_1942_%28AWM_013289%29.jpg?utm_source=en.wikipedia.org&utm_campaign=api&utm_content=thumbnail
ambunti-sepik,Ambunti,Where is Ambunti on the Sepik River?,Papua New Guinea,-4.2147,142.8425,9,,"Ambunti is a cultural center along the Sepik River, renowned for its traditional wood carvings and crocodile culture.",https://commons.wikimedia.org/wiki/Special:Redirect/file/Sepik_River_IMG_2117.jpg
kiriwina-trobriands,Kiriwina,Where is Kaibola on Kiriwina Island?,Papua New Guinea,-8.5542,151.0817,9,,Kiriwina in the Trobriand Islands is famous for its complex kula exchange system studied by Bronislaw Malinowski.,https://upload.wikimedia.org/wikipedia/commons/b/b3/Karta_PG_Trobriand_isl.PNG?utm_source=en.wikipedia.org&utm_campaign=api&utm_content=thumbnail_unscaled
pavuvu-russells,Pavuvu,Where is Pavuvu Island in the Russell Islands?,Solomon Islands,-9.05,159.2,9,,Pavuvu was a major U.S. Marine staging base during the Guadalcanal Campaign in World War II.,https://thumb.wikimedia.org/wikipedia/commons/thumb/e/e2/Pavuvu_Island%2C_Russell_Islands%2C_Sentinel-2.jpg/500px-Pavuvu_Island%2C_Russell_Islands%2C_Sentinel-2.jpg?utm_source=en.wikipedia.org&utm_campaign=api&utm_content=thumbnail
great-sea-reef,Great Sea Reef,Where is the Great Sea Reef's northern tip near Vanua Levu?,Fiji,-16.1667,179.3667,9,,"The Great Sea Reef is the third longest barrier reef in the world, stretching over 1,200 km around Fiji.",https://thumb.wikimedia.org/wikipedia/commons/thumb/4/4f/ISS-45_StoryOfWater%2C_Great_Barrier_Reef%2C_Australia.jpg/500px-ISS-45_StoryOfWater%2C_Great_Barrier_Reef%2C_Australia.jpg?utm_source=en.wikipedia.org&utm_campaign=api&utm_content=thumbnail
savusavu-bay,Savusavu Bay,Where is Savusavu Bay on Vanua Levu?,Fiji,-16.7794,179.3344,9,,Savusavu Bay is a natural hurricane hole known for its hot springs bubbling up through the seabed.,https://commons.wikimedia.org/wiki/Special:Redirect/file/Savusavu.jpg
pangai-haapai,Pangai,Where is Pangai in the Ha'apai group?,Tonga,-19.8047,-174.3475,9,,"Pangai is the administrative center of Ha'apai, a stunning archipelago of coral islands in Tonga.",https://upload.wikimedia.org/wikipedia/commons/c/ca/Haapai.jpg?utm_source=en.wikipedia.org&utm_campaign=api&utm_content=thumbnail_unscaled
aganoa-beach,Aganoa Beach,Where is the Aganoa Black Sand Beach on Upolu?,Samoa,-13.8806,-171.4539,9,Beaches,"Aganoa Beach is a remote black sand beach on Samoa's Upolu Island, popular for surfing and its pristine setting.",https://thumb.wikimedia.org/wikipedia/commons/thumb/f/f5/Early_morning_at_Aganoa.jpg/500px-Early_morning_at_Aganoa.jpg?utm_source=en.wikipedia.org&utm_campaign=api&utm_content=thumbnail
aitutaki-lagoon,Aitutaki Lagoon,Where is the main pass into Aitutaki Lagoon?,Cook Islands,-18.8683,-159.7717,8,Pacific Islands,Aitutaki Lagoon is famous for its brilliant turquoise water and a necklace of small coral motu islands.,https://thumb.wikimedia.org/wikipedia/commons/thumb/3/3e/AST-01-039_Aituctaki_Atoll.jpg/500px-AST-01-039_Aituctaki_Atoll.jpg?utm_source=en.wikipedia.org&utm_campaign=api&utm_content=thumbnail
mata-utu-wallis,Mata-Utu,Where is Mata-Utu on Wallis Island?,France,-13.2833,-176.1833,9,,"Mata-Utu is the capital of Wallis and Futuna, perched on a small island in the lagoon of Wallis.",https://thumb.wikimedia.org/wikipedia/commons/thumb/6/6f/287_Place_Sagato_Soane_le_lendemain_de_la_f%C3%AAte_du_territoire_2017_%2836269295603%29.jpg/500px-287_Place_Sagato_Soane_le_lendemain_de_la_f%C3%AAte_du_territoire_2017_%2836269295603%29.jpg?utm_source=en.wikipedia.org&utm_campaign=api&utm_content=thumbnail
suicide-cliff-saipan,Suicide Cliff,Where is Suicide Cliff on Saipan?,United States,15.2606,145.8094,9,,Suicide Cliff is a historic WWII site where thousands of civilians leapt to their deaths during the Battle of Saipan.,https://thumb.wikimedia.org/wikipedia/commons/thumb/5/5c/SUICIDE_CLIFF.jpg/500px-SUICIDE_CLIFF.jpg?utm_source=en.wikipedia.org&utm_campaign=api&utm_content=thumbnail
chuuk-wrecks,Chuuk Wrecks,Where is the wreck of the Fujikawa Maru in Chuuk Lagoon?,Micronesia,7.4167,151.7833,9,Pacific Islands,Chuuk Lagoon is a world-renowned wreck diving site with dozens of Japanese WWII shipwrecks.,https://upload.wikimedia.org/wikipedia/commons/thumb/2/28/San_Francisco_Maru_-_Mine_%26_Shells.jpg/500px-San_Francisco_Maru_-_Mine_%26_Shells.jpg
menke-ruins,Menke Ruins,Where is the Menke Ruins on Kosrae?,Micronesia,5.3222,162.9778,9,,The Menke Ruins are the remains of a massive 19th-century stone city built by Kosraean chiefs.,https://upload.wikimedia.org/wikipedia/commons/c/c4/Kosrae.png?utm_source=en.wikipedia.org&utm_campaign=api&utm_content=thumbnail_unscaled
nan-madol,Nan Madol,Where are the stone ruins of Nan Madol on Pohnpei?,Micronesia,6.8445,158.3357,8,Pacific Islands,"Nan Madol is an ancient city of artificial islets made from basalt columns, often called the 'Venice of the Pacific'.",https://thumb.wikimedia.org/wikipedia/commons/thumb/c/c3/Nan_madol.jpg/500px-Nan_madol.jpg?utm_source=en.wikipedia.org&utm_campaign=api&utm_content=thumbnail
makapu-point-niue,Makapu Point,Where is Makapu Point on Niue?,Niue,-19.0158,-169.9214,9,,Makapu Point features dramatic limestone cliffs and blowholes on this tiny coral island nation.,https://thumb.wikimedia.org/wikipedia/commons/thumb/0/04/Makapuu_Point_2.jpeg/500px-Makapuu_Point_2.jpeg?utm_source=en.wikipedia.org&utm_campaign=api&utm_content=thumbnail
avatiu-harbour,Avatiu Harbour,Where is Avatiu Harbour on Rarotonga?,Cook Islands,-21.2075,-159.7775,9,,"Avatiu Harbour is the main port of the Cook Islands, sheltered by a coral reef.",https://thumb.wikimedia.org/wikipedia/commons/thumb/f/f4/Avatiu_Harbour%2C_Rarotonga_%28482134%29_%289449672405%29.jpg/500px-Avatiu_Harbour%2C_Rarotonga_%28482134%29_%289449672405%29.jpg?utm_source=en.wikipedia.org&utm_campaign=api&utm_content=thumbnail
halemaumau-crater,Halemaʻumaʻu,Where is Halemaʻumaʻu Crater in Hawaiʻi Volcanoes National Park?,United States,19.4098,-155.283,6,Volcanoes,"Halemaʻumaʻu is the home of Pele, Hawaiian goddess of fire, and has hosted an active lava lake for much of the past decade.",https://thumb.wikimedia.org/wikipedia/commons/thumb/2/26/Halema%CA%BBuma%CA%BBu_crater2.jpg/500px-Halema%CA%BBuma%CA%BBu_crater2.jpg?utm_source=en.wikipedia.org&utm_campaign=api&utm_content=thumbnail
mt-waialeale,Mt Waiʻaleʻale,Where is Mount Waiʻaleʻale on Kauai?,United States,22.0714,-159.4964,6,,"Mount Waiʻaleʻale is one of the wettest places on Earth, receiving over 11 meters of rain annually.",https://thumb.wikimedia.org/wikipedia/commons/thumb/c/c0/Whylake.jpg/500px-Whylake.jpg?utm_source=en.wikipedia.org&utm_campaign=api&utm_content=thumbnail
mauna-kea,Mauna Kea,Where is the Mauna Kea Observatories summit?,United States,19.8207,-155.4681,5,,"Mauna Kea is the world's tallest mountain from base to summit, rising over 10,200 meters from the ocean floor.",https://thumb.wikimedia.org/wikipedia/commons/thumb/8/8d/Mauna_Kea_from_the_ocean.jpg/500px-Mauna_Kea_from_the_ocean.jpg?utm_source=en.wikipedia.org&utm_campaign=api&utm_content=thumbnail
pearl-harbor-uss-arizona,USS Arizona,Where is the USS Arizona Memorial at Pearl Harbor?,United States,21.3647,-157.9499,3,,"The USS Arizona Memorial marks the resting place of 1,177 sailors killed during the Japanese attack on Pearl Harbor on December 7, 1941.",https://thumb.wikimedia.org/wikipedia/commons/thumb/1/11/Arizona_%28BB39%29_Port_Bow%2C_Underway_-_NARA_-_5900075_-_1930.jpg/500px-Arizona_%28BB39%29_Port_Bow%2C_Underway_-_NARA_-_5900075_-_1930.jpg?utm_source=en.wikipedia.org&utm_campaign=api&utm_content=thumbnail
scott-hut-cape-evans,Scott Hut,Where is Scott's Terra Nova Hut at Cape Evans?,Antarctica,-77.6333,166.4167,8,Antarctic Outposts,Robert Falcon Scott's Terra Nova expedition hut still stands preserved in the Antarctic cold at Cape Evans.,https://thumb.wikimedia.org/wikipedia/commons/thumb/2/27/Cape_Evans_Scott%27s_Hut.jpg/500px-Cape_Evans_Scott%27s_Hut.jpg?utm_source=en.wikipedia.org&utm_campaign=api&utm_content=thumbnail
shackleton-hut-cape-royds,Shackleton Hut,Where is Shackleton's Nimrod Hut at Cape Royds?,Antarctica,-77.5533,166.1697,8,Antarctic Outposts,Ernest Shackleton's hut from the Nimrod Expedition (1907-1909) is remarkably well preserved at Cape Royds.,https://thumb.wikimedia.org/wikipedia/commons/thumb/2/24/CapeRoyds.jpg/500px-CapeRoyds.jpg?utm_source=en.wikipedia.org&utm_campaign=api&utm_content=thumbnail
port-lockroy,Port Lockroy,Where is Port Lockroy on Wiencke Island?,Antarctica,-64.8233,-63.4844,7,Antarctic Outposts,Port Lockroy was the first British Antarctic research station and is now a museum and penguin colony.,https://thumb.wikimedia.org/wikipedia/commons/thumb/5/5a/Port_Lockroy_1962.jpg/500px-Port_Lockroy_1962.jpg?utm_source=en.wikipedia.org&utm_campaign=api&utm_content=thumbnail
petermann-island,Petermann Island,Where is Petermann Island?,Antarctica,-65.1722,-64.135,9,Antarctic Outposts,"Petermann Island is home to one of Antarctica's largest Adélie penguin colonies, with stunning glacier views.",https://thumb.wikimedia.org/wikipedia/commons/thumb/9/97/Petermann_Island_all.jpg/500px-Petermann_Island_all.jpg?utm_source=en.wikipedia.org&utm_campaign=api&utm_content=thumbnail
whalers-bay-deception,Whalers Bay,Where is Whalers Bay on Deception Island?,Antarctica,-62.9778,-60.5528,8,Antarctic Outposts,Deception Island is an active volcano where a Norwegian whaling station was destroyed by an eruption in 1969.,https://upload.wikimedia.org/wikipedia/commons/7/7d/1_Deception_Island.jpg
harmony-point-nelson,Harmony Point,Where is Harmony Point on Nelson Island?,Antarctica,-62.3,-59.2667,9,,"Harmony Point hosts one of the largest chinstrap penguin colonies in Antarctica, with over 100,000 pairs.",https://upload.wikimedia.org/wikipedia/commons/thumb/8/8a/Eco_Nelson_2019.jpg/500px-Eco_Nelson_2019.jpg
byrd-station,Byrd Station,Where was Byrd Station located?,Antarctica,-80.0167,-119.5167,9,Antarctic Outposts,Byrd Station was a key American research base buried deep under snow; its original buildings are now entombed by ice.,https://upload.wikimedia.org/wikipedia/commons/b/be/Byrd_Station.PNG?utm_source=en.wikipedia.org&utm_campaign=api&utm_content=thumbnail_unscaled
angel-falls,Angel Falls,Where is Angel Falls?,Venezuela,5.9675,-62.5356,4,Waterfalls,Venezuela's Angel Falls has the world's highest uninterrupted waterfall drop. It plunges from the summit of Auyantepui.,https://upload.wikimedia.org/wikipedia/commons/e/e9/SaltoAngel1.jpg?utm_source=en.wikipedia.org&utm_campaign=api&utm_content=thumbnail_unscaled
buenos-aires-obelisk,Buenos Aires Obelisk,Where is the Obelisk of Buenos Aires?,Argentina,-34.6037,-58.3816,2,,The monument was erected in 1936 where Argentina's flag was first raised in the city. It stands in the middle of Avenida 9 de Julio.,https://thumb.wikimedia.org/wikipedia/commons/thumb/f/fc/Buenos_Aires_%2820234294752%29.jpg/500px-Buenos_Aires_%2820234294752%29.jpg?utm_source=en.wikipedia.org&utm_campaign=api&utm_content=thumbnail
sugarloaf-mountain-summit,Sugarloaf Mountain,Where is the summit of Sugarloaf Mountain?,Brazil,-22.9493,-43.1546,2,,Cable cars carry visitors to this granite peak above Guanabara Bay. The present aerial route traces its history to 1912.,https://thumb.wikimedia.org/wikipedia/commons/thumb/8/8d/P%C3%A3o_de_A%C3%A7ucar_-_Sugarloaf_Mountain_-_Zuckerhut_-_2022.jpg/500px-P%C3%A3o_de_A%C3%A7ucar_-_Sugarloaf_Mountain_-_Zuckerhut_-_2022.jpg?utm_source=en.wikipedia.org&utm_campaign=api&utm_content=thumbnail
perito-moreno-viewpoint,Perito Moreno Glacier,Where is the main viewpoint for Perito Moreno Glacier?,Argentina,-50.4734,-73.0325,5,Fjords & Glaciers,This Patagonian glacier is famous for periodic ice-dam ruptures. Boardwalks across the channel provide a close view of its towering front.,https://thumb.wikimedia.org/wikipedia/commons/thumb/c/c8/Perito_Moreno_Glacier_2023.jpg/500px-Perito_Moreno_Glacier_2023.jpg?utm_source=en.wikipedia.org&utm_campaign=api&utm_content=thumbnail
lima-plaza-mayor,Lima,Where is Lima's Plaza Mayor?,Peru,-12.0453,-77.0309,3,,Francisco Pizarro laid out this central square in 1535. Peru's Government Palace and cathedral face it.,https://thumb.wikimedia.org/wikipedia/commons/thumb/6/69/Bas%C3%ADlica_Catedral_Metropolitana_de_Lima_%28cropped%29.jpg/500px-Bas%C3%ADlica_Catedral_Metropolitana_de_Lima_%28cropped%29.jpg?utm_source=en.wikipedia.org&utm_campaign=api&utm_content=thumbnail
bogota-bolivar-square,Bogota,Where is Bolivar Square in Bogota?,Colombia,4.5981,-74.0758,3,,Bogota's civic heart is named for independence leader Simon Bolivar. The square is framed by Colombia's principal institutions.,https://thumb.wikimedia.org/wikipedia/commons/thumb/2/20/Bogota%2C_Colombia_%2836668708290%29.jpg/500px-Bogota%2C_Colombia_%2836668708290%29.jpg?utm_source=en.wikipedia.org&utm_campaign=api&utm_content=thumbnail
montevideo-plaza-independencia,Montevideo,Where is Plaza Independencia in Montevideo?,Uruguay,-34.9065,-56.1997,3,,This square separates Montevideo's old city from its modern center. A monument and mausoleum honor Jose Artigas.,https://thumb.wikimedia.org/wikipedia/commons/thumb/5/59/PALACIO_LEGISLATIVO_01.JPG/500px-PALACIO_LEGISLATIVO_01.JPG?utm_source=en.wikipedia.org&utm_campaign=api&utm_content=thumbnail
la-paz-plaza-murillo,La Paz,Where is Plaza Murillo in La Paz?,Bolivia,-16.4957,-68.1335,3,,"Bolivia's executive and legislative buildings cluster around this historic plaza. It sits at roughly 3,650 meters above sea level.",https://thumb.wikimedia.org/wikipedia/commons/thumb/3/3f/Vista_del_centro_de_La_Paz.jpg/500px-Vista_del_centro_de_La_Paz.jpg?utm_source=en.wikipedia.org&utm_campaign=api&utm_content=thumbnail
uyuni-salt-hotel,Uyuni Salt Flats,Where is the original salt hotel on Salar de Uyuni?,Bolivia,-20.3319,-67.0477,4,Andes,The former Hotel de Sal Playa Blanca is built largely from blocks of salt. It now serves as a museum near the flats' Dakar monument.,https://thumb.wikimedia.org/wikipedia/commons/thumb/4/4a/Salar_Uyuni_au01.jpg/500px-Salar_Uyuni_au01.jpg?utm_source=en.wikipedia.org&utm_campaign=api&utm_content=thumbnail
torres-del-paine-base-viewpoint,Torres del Paine,Where is the Base Torres viewpoint?,Argentina,-50.9423,-72.9486,4,Andes,This viewpoint faces the three sheer granite towers that give the Chilean park its name. Reaching it requires a demanding hike.,https://thumb.wikimedia.org/wikipedia/commons/thumb/c/ce/Torres_del_Paine_y_cuernos_del_Paine%2C_montaje.jpg/500px-Torres_del_Paine_y_cuernos_del_Paine%2C_montaje.jpg?utm_source=en.wikipedia.org&utm_campaign=api&utm_content=thumbnail
lake-titicaca-uros,Uros Floating Islands,Where are the Uros floating islands?,Peru,-15.8167,-69.9714,4,Andes; Lakes,The Uros build and maintain islands from layers of totora reeds on Lake Titicaca. Reed boats and homes use the same plant.,https://thumb.wikimedia.org/wikipedia/commons/thumb/e/e7/Indigenous_woman_of_Peru_showing_her_traditional_textiles.png/500px-Indigenous_woman_of_Peru_showing_her_traditional_textiles.png?utm_source=en.wikipedia.org&utm_campaign=api&utm_content=thumbnail
medellin-botero-plaza,Medellin,Where is Botero Plaza in Medellin?,Colombia,6.2519,-75.5689,4,,The plaza displays 23 monumental bronze sculptures donated by Fernando Botero. The patterned Palace of Culture stands beside it.,https://thumb.wikimedia.org/wikipedia/commons/thumb/e/e4/El_Poblado_Medell%C3%ADn.jpg/500px-El_Poblado_Medell%C3%ADn.jpg?utm_source=en.wikipedia.org&utm_campaign=api&utm_content=thumbnail
manaus-opera-house,Amazon Theatre,Where is the Amazon Theatre?,Brazil,-3.1303,-60.0234,4,,Manaus built this lavish opera house during the rubber boom. Its dome is tiled in the colors of Brazil's flag.,https://thumb.wikimedia.org/wikipedia/commons/thumb/4/42/Noite_no_Teatro_Amazonas_%28cropped%29.jpg/500px-Noite_no_Teatro_Amazonas_%28cropped%29.jpg?utm_source=en.wikipedia.org&utm_campaign=api&utm_content=thumbnail
atacama-alma-observatory,ALMA Observatory,Where is the ALMA Observatory operations site?,Chile,-23.029,-67.755,4,,"ALMA's radio antennas observe the cold universe from Chile's exceptionally dry high plateau. The array operates above 5,000 meters.",https://thumb.wikimedia.org/wikipedia/commons/thumb/9/92/ALMA_Antennas_on_Chajnantor.jpg/500px-ALMA_Antennas_on_Chajnantor.jpg?utm_source=en.wikipedia.org&utm_campaign=api&utm_content=thumbnail
equator-mitad-del-mundo,Mitad del Mundo,Where is the Mitad del Mundo monument?,Ecuador,-0.0022,-78.4558,4,,This monument celebrates Ecuador's equatorial location. Modern measurements place the true equator a short distance away.,https://thumb.wikimedia.org/wikipedia/commons/thumb/0/05/Mitad_del_Mundo%2C_Quito%2C_Ecuador%2C_2015-07-22%2C_DD_15.JPG/500px-Mitad_del_Mundo%2C_Quito%2C_Ecuador%2C_2015-07-22%2C_DD_15.JPG?utm_source=en.wikipedia.org&utm_campaign=api&utm_content=thumbnail
valparaiso-ascensor-artilleria,Valparaiso,Where is Valparaiso's Ascensor Artilleria?,Chile,-33.0335,-71.6306,4,Port Cities,This funicular climbs between the port district and Paseo 21 de Mayo. It is one of the city's historic hillside elevators.,https://thumb.wikimedia.org/wikipedia/commons/thumb/d/dd/Historic_Quarter_of_the_Seaport_City_of_Valpara%C3%ADso_04.jpg/500px-Historic_Quarter_of_the_Seaport_City_of_Valpara%C3%ADso_04.jpg?utm_source=en.wikipedia.org&utm_campaign=api&utm_content=thumbnail
georgetown-st-georges-cathedral,Georgetown,Where is St. George's Cathedral in Georgetown?,Guyana,6.8121,-58.1638,6,,This Anglican cathedral is among the world's tallest wooden churches. Its Gothic spire rises above Guyana's capital.,https://upload.wikimedia.org/wikipedia/commons/9/93/St._George%27s_Anglican_Cathedral_-_Georgetown_%2822878368303%29.jpg
paramaribo-presidential-palace,Paramaribo,Where is Suriname's Presidential Palace?,Suriname,5.8261,-55.1505,6,,The white colonial-era palace faces Independence Square in Paramaribo's UNESCO-listed center. A palm garden lies behind it.,https://thumb.wikimedia.org/wikipedia/commons/thumb/d/de/Paramaribo_city_collage.png/500px-Paramaribo_city_collage.png?utm_source=en.wikipedia.org&utm_campaign=api&utm_content=thumbnail
cusco-plaza-de-armas,Cusco,Where is Cusco's Plaza de Armas?,Peru,-13.5164,-71.9785,3,,The square occupies part of the Inca ceremonial center once called Huacaypata. Spanish churches now rise over Inca foundations.,https://thumb.wikimedia.org/wikipedia/commons/thumb/d/d7/Vista_Calle_Suecia.jpg/500px-Vista_Calle_Suecia.jpg?utm_source=en.wikipedia.org&utm_campaign=api&utm_content=thumbnail
maracana-stadium,Maracana Stadium,Where is Maracana Stadium?,Brazil,-22.9122,-43.2302,3,,Rio's famous stadium hosted decisive matches in two FIFA World Cups. It opened for the 1950 tournament.,https://thumb.wikimedia.org/wikipedia/commons/thumb/a/a4/Maracana_2022.jpg/500px-Maracana_2022.jpg?utm_source=en.wikipedia.org&utm_campaign=api&utm_content=thumbnail
potosi-casa-de-la-moneda,Potosi Mint,Where is the National Mint of Bolivia in Potosi?,Bolivia,-19.5887,-65.7532,4,Andes; Mining Towns,Colonial silver from Cerro Rico was coined in this vast mint. Its machinery and galleries document the city's extraordinary boom.,https://thumb.wikimedia.org/wikipedia/commons/thumb/e/e0/Casa_de_la_moneda.jpg/500px-Casa_de_la_moneda.jpg?utm_source=en.wikipedia.org&utm_campaign=api&utm_content=thumbnail
pantanal-porto-jofre,Porto Jofre,"Where is Porto Jofre, a gateway to the Pantanal?",Bolivia,-17.3616,-56.7753,7,,This small riverside outpost marks the southern end of the Transpantaneira. Boat trips from here are renowned for jaguar sightings.,https://thumb.wikimedia.org/wikipedia/commons/thumb/2/26/Porto_Jofre.JPG/500px-Porto_Jofre.JPG?utm_source=en.wikipedia.org&utm_campaign=api&utm_content=thumbnail
kaieteur-falls-viewpoint,Kaieteur Falls,Where is the main viewpoint at Kaieteur Falls?,Guyana,5.175,-59.4807,5,Waterfalls,The Potaro River drops in a single powerful plunge over Guyana's sandstone plateau. The falls are remote and usually reached by small aircraft.,https://thumb.wikimedia.org/wikipedia/commons/thumb/e/e2/GuyanaKaieteurFalls2004.jpg/500px-GuyanaKaieteurFalls2004.jpg?utm_source=en.wikipedia.org&utm_campaign=api&utm_content=thumbnail
colca-canyon-condor-cross,Cruz del Condor,Where is the Cruz del Condor viewpoint?,Peru,-15.6117,-71.9039,5,Andes; Canyons & Gorges,This ledge above Peru's Colca Canyon is celebrated for close views of soaring Andean condors. Thermal currents lift the birds past the rim.,https://thumb.wikimedia.org/wikipedia/commons/thumb/d/d9/Chivay%2C_2023_%28cropped%29.jpg/500px-Chivay%2C_2023_%28cropped%29.jpg?utm_source=en.wikipedia.org&utm_campaign=api&utm_content=thumbnail
lencois-maranhenses-lagoa-bonita,Lagoa Bonita,Where is the Lagoa Bonita viewpoint?,Brazil,-2.5889,-43.0555,6,,Seasonal freshwater lagoons collect among immense white dunes near Barreirinhas. Lagoa Bonita is reached by a steep sand climb.,https://thumb.wikimedia.org/wikipedia/commons/thumb/f/fc/Lagoa_Len%C3%A7%C3%B3is_Maranhenses.JPG/1280px-Lagoa_Len%C3%A7%C3%B3is_Maranhenses.JPG
paraty-historic-center,Paraty,Where is the historic center of Paraty?,Brazil,-23.2196,-44.7132,5,Colonial Towns,Paraty preserves cobbled streets and colonial buildings on Brazil's Costa Verde. High tides intentionally wash into parts of the old town.,https://thumb.wikimedia.org/wikipedia/commons/thumb/b/be/Paraty_05.JPG/500px-Paraty_05.JPG?utm_source=en.wikipedia.org&utm_campaign=api&utm_content=thumbnail
tiwanaku-kalasasaya,Tiwanaku,Where is the Kalasasaya temple at Tiwanaku?,Bolivia,-16.5547,-68.6733,5,,Tiwanaku was the ceremonial center of a major pre-Inca civilization. The famous Gateway of the Sun stands within the archaeological complex.,https://thumb.wikimedia.org/wikipedia/commons/thumb/0/0c/PUERTA_DEL_SOL_TIWANAKU.jpg/500px-PUERTA_DEL_SOL_TIWANAKU.jpg?utm_source=en.wikipedia.org&utm_campaign=api&utm_content=thumbnail
chan-chan-tshudi-palace,Chan Chan,Where is the Tschudi Palace at Chan Chan?,Peru,-8.1106,-79.0743,5,Ancient Ruins,"Chan Chan was the capital of the Chimu kingdom and the largest adobe city in the Americas. Reliefs in its compounds evoke waves, fish, and seabirds.",https://thumb.wikimedia.org/wikipedia/commons/thumb/e/e0/Chan_chan_view1.jpg/500px-Chan_chan_view1.jpg?utm_source=en.wikipedia.org&utm_campaign=api&utm_content=thumbnail
san-agustin-statue-forest,San Agustin Statues,Where is the Bosque de las Estatuas at San Agustin?,Colombia,1.8877,-76.2953,7,,This Colombian archaeological park protects enigmatic stone figures made by a pre-Columbian culture. Many guarded monumental tombs.,https://thumb.wikimedia.org/wikipedia/commons/thumb/7/75/Parque_Arqueol%C3%B3gico_de_San_Agust%C3%ADn-Mesita_A_06.jpg/500px-Parque_Arqueol%C3%B3gico_de_San_Agust%C3%ADn-Mesita_A_06.jpg?utm_source=en.wikipedia.org&utm_campaign=api&utm_content=thumbnail
las-lajas-sanctuary,Las Lajas Sanctuary,Where is Las Lajas Sanctuary?,Colombia,0.805,-77.586,7,,This neo-Gothic church bridges a deep gorge near Colombia's border with Ecuador. Its altar incorporates the cliff face.,https://thumb.wikimedia.org/wikipedia/commons/thumb/d/d2/Santuario_de_Las_Lajas%2C_Ipiales%2C_Colombia%2C_2015-07-21%2C_DD_26-27_HDR.JPG/500px-Santuario_de_Las_Lajas%2C_Ipiales%2C_Colombia%2C_2015-07-21%2C_DD_26-27_HDR.JPG?utm_source=en.wikipedia.org&utm_campaign=api&utm_content=thumbnail
mount-roraima-triple-point,Mount Roraima,Where is the triple-border marker on Mount Roraima?,Venezuela,5.209,-60.735,5,,"A small monument marks the meeting of Venezuela, Guyana, and Brazil atop the tepui. The isolated summit supports unusual endemic plants.",https://thumb.wikimedia.org/wikipedia/commons/thumb/3/35/Roraima3_%2879%29.JPG/500px-Roraima3_%2879%29.JPG?utm_source=en.wikipedia.org&utm_campaign=api&utm_content=thumbnail
nahuel-huapi-civic-centre,Bariloche,Where is Bariloche's Civic Centre?,Argentina,-41.1335,-71.3103,5,,Bariloche's stone-and-timber civic complex faces Lake Nahuel Huapi. The city is Argentina's best-known gateway to the northern Patagonian lakes.,https://thumb.wikimedia.org/wikipedia/commons/thumb/1/16/Catedral_desde_el_Lago_Nahuel_Huapi_-_panoramio.jpg/500px-Catedral_desde_el_Lago_Nahuel_Huapi_-_panoramio.jpg?utm_source=en.wikipedia.org&utm_campaign=api&utm_content=thumbnail
punta-arenas-magellan-monument,Punta Arenas,Where is the Magellan monument in Punta Arenas?,Chile,-53.1627,-70.9078,5,,A bronze Ferdinand Magellan crowns the monument in the city's main square. Local tradition promises a return to Patagonia to those who touch its polished foot.,https://thumb.wikimedia.org/wikipedia/commons/thumb/a/a4/Montaje_Punta_Arenas.png/500px-Montaje_Punta_Arenas.png?utm_source=en.wikipedia.org&utm_campaign=api&utm_content=thumbnail
ushuaia-end-of-world-sign,Ushuaia,Where is Ushuaia's End of the World sign?,Argentina,-54.8071,-68.303,3,,The waterfront sign celebrates Ushuaia's claim as the world's southernmost city. The Beagle Channel and Martial Mountains frame the setting.,https://thumb.wikimedia.org/wikipedia/commons/thumb/a/a4/Ushuaia_aerial_panorama.jpg/500px-Ushuaia_aerial_panorama.jpg?utm_source=en.wikipedia.org&utm_campaign=api&utm_content=thumbnail
sucre-casa-libertad,Casa de la Libertad,Where is Casa de la Libertad in Sucre?,Bolivia,-19.0476,-65.2596,5,Andes,Bolivia's declaration of independence was signed in this former Jesuit building in 1825. It now serves as a national history museum.,https://thumb.wikimedia.org/wikipedia/commons/thumb/6/66/Casa_de_la_Libertad_Sucre.jpg/1280px-Casa_de_la_Libertad_Sucre.jpg
ouro-preto-tiradentes-square,Ouro Preto,Where is Tiradentes Square in Ouro Preto?,Brazil,-20.3854,-43.5035,5,Colonial Towns,Baroque churches and steep colonial streets surround this former gold-rush capital. The square honors independence martyr Tiradentes.,https://thumb.wikimedia.org/wikipedia/commons/thumb/4/4d/Conjunto_arquitet%C3%B4nico_e_urban%C3%ADstico_de_Ouro_Preto.JPG/500px-Conjunto_arquitet%C3%B4nico_e_urban%C3%ADstico_de_Ouro_Preto.JPG?utm_source=en.wikipedia.org&utm_campaign=api&utm_content=thumbnail
brasilia-national-congress,National Congress of Brazil,"National Congress of Brazil, Brazil 🇧🇷",Brazil,-15.7997,-47.8642,5,,Oscar Niemeyer designed the paired towers and opposing bowl-shaped chambers. The complex is a defining work of modernist Brasilia.,https://thumb.wikimedia.org/wikipedia/commons/thumb/f/f6/Brasilia_National_Congress.JPG/1280px-Brasilia_National_Congress.JPG
recife-marco-zero,Recife,Where is Marco Zero in Recife?,Brazil,-8.0631,-34.8711,6,,This waterfront plaza is the official point from which road distances in Pernambuco are measured. A colorful compass mosaic fills its center.,https://thumb.wikimedia.org/wikipedia/commons/thumb/8/82/Antonio_Vaz_island_-_Recife%2C_Pernambuco%2C_Brazil_%28cropped%29.jpg/500px-Antonio_Vaz_island_-_Recife%2C_Pernambuco%2C_Brazil_%28cropped%29.jpg?utm_source=en.wikipedia.org&utm_campaign=api&utm_content=thumbnail
salvador-pelourinho,Pelourinho,Where is Salvador's Largo do Pelourinho?,Brazil,-12.9711,-38.5108,5,Colonial Towns,Pastel-colored colonial buildings line this steep square in Salvador's historic center. It is a major center of Afro-Brazilian culture.,https://thumb.wikimedia.org/wikipedia/commons/thumb/2/24/Centro_Hist%C3%B3rico_Salvador_Vista_A%C3%A9rea_2021-0933.jpg/500px-Centro_Hist%C3%B3rico_Salvador_Vista_A%C3%A9rea_2021-0933.jpg?utm_source=en.wikipedia.org&utm_campaign=api&utm_content=thumbnail
tayrona-cabo-san-juan,Cabo San Juan,Where is Cabo San Juan in Tayrona National Park?,Colombia,11.3304,-73.9778,6,,Twin Caribbean coves meet beneath a rocky lookout and hut. The beach is reached by trail or boat within Colombia's Tayrona park.,https://thumb.wikimedia.org/wikipedia/commons/thumb/b/bc/Las_Cabezas_de_San_Juan_PR_Fajardo_IMG_2385_Laguna_Grande.JPG/500px-Las_Cabezas_de_San_Juan_PR_Fajardo_IMG_2385_Laguna_Grande.JPG?utm_source=en.wikipedia.org&utm_campaign=api&utm_content=thumbnail
cotopaxi-refuge,Cotopaxi Refuge,Where is the Jose Rivas Refuge on Cotopaxi?,Ecuador,-0.6805,-78.4374,6,Andes,This high-altitude refuge sits on the flank of one of the world's highest active volcanoes. Climbers use it as a base for summit attempts.,https://thumb.wikimedia.org/wikipedia/commons/thumb/2/20/Cotopaxi_volcano_2008-06-27T1322.jpg/500px-Cotopaxi_volcano_2008-06-27T1322.jpg?utm_source=en.wikipedia.org&utm_campaign=api&utm_content=thumbnail
cuenca-new-cathedral,Cuenca Cathedral,Where is Cuenca's New Cathedral?,Ecuador,-2.8974,-79.0045,6,,Three enormous blue-tiled domes crown this Ecuadorian landmark. A design error meant its planned bell towers could not safely be completed.,https://thumb.wikimedia.org/wikipedia/commons/thumb/b/b1/Cuenca_Cathedral_2020.jpg/500px-Cuenca_Cathedral_2020.jpg?utm_source=en.wikipedia.org&utm_campaign=api&utm_content=thumbnail
isla-del-sol-chincana,Chincana Ruins,Where are the Chincana ruins on Isla del Sol?,Bolivia,-15.999,-69.1906,6,,This Inca complex overlooks Lake Titicaca from the island's northern end. Its maze of stone rooms may have housed priests.,https://upload.wikimedia.org/wikipedia/commons/f/f5/Ruinas_de_Chinkana_al_norte_de_la_Isla_del_Sol_en_marzo_de_2025.jpg
fitz-roy-laguna-de-los-tres,Laguna de los Tres,Where is the Laguna de los Tres viewpoint?,Argentina,-49.2818,-73.0445,6,Andes,This glacial lake provides the classic close view of Mount Fitz Roy. The final approach is one of the steepest stretches of the trail.,https://thumb.wikimedia.org/wikipedia/commons/thumb/4/47/El_Chalt%C3%A9n.jpg/500px-El_Chalt%C3%A9n.jpg?utm_source=en.wikipedia.org&utm_campaign=api&utm_content=thumbnail
peninsula-valdes-punta-norte,Punta Norte,Where is Punta Norte on Peninsula Valdes?,Argentina,-42.0739,-63.7707,6,,Sea lions and elephant seals gather along this remote Patagonian shore. Orcas sometimes use intentional stranding to hunt here.,https://commons.wikimedia.org/wiki/Special:Redirect/file/Vald%C3%A9s_peninsula_from_orbit.jpg
chavin-de-huantar,Chavin de Huantar,Where is the Lanzon temple at Chavin de Huantar?,Peru,-9.5928,-77.1784,6,,Underground galleries surround the carved Lanzon monolith at this ancient Andean ceremonial center. The site predates the Inca by well over a millennium.,https://thumb.wikimedia.org/wikipedia/commons/thumb/6/60/Chav%C3%ADn_de_Hu%C3%A1ntar_-_51149086708.jpg/500px-Chav%C3%ADn_de_Hu%C3%A1ntar_-_51149086708.jpg?utm_source=en.wikipedia.org&utm_campaign=api&utm_content=thumbnail
new-grange-colonia-lighthouse,Colonia Lighthouse,Where is the lighthouse in Colonia del Sacramento?,Uruguay,-34.4712,-57.8514,6,,The lighthouse rises through the ruins of a 17th-century convent. Its summit overlooks the Rio de la Plata and the old Portuguese quarter.,https://thumb.wikimedia.org/wikipedia/commons/thumb/b/bd/Basilica_del_Sanct%C3%ADsimo_Sacramento.jpg/500px-Basilica_del_Sanct%C3%ADsimo_Sacramento.jpg?utm_source=en.wikipedia.org&utm_campaign=api&utm_content=thumbnail
coffin-island-devils-island,Devil's Island,Where is the ruined prison on Devil's Island?,France,5.2936,-52.583,7,,This tiny island off French Guiana formed part of the notorious penal colony known as the Salvation Islands. Alfred Dreyfus was imprisoned here.,https://thumb.wikimedia.org/wikipedia/commons/thumb/d/da/Tour_dreyfus_kourou.jpg/500px-Tour_dreyfus_kourou.jpg?utm_source=en.wikipedia.org&utm_campaign=api&utm_content=thumbnail
kourou-space-centre,Guiana Space Centre,Where is the Guiana Space Centre's main launch zone?,France,5.236,-52.7756,7,,"Europe launches rockets from near-equatorial French Guiana, where Earth's rotation provides an efficiency advantage. The spaceport began operating in 1968.",https://thumb.wikimedia.org/wikipedia/commons/thumb/f/fa/CSG_Panoramic.jpg/1280px-CSG_Panoramic.jpg
calama-chuquicamata-viewpoint,Chuquicamata Mine,Where is the Chuquicamata mine viewpoint?,Chile,-22.2892,-68.901,7,,Chuquicamata is one of the world's largest open-pit copper mines. The neighboring company town was largely relocated because of environmental concerns.,https://thumb.wikimedia.org/wikipedia/commons/thumb/b/b6/Mina_de_Chuquicamata%2C_Calama%2C_Chile%2C_2016-02-01%2C_DD_110-112_PAN.JPG/500px-Mina_de_Chuquicamata%2C_Calama%2C_Chile%2C_2016-02-01%2C_DD_110-112_PAN.JPG?utm_source=en.wikipedia.org&utm_campaign=api&utm_content=thumbnail
hand-in-the-desert,Hand of the Desert,Where is the Hand of the Desert?,Chile,-24.1584,-70.1561,7,,Chilean sculptor Mario Irarrazabal's giant concrete hand rises from the Atacama beside the Pan-American Highway. It was unveiled in 1992.,https://commons.wikimedia.org/wiki/Special:Redirect/file/ManodelDesierto(Panoramica).jpg
tatacoa-observatory,Tatacoa Observatory,Where is the astronomical observatory in the Tatacoa badlands?,Colombia,3.2336,-75.168,7,,Clear skies and low light pollution make this small Colombian observatory a popular stargazing site. Red and gray eroded formations surround it.,https://thumb.wikimedia.org/wikipedia/commons/thumb/a/ac/Desierto_de_la_Tatacoa_-_camilogaleano%28com%29.jpg/500px-Desierto_de_la_Tatacoa_-_camilogaleano%28com%29.jpg?utm_source=en.wikipedia.org&utm_campaign=api&utm_content=thumbnail
quilotoa-crater-viewpoint,Quilotoa Crater Lake,Where is the main viewpoint over Quilotoa crater lake?,Ecuador,-0.8669,-78.9093,7,Andes,A turquoise lake fills the caldera of this Ecuadorian volcano. Dissolved minerals help produce its changing color.,https://thumb.wikimedia.org/wikipedia/commons/thumb/2/29/Panorama_quilotoa_crater_lake_ecuador.jpg/500px-Panorama_quilotoa_crater_lake_ecuador.jpg?utm_source=en.wikipedia.org&utm_campaign=api&utm_content=thumbnail
concepcion-jesuit-mission,Concepcion Mission,Where is the Jesuit mission church of Concepcion?,Bolivia,-16.1311,-62.0268,7,,This richly decorated wooden church belongs to Bolivia's UNESCO-listed Jesuit Missions of Chiquitos. Its present reconstruction follows the original colonial design.,https://thumb.wikimedia.org/wikipedia/commons/thumb/9/93/Mission_Concepcion_San_Antonio.JPG/500px-Mission_Concepcion_San_Antonio.JPG?utm_source=en.wikipedia.org&utm_campaign=api&utm_content=thumbnail
arequipa-santa-catalina,Santa Catalina Monastery,Where is Santa Catalina Monastery?,Peru,-16.3951,-71.5369,7,,This vast walled convent in Arequipa resembles a small city of vivid lanes and cloisters. It was founded in 1579.,https://thumb.wikimedia.org/wikipedia/commons/thumb/5/5c/Santa_Catalina_Monastery%2C_Arequipa_-_53032077180.jpg/500px-Santa_Catalina_Monastery%2C_Arequipa_-_53032077180.jpg?utm_source=en.wikipedia.org&utm_campaign=api&utm_content=thumbnail
laguna-colorada-viewpoint,Laguna Colorada,Where is the main viewpoint at Laguna Colorada?,Chile,-22.1996,-67.7748,8,Andes,Minerals and algae tint this shallow Bolivian lake red. Large flocks of flamingos feed in its high-altitude waters.,https://thumb.wikimedia.org/wikipedia/commons/thumb/a/a2/Laguna_Colorada_%2815764090609%29.jpg/500px-Laguna_Colorada_%2815764090609%29.jpg?utm_source=en.wikipedia.org&utm_campaign=api&utm_content=thumbnail
cabo-polonia-lighthouse,Cabo Polonio Lighthouse,Where is the lighthouse at Cabo Polonio?,Uruguay,-34.4048,-53.7779,8,,This lighthouse watches over a rocky Uruguayan cape reached across dunes by off-road vehicles. A large sea-lion colony occupies nearby islets.,https://thumb.wikimedia.org/wikipedia/commons/thumb/9/9c/Faro_de_Cabo_Polonio%2C_Uruguay_01.jpg/500px-Faro_de_Cabo_Polonio%2C_Uruguay_01.jpg?utm_source=en.wikipedia.org&utm_campaign=api&utm_content=thumbnail
joaquin-suarez-stadium-paramaribo,Andre Kamperveen Stadium,Where is Andre Kamperveen Stadium?,Suriname,5.837,-55.16,6,,"Suriname's national stadium in Paramaribo is named for a footballer, broadcaster, and former national team captain. It hosts major domestic and international matches.",https://thumb.wikimedia.org/wikipedia/commons/thumb/c/c2/KamperveenStadion.jpg/500px-KamperveenStadion.jpg?utm_source=en.wikipedia.org&utm_campaign=api&utm_content=thumbnail
fort-zeelandia-paramaribo,Fort Zeelandia,Where is Fort Zeelandia in Paramaribo?,Suriname,5.8252,-55.1496,6,,This riverside fort records centuries of Dutch colonial history in Suriname. It now houses the Surinaams Museum.,https://thumb.wikimedia.org/wikipedia/commons/thumb/4/45/Fort_Zeelandia%2C_Anping_District%2C_Tainan_City_%28Taiwan%29.jpg/500px-Fort_Zeelandia%2C_Anping_District%2C_Tainan_City_%28Taiwan%29.jpg?utm_source=en.wikipedia.org&utm_campaign=api&utm_content=thumbnail
serra-da-capivara-boqueirao,Pedra Furada,Where is Pedra Furada in Serra da Capivara?,Brazil,-8.8422,-42.5525,8,,This natural rock arch stands amid one of South America's richest concentrations of prehistoric rock art. Nearby sites have fueled debate about the timing of human settlement.,https://thumb.wikimedia.org/wikipedia/commons/thumb/e/e1/20030924PPedraFurada9.jpg/500px-20030924PPedraFurada9.jpg?utm_source=en.wikipedia.org&utm_campaign=api&utm_content=thumbnail
pucara-de-tilcara,Pucara de Tilcara,Where is Pucara de Tilcara?,Argentina,-23.5882,-65.402,8,,This reconstructed pre-Hispanic hilltop settlement overlooks Argentina's Quebrada de Humahuaca. Its position controlled movement through the valley.,https://thumb.wikimedia.org/wikipedia/commons/thumb/6/69/Pucar%C3%A1_de_Tilcara_01.JPG/500px-Pucar%C3%A1_de_Tilcara_01.JPG?utm_source=en.wikipedia.org&utm_campaign=api&utm_content=thumbnail
st-louis-cathedral-cayenne,Cayenne Cathedral,Where is Saint-Sauveur Cathedral in Cayenne?,France,4.9385,-52.3348,6,,This ochre-trimmed cathedral anchors the center of French Guiana's capital. Its present form dates largely from the 19th century.,https://thumb.wikimedia.org/wikipedia/commons/thumb/d/da/Cath%C3%A9dralestsauveur.jpg/500px-Cath%C3%A9dralestsauveur.jpg?utm_source=en.wikipedia.org&utm_campaign=api&utm_content=thumbnail
real-felipe-fortress,Real Felipe Fortress,Where is the Real Felipe Fortress?,Peru,-12.0621,-77.1494,6,,Spain built this star-shaped fortress to defend the port of Callao after the devastating 1746 earthquake and tsunami. It later played roles in Peru's independence wars.,https://thumb.wikimedia.org/wikipedia/commons/thumb/a/a0/The_Real_Felipe_Fortress.jpg/500px-The_Real_Felipe_Fortress.jpg?utm_source=en.wikipedia.org&utm_campaign=api&utm_content=thumbnail
fuerte-bulnes,Fuerte Bulnes,Where is Fuerte Bulnes?,Chile,-53.6268,-70.9174,7,,Chile established this wooden fort in 1843 to assert control over the Strait of Magellan. Harsh conditions soon prompted settlers to move to Punta Arenas.,https://thumb.wikimedia.org/wikipedia/commons/thumb/7/72/Fuerte_Bulnes.jpg/1280px-Fuerte_Bulnes.jpg
moai-quarry-rano-raraku,Rano Raraku Quarry,Where is the moai quarry at Rano Raraku?,Chile,-27.1231,-109.2892,5,,"Nearly all Easter Island moai were carved from volcanic tuff at this crater. Hundreds remain standing, lying, or partly cut from bedrock.",https://thumb.wikimedia.org/wikipedia/commons/thumb/a/a2/Rano-Raraku-Panorama-2013.jpg/500px-Rano-Raraku-Panorama-2013.jpg?utm_source=en.wikipedia.org&utm_campaign=api&utm_content=thumbnail
inkaterra-canopy-tower-tambopata,Tambopata Canopy Tower,Where is the canopy tower near Tambopata Research Center?,Peru,-13.1355,-69.6138,9,,The tower gives researchers and visitors a treetop perspective on Peru's Amazon rainforest. Macaws gather at nearby clay licks.,https://thumb.wikimedia.org/wikipedia/commons/thumb/e/ea/PuertoMaldonado_LagoSandoval3.jpg/500px-PuertoMaldonado_LagoSandoval3.jpg?utm_source=en.wikipedia.org&utm_campaign=api&utm_content=thumbnail
el-tatio-geysers,El Tatio Geyser Field,Where is the main boardwalk at El Tatio?,Chile,-22.3379,-68.011,6,Andes,"Steam columns are most visible around dawn at this high Andean geothermal field. The site stands more than 4,300 meters above sea level.",https://thumb.wikimedia.org/wikipedia/commons/thumb/5/5d/G%C3%A9iseres_del_Tatio%2C_Atacama%2C_Chile%2C_2016-02-01%2C_DD_01-02_HDR.JPG/500px-G%C3%A9iseres_del_Tatio%2C_Atacama%2C_Chile%2C_2016-02-01%2C_DD_01-02_HDR.JPG?utm_source=en.wikipedia.org&utm_campaign=api&utm_content=thumbnail
falkland-goose-green-memorial,Goose Green Memorial,Where is the Goose Green memorial?,United Kingdom,-51.8278,-58.9791,7,,The settlement was the scene of a major 1982 Falklands War battle. Memorials commemorate those killed in the fighting.,https://commons.wikimedia.org/wiki/Special:Redirect/file/Grave_at_Goose_Green%2C_Falkland_Islands.jpg
saint-laurent-camp-transportation,Camp de la Transportation,Where is the Camp de la Transportation?,France,5.5019,-54.0306,8,,Prisoners arriving in French Guiana were processed at this penal camp in Saint-Laurent-du-Maroni. Preserved cell blocks recall the transportation era.,https://thumb.wikimedia.org/wikipedia/commons/thumb/c/cf/Sous-pr%C3%A9fecture_Saint-Laurent_du_Maroni.jpg/500px-Sous-pr%C3%A9fecture_Saint-Laurent_du_Maroni.jpg?utm_source=en.wikipedia.org&utm_campaign=api&utm_content=thumbnail
fort-nieuw-amsterdam,Fort Nieuw Amsterdam,Where is Fort Nieuw Amsterdam in Suriname?,Suriname,5.8873,-55.0911,8,,This open-air museum occupies an 18th-century fort at the meeting of the Suriname and Commewijne rivers. Its earthworks guarded plantations and shipping.,https://upload.wikimedia.org/wikipedia/commons/thumb/a/ab/Aerial_photo_of_Fort_Nieuw-Amsterdam.jpg/500px-Aerial_photo_of_Fort_Nieuw-Amsterdam.jpg
chacaltaya-observatory,Chacaltaya Observatory,Where is Chacaltaya Cosmic Physics Observatory?,Bolivia,-16.3505,-68.1314,7,Andes,This exceptionally high Bolivian research station studies cosmic rays and atmospheric physics. A nearby glacier and ski area largely vanished in recent decades.,https://thumb.wikimedia.org/wikipedia/commons/thumb/1/19/Chacaltaya_summit_Oct_2012.jpg/500px-Chacaltaya_summit_Oct_2012.jpg?utm_source=en.wikipedia.org&utm_campaign=api&utm_content=thumbnail
piedra-del-cocuy,Piedra del Cocuy,Where is Piedra del Cocuy?,Venezuela,1.2236,-66.8125,10,,"This isolated granite dome rises above Amazon forest near the meeting of Venezuela, Colombia, and Brazil. It is a striking navigation landmark along the Rio Negro region.",https://thumb.wikimedia.org/wikipedia/commons/thumb/7/72/Pedra_de_Cucu%C3%AD_-_panoramio.jpg/500px-Pedra_de_Cucu%C3%AD_-_panoramio.jpg?utm_source=en.wikipedia.org&utm_campaign=api&utm_content=thumbnail
times-square-nyc,Times Square,Where is Times Square?,United States,40.758,-73.9855,2,,"Times Square is known for its bright lights, Broadway theaters, and New Year's Eve celebration.",https://thumb.wikimedia.org/wikipedia/commons/thumb/4/47/New_york_times_square-terabass.jpg/500px-New_york_times_square-terabass.jpg?utm_source=en.wikipedia.org&utm_campaign=api&utm_content=thumbnail
louvre-paris,Louvre Museum,Where is the Louvre?,France,48.8606,2.3376,2,,The Louvre is the world's largest art museum and a historic monument in Paris.,https://thumb.wikimedia.org/wikipedia/commons/thumb/6/66/Louvre_Museum_Wikimedia_Commons.jpg/500px-Louvre_Museum_Wikimedia_Commons.jpg?utm_source=en.wikipedia.org&utm_campaign=api&utm_content=thumbnail
buckingham-palace-london,Buckingham Palace,Where is Buckingham Palace?,England,51.5014,-0.1419,2,,Buckingham Palace is the London residence and administrative headquarters of the British monarch.,https://thumb.wikimedia.org/wikipedia/commons/thumb/8/8d/Buckingham_Palace_London_Morning_2020_01_%28cropped%29.jpg/500px-Buckingham_Palace_London_Morning_2020_01_%28cropped%29.jpg?utm_source=en.wikipedia.org&utm_campaign=api&utm_content=thumbnail
burj-khalifa-dubai,Burj Khalifa,Where is the Burj Khalifa?,United Arab Emirates,25.1972,55.2744,2,Middle East,"At 828 meters, the Burj Khalifa is the world's tallest building.",https://thumb.wikimedia.org/wikipedia/commons/thumb/9/90/Burj_Khalifa_%28worlds_tallest_building%29_and_the_Dubai_skyline_%2825781049892%29.jpg/500px-Burj_Khalifa_%28worlds_tallest_building%29_and_the_Dubai_skyline_%2825781049892%29.jpg?utm_source=en.wikipedia.org&utm_campaign=api&utm_content=thumbnail
tokyo-tower,Tokyo Tower,Where is Tokyo Tower?,Japan,35.6586,139.7454,1,,Tokyo Tower is a communications and observation tower inspired by the Eiffel Tower.,https://thumb.wikimedia.org/wikipedia/commons/thumb/5/58/Tokyo_Tower_2023.jpg/500px-Tokyo_Tower_2023.jpg?utm_source=en.wikipedia.org&utm_campaign=api&utm_content=thumbnail
red-square-moscow,Red Square,Where is Red Square?,Russia,55.7539,37.6208,2,,"Red Square is Moscow's historic heart, home to St. Basil's Cathedral and the Kremlin.",https://thumb.wikimedia.org/wikipedia/commons/thumb/e/ee/Kremlin_and_Red_Square.1.jpg/500px-Kremlin_and_Red_Square.1.jpg?utm_source=en.wikipedia.org&utm_campaign=api&utm_content=thumbnail
tower-bridge-london,Tower Bridge,Where is Tower Bridge?,England,51.5055,-0.0754,2,,Tower Bridge is a combined bascule and suspension bridge over the River Thames in London.,https://thumb.wikimedia.org/wikipedia/commons/thumb/5/59/Tower_Bridge_at_Dawn.jpg/500px-Tower_Bridge_at_Dawn.jpg?utm_source=en.wikipedia.org&utm_campaign=api&utm_content=thumbnail
notre-dame-paris,Notre-Dame Cathedral,Where is Notre-Dame?,France,48.8529,2.35,2,,Notre-Dame de Paris is a medieval Catholic cathedral on the Île de la Cité.,https://thumb.wikimedia.org/wikipedia/commons/thumb/f/f7/Notre-Dame_de_Paris%2C_4_October_2017.jpg/500px-Notre-Dame_de_Paris%2C_4_October_2017.jpg?utm_source=en.wikipedia.org&utm_campaign=api&utm_content=thumbnail
sistine-chapel-vatican,Sistine Chapel,Where is the Sistine Chapel?,Vatican City,41.903,12.4545,3,Sacred Sites,The Sistine Chapel is famous for Michelangelo's ceiling frescoes in Vatican City.,https://thumb.wikimedia.org/wikipedia/commons/thumb/8/82/Sistina-interno.jpg/500px-Sistina-interno.jpg?utm_source=en.wikipedia.org&utm_campaign=api&utm_content=thumbnail
hollywood-sign-la,Hollywood Sign,Where is the Hollywood Sign?,United States,34.1341,-118.3215,2,,The Hollywood Sign overlooks Los Angeles from Mount Lee in Griffith Park.,https://thumb.wikimedia.org/wikipedia/commons/thumb/2/2f/Hollywood_sign_%288485145044%29.jpg/500px-Hollywood_sign_%288485145044%29.jpg?utm_source=en.wikipedia.org&utm_campaign=api&utm_content=thumbnail
cn-tower-toronto,CN Tower,Where is the CN Tower?,Canada,43.6426,-79.3871,2,,The CN Tower was the world's tallest freestanding structure from 1975 to 2007.,https://thumb.wikimedia.org/wikipedia/commons/thumb/4/48/CN_Tower_logo.png/500px-CN_Tower_logo.png?utm_source=en.wikipedia.org&utm_campaign=api&utm_content=thumbnail
trevi-fountain-rome,Trevi Fountain,Where is the Trevi Fountain?,Italy,41.9009,12.4833,2,,The Trevi Fountain is Rome's largest Baroque fountain and a popular tourist spot.,https://thumb.wikimedia.org/wikipedia/commons/thumb/c/c7/Trevi_Fountain_-_Roma.jpg/500px-Trevi_Fountain_-_Roma.jpg?utm_source=en.wikipedia.org&utm_campaign=api&utm_content=thumbnail
shibuya-crossing-tokyo,Shibuya Crossing,Where is Shibuya Crossing?,Japan,35.6595,139.7004,1,,Shibuya Crossing is one of the world's busiest pedestrian intersections in Tokyo.,https://thumb.wikimedia.org/wikipedia/commons/thumb/8/88/Shibuya_Crossing%2C_Aerial.jpg/500px-Shibuya_Crossing%2C_Aerial.jpg?utm_source=en.wikipedia.org&utm_campaign=api&utm_content=thumbnail
arc-de-triomphe-paris,Arc de Triomphe,Where is the Arc de Triomphe?,France,48.8738,2.295,2,,The Arc de Triomphe honors those who fought and died for France in the French Revolution and Napoleonic Wars.,https://thumb.wikimedia.org/wikipedia/commons/thumb/1/1a/Arc_de_Triomphe_-_Ao%C3%BBt_2026.jpg/500px-Arc_de_Triomphe_-_Ao%C3%BBt_2026.jpg?utm_source=en.wikipedia.org&utm_campaign=api&utm_content=thumbnail
guggenheim-bilbao,Guggenheim Bilbao,Where is the Guggenheim Bilbao?,Spain,43.2687,-2.934,4,,The Guggenheim Museum Bilbao is renowned for its innovative titanium-clad architecture.,https://thumb.wikimedia.org/wikipedia/commons/thumb/c/c7/Museo_Guggenheim%2C_Bilbao_%2831273245344%29.jpg/500px-Museo_Guggenheim%2C_Bilbao_%2831273245344%29.jpg?utm_source=en.wikipedia.org&utm_campaign=api&utm_content=thumbnail
mecca-kaaba-saudi,Kaaba,Where is the Kaaba?,Saudi Arabia,21.4225,39.8262,2,Sacred Sites,The Kaaba in Mecca is Islam's holiest site and the direction of Muslim prayer.,https://thumb.wikimedia.org/wikipedia/commons/thumb/8/89/The_Ka%27ba%2C_Great_Mosque_of_Mecca%2C_Saudi_Arabia_%284%29.jpg/500px-The_Ka%27ba%2C_Great_Mosque_of_Mecca%2C_Saudi_Arabia_%284%29.jpg?utm_source=en.wikipedia.org&utm_campaign=api&utm_content=thumbnail
temple-of-heaven-beijing,Temple of Heaven,Where is the Temple of Heaven?,China,39.8822,116.4066,4,Sacred Sites,The Temple of Heaven in Beijing was where emperors prayed for good harvests.,https://thumb.wikimedia.org/wikipedia/commons/thumb/5/5f/Temple_of_Heaven_20160323_01.jpg/500px-Temple_of_Heaven_20160323_01.jpg?utm_source=en.wikipedia.org&utm_campaign=api&utm_content=thumbnail
western-wall-jerusalem,Western Wall,Where is the Western Wall?,Israel,31.7767,35.2345,3,Sacred Sites,The Western Wall is the last remaining wall of the Second Temple in Jerusalem.,https://thumb.wikimedia.org/wikipedia/commons/thumb/1/17/Westernwall2.jpg/500px-Westernwall2.jpg?utm_source=en.wikipedia.org&utm_campaign=api&utm_content=thumbnail
taj-ul-masjid-bhopal,Taj-ul-Masjid,Where is the Taj-ul-Masjid?,India,23.259,77.4126,7,,"Taj-ul-Masjid is one of the largest mosques in India, located in Bhopal.",https://thumb.wikimedia.org/wikipedia/commons/thumb/2/24/Taj-ul-Masjid%2C_Bhopal%2C_India.jpg/500px-Taj-ul-Masjid%2C_Bhopal%2C_India.jpg?utm_source=en.wikipedia.org&utm_campaign=api&utm_content=thumbnail
rock-of-gibraltar,Rock of Gibraltar,Where is the Rock of Gibraltar?,United Kingdom,36.143,-5.353,3,,The Rock of Gibraltar is a monolithic limestone promontory at the entrance to the Mediterranean.,https://upload.wikimedia.org/wikipedia/commons/thumb/0/02/Rock_of_Gibraltar_South_View.jpg/500px-Rock_of_Gibraltar_South_View.jpg
easter-island-moai,Easter Island Moai,Where are the Easter Island Moai?,Chile,-27.1127,-109.3497,2,,The Moai are monolithic statues created by the Rapa Nui people on Easter Island.,https://thumb.wikimedia.org/wikipedia/commons/thumb/5/50/AhuTongariki.JPG/500px-AhuTongariki.JPG?utm_source=en.wikipedia.org&utm_campaign=api&utm_content=thumbnail
capitol-building-washington,United States Capitol,Where is the U.S. Capitol?,United States,38.8899,-77.0091,2,,"The U.S. Capitol is the home of the United States Congress in Washington, D.C.",https://thumb.wikimedia.org/wikipedia/commons/thumb/9/9f/US_Capitol_east_side.JPG/500px-US_Capitol_east_side.JPG?utm_source=en.wikipedia.org&utm_campaign=api&utm_content=thumbnail
kremlin-moscow,Kremlin,Where is the Kremlin?,Russia,55.752,37.6175,2,,The Moscow Kremlin is a fortified complex that serves as the official residence of Russia's president.,https://thumb.wikimedia.org/wikipedia/commons/thumb/4/46/Moscow_Kremlin_%288281675670%29.jpg/500px-Moscow_Kremlin_%288281675670%29.jpg?utm_source=en.wikipedia.org&utm_campaign=api&utm_content=thumbnail
panathenaic-stadium-athens,Panathenaic Stadium,Where is the Panathenaic Stadium?,Greece,37.9683,23.7411,3,,The Panathenaic Stadium hosted the first modern Olympic Games in 1896.,https://thumb.wikimedia.org/wikipedia/commons/thumb/9/98/Panathenaic_Stadium_-_panoramio_%281%29.jpg/500px-Panathenaic_Stadium_-_panoramio_%281%29.jpg?utm_source=en.wikipedia.org&utm_campaign=api&utm_content=thumbnail
duomo-florence,Florence Cathedral,Where is the Florence Cathedral?,Italy,43.773,11.2556,3,,The Duomo in Florence features Brunelleschi's revolutionary dome.,https://thumb.wikimedia.org/wikipedia/commons/thumb/c/c7/Cattedrale_di_Santa_Maria_del_Fiore_%E2%80%93_Il_Duomo_di_Firenze.jpg/500px-Cattedrale_di_Santa_Maria_del_Fiore_%E2%80%93_Il_Duomo_di_Firenze.jpg?utm_source=en.wikipedia.org&utm_campaign=api&utm_content=thumbnail
milan-duomo,Milan Cathedral,Where is Milan Cathedral?,Italy,45.4641,9.1919,3,,Milan Cathedral is the largest Gothic cathedral in Italy.,https://thumb.wikimedia.org/wikipedia/commons/thumb/7/70/Milan_Cathedral_from_Piazza_del_Duomo.jpg/500px-Milan_Cathedral_from_Piazza_del_Duomo.jpg?utm_source=en.wikipedia.org&utm_campaign=api&utm_content=thumbnail
st-marks-square-venice,St. Mark's Square,Where is St. Mark's Square?,Italy,45.434,12.3388,3,,"Piazza San Marco is Venice's main public square, known for St. Mark's Basilica.",https://commons.wikimedia.org/wiki/Special:Redirect/file/Piazza_San_Marco%2C_Venice.jpg
pisa-cathedral,Pisa Cathedral,Where is Pisa Cathedral?,Italy,43.7231,10.3964,2,,Pisa Cathedral stands in the Piazza dei Miracoli alongside the Leaning Tower.,https://thumb.wikimedia.org/wikipedia/commons/thumb/8/85/Pisa_-_Cattedrale_da_Battistero_02.jpg/500px-Pisa_-_Cattedrale_da_Battistero_02.jpg?utm_source=en.wikipedia.org&utm_campaign=api&utm_content=thumbnail
big-ben-palace-westminster,Palace of Westminster,Where is the Palace of Westminster?,England,51.4995,-0.1248,2,,The Palace of Westminster houses the UK Parliament and Big Ben.,https://thumb.wikimedia.org/wikipedia/commons/thumb/d/db/Palace_of_Westminster_as_seen_from_Westminster_Bridge.jpg/500px-Palace_of_Westminster_as_seen_from_Westminster_Bridge.jpg?utm_source=en.wikipedia.org&utm_campaign=api&utm_content=thumbnail
champs-elysees-paris,Champs-Élysées,Where is the Champs-Élysées?,France,48.8658,2.3176,3,,The Champs-Élysées is one of the world's most famous avenues in Paris.,https://thumb.wikimedia.org/wikipedia/commons/thumb/6/6d/Avenue_des_Champs-%C3%89lys%C3%A9es_July_24%2C_2009_N1.jpg/500px-Avenue_des_Champs-%C3%89lys%C3%A9es_July_24%2C_2009_N1.jpg?utm_source=en.wikipedia.org&utm_campaign=api&utm_content=thumbnail
pyramids-louvre-paris,Louvre Pyramid,Where is the Louvre Pyramid?,France,48.861,2.3358,3,,I.M. Pei's glass pyramid serves as the main entrance to the Louvre Museum.,https://thumb.wikimedia.org/wikipedia/en/thumb/4/42/Louvre_Pyramid.jpg/500px-Louvre_Pyramid.jpg?utm_source=en.wikipedia.org&utm_campaign=api&utm_content=thumbnail
rickshaw-dhaka,Lalbagh Fort,Where is Lalbagh Fort?,Bangladesh,23.7193,90.3889,7,,Lalbagh Fort is an incomplete 17th-century Mughal fort complex in Dhaka.,https://thumb.wikimedia.org/wikipedia/commons/thumb/4/43/%E0%A6%B2%E0%A6%BE%E0%A6%B2_%E0%A6%95%E0%A7%87%E0%A6%B2%E0%A7%8D%E0%A6%B2%E0%A6%BE%E0%A6%B0_%E0%A6%AE%E0%A6%BE%E0%A6%AF%E0%A6%BC%E0%A6%BE.jpg/500px-%E0%A6%B2%E0%A6%BE%E0%A6%B2_%E0%A6%95%E0%A7%87%E0%A6%B2%E0%A7%8D%E0%A6%B2%E0%A6%BE%E0%A6%B0_%E0%A6%AE%E0%A6%BE%E0%A6%AF%E0%A6%BC%E0%A6%BE.jpg?utm_source=en.wikipedia.org&utm_campaign=api&utm_content=thumbnail
merlion-singapore,Merlion,Where is the Merlion?,Singapore,1.2868,103.8545,4,,The Merlion is Singapore's iconic statue with a lion's head and fish body.,https://thumb.wikimedia.org/wikipedia/commons/thumb/2/2e/Singapore_Skyline_2019-10.jpg/500px-Singapore_Skyline_2019-10.jpg?utm_source=en.wikipedia.org&utm_campaign=api&utm_content=thumbnail
fuji-tv-building-tokyo,Fuji TV Building,Where is the Fuji TV Building?,Japan,35.6265,139.7753,2,,The Fuji TV Building in Odaiba is known for its distinctive spherical observation deck.,https://thumb.wikimedia.org/wikipedia/commons/thumb/9/9f/2018_FCG_Headquarters_Building_2.jpg/500px-2018_FCG_Headquarters_Building_2.jpg?utm_source=en.wikipedia.org&utm_campaign=api&utm_content=thumbnail
odaiba-tokyo,Tokyo Bay Odaiba,Where is Odaiba?,Japan,35.6252,139.771,2,,Odaiba is a major entertainment district on a man-made island in Tokyo Bay.,https://thumb.wikimedia.org/wikipedia/commons/thumb/4/4a/Odaiba_close_up_-_2025_Jan_14_01-27PM.jpeg/500px-Odaiba_close_up_-_2025_Jan_14_01-27PM.jpeg?utm_source=en.wikipedia.org&utm_campaign=api&utm_content=thumbnail
kuala-lumpur-tower,KL Tower,Where is the KL Tower?,Malaysia,3.152,101.703,3,,The KL Tower is a telecommunications tower and observation point in Kuala Lumpur.,https://thumb.wikimedia.org/wikipedia/commons/thumb/a/ae/Kuala_Lumpur_Tower_20250822_%281%29.jpg/500px-Kuala_Lumpur_Tower_20250822_%281%29.jpg?utm_source=en.wikipedia.org&utm_campaign=api&utm_content=thumbnail
austin-capitol-texas,Texas State Capitol,Where is the Texas State Capitol?,United States,30.2747,-97.7404,3,,The Texas State Capitol in Austin is one of the largest state capitol buildings in the U.S.,https://thumb.wikimedia.org/wikipedia/commons/thumb/d/df/TexasStateCapitol-2010-01.JPG/500px-TexasStateCapitol-2010-01.JPG?utm_source=en.wikipedia.org&utm_campaign=api&utm_content=thumbnail
cathedral-of-our-lady-d34-0,Cathedral of Our Lady,Where is Cathedral of Our Lady located in Belgium?,Belgium,51.2206,4.401,4,,Famous Gothic cathedral with Rubens artworks.,https://thumb.wikimedia.org/wikipedia/commons/thumb/c/c3/Exterior_of_Onze-Lieve-Vrouwekathedraal_%28Antwerp%29-.jpg/500px-Exterior_of_Onze-Lieve-Vrouwekathedraal_%28Antwerp%29-.jpg?utm_source=en.wikipedia.org&utm_campaign=api&utm_content=thumbnail
grand-place-d34-1,Grand Place,Where is Grand Place located in Belgium?,Belgium,50.8467,4.3525,3,,UNESCO World Heritage square with ornate guildhalls.,https://thumb.wikimedia.org/wikipedia/commons/thumb/2/26/Grand-Place%2C_Brussels_-_panorama%2C_June_2018.jpg/500px-Grand-Place%2C_Brussels_-_panorama%2C_June_2018.jpg?utm_source=en.wikipedia.org&utm_campaign=api&utm_content=thumbnail
edinburgh-castle-d34-2,Edinburgh Castle,"Edinburgh Castle, Scotland",Scotland,55.9486,-3.1999,2,Castles,Historic fortress on Castle Rock.,https://upload.wikimedia.org/wikipedia/commons/thumb/3/3c/Edinburgh_Castle_2000-1.jpg/500px-Edinburgh_Castle_2000-1.jpg
york-minster-d34-3,York Minster,Where is York Minster located in UK?,England,53.9626,-1.0815,3,,Largest medieval Gothic cathedral in Northern Europe.,https://thumb.wikimedia.org/wikipedia/commons/thumb/1/14/York_Minster_%282797690%29.jpg/500px-York_Minster_%282797690%29.jpg?utm_source=en.wikipedia.org&utm_campaign=api&utm_content=thumbnail
canterbury-cathedral-d34-4,Canterbury Cathedral,Where is Canterbury Cathedral located in UK?,England,51.279,1.08,3,,Site of Thomas Becket's martyrdom.,https://thumb.wikimedia.org/wikipedia/commons/thumb/8/80/Canterbury_Cathedral_evening_%284902497028%29.jpg/500px-Canterbury_Cathedral_evening_%284902497028%29.jpg?utm_source=en.wikipedia.org&utm_campaign=api&utm_content=thumbnail
windsor-castle-d34-5,Windsor Castle,Where is Windsor Castle located in UK?,England,51.4839,-0.6044,2,Castles,Oldest and largest occupied castle in the world.,https://thumb.wikimedia.org/wikipedia/commons/thumb/8/8f/Windsor_Castle_at_Sunset_-_Nov_2006.jpg/500px-Windsor_Castle_at_Sunset_-_Nov_2006.jpg?utm_source=en.wikipedia.org&utm_campaign=api&utm_content=thumbnail
dublin-castle-d34-6,Dublin Castle,Where is Dublin Castle located in Ireland?,Ireland,53.3429,-6.2675,1,,Historic castle complex in city center.,https://thumb.wikimedia.org/wikipedia/commons/thumb/a/a3/The_Dubhlinn_Gardens_Dublin_Castle_01.JPG/500px-The_Dubhlinn_Gardens_Dublin_Castle_01.JPG?utm_source=en.wikipedia.org&utm_campaign=api&utm_content=thumbnail
amsterdam-canals-d34-7,Amsterdam Canals,Where is Amsterdam Canals located in Netherlands?,Netherlands,52.3676,4.9041,2,,UNESCO-listed canal ring from the Golden Age.,https://thumb.wikimedia.org/wikipedia/commons/thumb/5/57/Imagen_de_los_canales_conc%C3%A9ntricos_en_%C3%81msterdam.png/500px-Imagen_de_los_canales_conc%C3%A9ntricos_en_%C3%81msterdam.png?utm_source=en.wikipedia.org&utm_campaign=api&utm_content=thumbnail
utrecht-dom-tower-d34-8,Utrecht Dom Tower,"Where is the Dom Tower, the soaring Gothic landmark separated from its cathedral by a storm?",Netherlands,52.0907,5.1214,5,,Tallest church tower in the Netherlands.,https://thumb.wikimedia.org/wikipedia/commons/thumb/c/cb/DomTorenUtrechtNederland.jpg/500px-DomTorenUtrechtNederland.jpg?utm_source=en.wikipedia.org&utm_campaign=api&utm_content=thumbnail
port-of-rotterdam-d34-9,Port of Rotterdam,Where is Port of Rotterdam located in Netherlands?,Netherlands,51.9244,4.4777,4,Port Cities,Europe's largest seaport.,https://thumb.wikimedia.org/wikipedia/commons/thumb/f/f9/Rotterdam_port_aerial.jpg/1280px-Rotterdam_port_aerial.jpg
krakow-old-town-d34-10,Krakow Old Town,Where is Krakow Old Town located in Poland?,Poland,50.0614,19.9372,3,,UNESCO medieval old town square.,https://thumb.wikimedia.org/wikipedia/commons/thumb/0/03/UNESCO_World_Heritage_Site%2C_Historic_Centre_of_Krak%C3%B3w%2C_former_quarters%2C_Krak%C3%B3w%2C_Poland.png/500px-UNESCO_World_Heritage_Site%2C_Historic_Centre_of_Krak%C3%B3w%2C_former_quarters%2C_Krak%C3%B3w%2C_Poland.png?utm_source=en.wikipedia.org&utm_campaign=api&utm_content=thumbnail
tallinn-old-town-d34-13,Tallinn Old Town,Where is Tallinn Old Town located in Estonia?,Estonia,59.437,24.7536,4,,Well-preserved Hanseatic medieval town.,https://thumb.wikimedia.org/wikipedia/commons/thumb/e/ed/Old_Town_of_Tallinn%2C_Tallinn%2C_Estonia_-_panoramio_%2858%29.jpg/500px-Old_Town_of_Tallinn%2C_Tallinn%2C_Estonia_-_panoramio_%2858%29.jpg?utm_source=en.wikipedia.org&utm_campaign=api&utm_content=thumbnail
riga-old-town-d34-14,Riga Old Town,Where is Riga Old Town located in Latvia?,Latvia,56.9496,24.1052,4,,UNESCO site with Art Nouveau architecture.,https://thumb.wikimedia.org/wikipedia/commons/thumb/6/6c/Views_from_St._Peter%27s_Church_Spire%2C_Riga_20180808-2.jpg/500px-Views_from_St._Peter%27s_Church_Spire%2C_Riga_20180808-2.jpg?utm_source=en.wikipedia.org&utm_campaign=api&utm_content=thumbnail
vilnius-old-town-d34-15,Vilnius Old Town,Where is Vilnius Old Town located in Lithuania?,Lithuania,54.6872,25.2797,4,,Largest medieval old town in Eastern Europe.,https://thumb.wikimedia.org/wikipedia/commons/thumb/2/2a/Vilnius_old_town_by_Augustas_Didzgalvis.jpg/500px-Vilnius_old_town_by_Augustas_Didzgalvis.jpg?utm_source=en.wikipedia.org&utm_campaign=api&utm_content=thumbnail
gdansk-old-town-d34-16,Gdansk Old Town,Where is Gdansk Old Town located in Poland?,Poland,54.352,18.6466,4,,Historic port city rebuilt after WWII.,https://thumb.wikimedia.org/wikipedia/commons/thumb/a/a3/Gda%C5%84sk_Stare_Miasto_%2850995218788%29.jpg/500px-Gda%C5%84sk_Stare_Miasto_%2850995218788%29.jpg?utm_source=en.wikipedia.org&utm_campaign=api&utm_content=thumbnail
prague-castle-d34-17,Prague Castle,Where is Prague Castle located in Czechia?,Czech Republic,50.0901,14.3995,2,Castles,Largest ancient castle complex in the world.,https://thumb.wikimedia.org/wikipedia/commons/thumb/5/5e/Karl%C5%AFv_most_Praha%2C_Star%C3%A9_M%C4%9Bsto_20170810_007.jpg/500px-Karl%C5%AFv_most_Praha%2C_Star%C3%A9_M%C4%9Bsto_20170810_007.jpg?utm_source=en.wikipedia.org&utm_campaign=api&utm_content=thumbnail
cesky-krumlov-d34-18,Cesky Krumlov,Where is Cesky Krumlov located in Czechia?,Czech Republic,48.8127,14.3175,4,,UNESCO medieval town with castle.,https://thumb.wikimedia.org/wikipedia/commons/thumb/6/63/Blick_auf_das_Stadtzentrum_von_Krumau_%282026%29.jpg/500px-Blick_auf_das_Stadtzentrum_von_Krumau_%282026%29.jpg?utm_source=en.wikipedia.org&utm_campaign=api&utm_content=thumbnail
brno-cathedral-d34-19,Brno Cathedral,Where is Brno Cathedral located in Czechia?,Czech Republic,49.191,16.6079,5,,Cathedral of St Peter and Paul.,https://thumb.wikimedia.org/wikipedia/commons/thumb/b/be/Brno-Cathedral_of_St._Peter_and_Paul_2.jpg/500px-Brno-Cathedral_of_St._Peter_and_Paul_2.jpg?utm_source=en.wikipedia.org&utm_campaign=api&utm_content=thumbnail
lake-balaton-d34-21,Lake Balaton,Where is Lake Balaton located in Hungary?,Hungary,46.9091,18.0586,4,Lakes,Central Europe's largest lake.,https://thumb.wikimedia.org/wikipedia/commons/thumb/9/9e/Balaton_Hungary_Landscape.jpg/500px-Balaton_Hungary_Landscape.jpg?utm_source=en.wikipedia.org&utm_campaign=api&utm_content=thumbnail
corvin-castle-d34-22,Corvin Castle,"Where is Corvin Castle, the vast Gothic fortress associated with the Hunyadi family?",Romania,45.7494,22.8886,5,,Gothic-Renaissance castle.,https://thumb.wikimedia.org/wikipedia/commons/thumb/3/38/Hunedoara_castle.jpg/500px-Hunedoara_castle.jpg?utm_source=en.wikipedia.org&utm_campaign=api&utm_content=thumbnail
alexander-nevsky-cathedral-d34-23,Alexander Nevsky Cathedral,Where is Alexander Nevsky Cathedral located in Bulgaria?,Bulgaria,42.6954,23.3329,4,,Largest Orthodox cathedral in Bulgaria.,https://commons.wikimedia.org/wiki/Special:Redirect/file/AlexanderNevskyCathedral-Sofia-6.jpg
palace-of-parliament-d34-24,Palace of Parliament,Where is Palace of Parliament located in Romania?,Romania,44.428,26.107,3,,World's heaviest building.,https://thumb.wikimedia.org/wikipedia/en/thumb/1/18/Bucharest_-_Palace_of_the_Parliament_%282024%29_%282%29.jpg/500px-Bucharest_-_Palace_of_the_Parliament_%282024%29_%282%29.jpg?utm_source=en.wikipedia.org&utm_campaign=api&utm_content=thumbnail
kalemegdan-fortress-d34-25,Kalemegdan Fortress,"Where is Kalemegdan Fortress, overlooking the meeting of the Sava and Danube?",Serbia,44.8224,20.4482,5,,Historic fortress at Danube-Sava confluence.,https://thumb.wikimedia.org/wikipedia/commons/thumb/3/3b/P037152-661920_-_Belgrade_fortress_stand_at_the_downtown_of_Belgrade.jpg/500px-P037152-661920_-_Belgrade_fortress_stand_at_the_downtown_of_Belgrade.jpg?utm_source=en.wikipedia.org&utm_campaign=api&utm_content=thumbnail
sarajevo-baščaršija-d34-26,Sarajevo Baščaršija,Where is Sarajevo Baščaršija located in Bosnia?,Bosnia and Herzegovina,43.8587,18.43,5,Balkans,Ottoman-era old bazaar.,https://thumb.wikimedia.org/wikipedia/commons/thumb/2/27/Sarajevo_Bascarsija_from_Trebevic.JPG/500px-Sarajevo_Bascarsija_from_Trebevic.JPG?utm_source=en.wikipedia.org&utm_campaign=api&utm_content=thumbnail
diocletians-palace-d34-28,Diocletian's Palace,Where is Diocletian's Palace located in Croatia?,Croatia,43.5081,16.4402,3,,Roman palace complex in city center.,https://upload.wikimedia.org/wikipedia/commons/thumb/f/f3/Diocletian%27s_Palace_Ruins_Split.jpg/500px-Diocletian%27s_Palace_Ruins_Split.jpg
ljubljana-old-town-d34-29,Ljubljana Old Town,"Where is the old town beneath Ljubljana Castle, crossed by the Triple Bridge?",Slovenia,46.0511,14.5051,5,,Car-free historic center.,https://thumb.wikimedia.org/wikipedia/commons/thumb/c/c7/Ljubljana_Old_Town%2C_Slovenia_%28Old_Camera%29_%2833286165680%29.jpg/500px-Ljubljana_Old_Town%2C_Slovenia_%28Old_Camera%29_%2833286165680%29.jpg?utm_source=en.wikipedia.org&utm_campaign=api&utm_content=thumbnail
helsinki-cathedral-d34-31,Helsinki Cathedral,Where is Helsinki Cathedral located in Finland?,Finland,60.1699,24.9522,3,,Neoclassical landmark on Senate Square.,https://thumb.wikimedia.org/wikipedia/commons/thumb/7/7d/Kirkko3.png/500px-Kirkko3.png?utm_source=en.wikipedia.org&utm_campaign=api&utm_content=thumbnail
turku-castle-d34-32,Turku Castle,"Where is Turku Castle, the medieval stronghold guarding the mouth of the Aura River?",Finland,60.4353,22.2286,5,,Oldest surviving medieval building in Finland.,https://thumb.wikimedia.org/wikipedia/commons/thumb/b/b8/Turkucastle_edit.jpg/500px-Turkucastle_edit.jpg?utm_source=en.wikipedia.org&utm_campaign=api&utm_content=thumbnail
stockholm-old-town-d34-33,Stockholm Old Town,Where is Stockholm Old Town located in Sweden?,Sweden,59.3253,18.0709,3,,Medieval island old town.,https://thumb.wikimedia.org/wikipedia/commons/thumb/8/8a/Gamla_stan_September_2014_01.jpg/500px-Gamla_stan_September_2014_01.jpg?utm_source=en.wikipedia.org&utm_campaign=api&utm_content=thumbnail
gothenburg-canals-d34-34,Gothenburg Canals,Where are the Dutch-inspired canals that thread central Gothenburg?,Sweden,57.7089,11.9746,5,,Dutch-style canal system.,https://thumb.wikimedia.org/wikipedia/commons/thumb/9/97/G%C3%B6teborg_2503_stitch_%2828573994096%29.jpg/500px-G%C3%B6teborg_2503_stitch_%2828573994096%29.jpg?utm_source=en.wikipedia.org&utm_campaign=api&utm_content=thumbnail
uppsala-cathedral-d34-35,Uppsala Cathedral,"Where is Uppsala Cathedral, the twin-spired burial church of monarchs and scientists?",Sweden,59.858,17.6336,5,,Largest cathedral in Scandinavia.,https://thumb.wikimedia.org/wikipedia/commons/thumb/2/2e/Uppsala_domkyrka%2C_flygbild.jpg/500px-Uppsala_domkyrka%2C_flygbild.jpg?utm_source=en.wikipedia.org&utm_campaign=api&utm_content=thumbnail
bryggen-wharf-d34-36,Bryggen Wharf,Where is Bryggen Wharf located in Norway?,Norway,60.3971,5.3245,4,,UNESCO Hanseatic wharf buildings.,https://thumb.wikimedia.org/wikipedia/commons/thumb/c/c7/Bryggen%2C_Bergen%2C_Noruega%2C_2019-09-08%2C_DD_115-117_PAN.jpg/500px-Bryggen%2C_Bergen%2C_Noruega%2C_2019-09-08%2C_DD_115-117_PAN.jpg?utm_source=en.wikipedia.org&utm_campaign=api&utm_content=thumbnail
oslo-opera-house-d34-37,Oslo Opera House,Where is Oslo Opera House located in Norway?,Norway,59.9065,10.7522,2,Nordic Coast,Iconic building on Oslofjord.,https://thumb.wikimedia.org/wikipedia/commons/thumb/3/39/Oslo_Opera_House_-_2025.jpg/500px-Oslo_Opera_House_-_2025.jpg?utm_source=en.wikipedia.org&utm_campaign=api&utm_content=thumbnail
nidaros-cathedral-d34-38,Nidaros Cathedral,"Where is Nidaros Cathedral, built over the burial place of Saint Olaf?",Norway,63.4269,10.3969,5,,Medieval coronation cathedral.,https://thumb.wikimedia.org/wikipedia/commons/thumb/4/49/Nidaros_Cathedral%2C_Trondheim%2C_West_view_20150605_1.jpg/500px-Nidaros_Cathedral%2C_Trondheim%2C_West_view_20150605_1.jpg?utm_source=en.wikipedia.org&utm_campaign=api&utm_content=thumbnail
stavanger-old-town-d34-39,Stavanger Old Town,"Where is Stavanger’s old town, known for its lanes of preserved white wooden houses?",Norway,58.9699,5.732,6,Nordic Coast,Historic timber buildings.,https://thumb.wikimedia.org/wikipedia/commons/thumb/2/28/Breiavatnet_-_Stavanger%2C_Norway_2021-08-01_%2802%29.jpg/500px-Breiavatnet_-_Stavanger%2C_Norway_2021-08-01_%2802%29.jpg?utm_source=en.wikipedia.org&utm_campaign=api&utm_content=thumbnail
hallgrímskirkja-d34-40,Hallgrímskirkja,Where is Hallgrímskirkja located in Iceland?,Iceland,64.142,-21.9266,3,,Iceland's largest church.,https://thumb.wikimedia.org/wikipedia/commons/thumb/8/8b/Hallgrimskirkja_mai_2026.jpg/500px-Hallgrimskirkja_mai_2026.jpg?utm_source=en.wikipedia.org&utm_campaign=api&utm_content=thumbnail
geysir-d34-42,Geysir,Where is Geysir located in Iceland?,Iceland,64.312,-20.3,3,,Famous geothermal area.,https://thumb.wikimedia.org/wikipedia/commons/thumb/e/ef/Erupting_geysir.jpg/500px-Erupting_geysir.jpg?utm_source=en.wikipedia.org&utm_campaign=api&utm_content=thumbnail
skógafoss-d34-43,Skógafoss,Where is Skógafoss located in Iceland?,Iceland,63.532,-19.511,3,Waterfalls,Iconic 60m waterfall.,https://thumb.wikimedia.org/wikipedia/commons/thumb/8/8c/2008-05-24_35_Sk%C3%B3gafoss.jpg/500px-2008-05-24_35_Sk%C3%B3gafoss.jpg?utm_source=en.wikipedia.org&utm_campaign=api&utm_content=thumbnail
vatnajökull-d34-44,Vatnajökull,Where is Vatnajökull located in Iceland?,Iceland,64.4,-16.8,4,Fjords & Glaciers,Europe's largest glacier.,https://thumb.wikimedia.org/wikipedia/commons/thumb/8/8f/Vatnaj%C3%B6kull.jpeg/500px-Vatnaj%C3%B6kull.jpeg?utm_source=en.wikipedia.org&utm_campaign=api&utm_content=thumbnail
genoa-harbor-d34-46,Genoa Harbor,Where is Genoa Harbor located in Italy?,Italy,44.4073,8.9339,4,Port Cities,Historic Mediterranean port.,https://thumb.wikimedia.org/wikipedia/commons/thumb/8/8a/Aerial_view_-_Harbour_of_Genoa%2C_Italy_-_DSC01156.JPG/500px-Aerial_view_-_Harbour_of_Genoa%2C_Italy_-_DSC01156.JPG?utm_source=en.wikipedia.org&utm_campaign=api&utm_content=thumbnail
bologna-towers-d34-47,Bologna Towers,Where are Bologna's landmark medieval leaning towers?,Italy,44.4949,11.3426,5,,Medieval leaning towers.,https://upload.wikimedia.org/wikipedia/commons/6/63/Bolognatowers1767.jpg?utm_source=en.wikipedia.org&utm_campaign=api&utm_content=thumbnail_unscaled
verona-arena-d34-48,Verona Arena,Where is Verona Arena located in Italy?,Italy,45.4384,10.9936,3,,Well-preserved Roman amphitheater.,https://thumb.wikimedia.org/wikipedia/commons/thumb/e/e2/Arena-XE3F2406a.jpg/500px-Arena-XE3F2406a.jpg?utm_source=en.wikipedia.org&utm_campaign=api&utm_content=thumbnail
lucca-walls-d34-50,Lucca Walls,Where are the intact Renaissance walls encircling Lucca's old city?,Italy,43.8429,10.5027,5,,Intact Renaissance city walls.,https://thumb.wikimedia.org/wikipedia/commons/thumb/4/47/Lucca.city_walls01.jpg/500px-Lucca.city_walls01.jpg?utm_source=en.wikipedia.org&utm_campaign=api&utm_content=thumbnail
piazza-del-campo-d34-51,Piazza del Campo,Where is Piazza del Campo located in Italy?,Italy,43.3188,11.3307,4,,Shell-shaped medieval square.,https://thumb.wikimedia.org/wikipedia/commons/thumb/0/0a/Siena5.jpg/500px-Siena5.jpg?utm_source=en.wikipedia.org&utm_campaign=api&utm_content=thumbnail
san-gimignano-d34-52,San Gimignano,Where is San Gimignano located in Italy?,Italy,43.4677,11.0434,4,,Town of medieval towers.,https://thumb.wikimedia.org/wikipedia/commons/thumb/d/d4/1_Aerial_pano_san_gimignano_%282%29a.jpg/500px-1_Aerial_pano_san_gimignano_%282%29a.jpg?utm_source=en.wikipedia.org&utm_campaign=api&utm_content=thumbnail
uffizi-gallery-d34-53,Uffizi Gallery,Where is Uffizi Gallery located in Italy?,Italy,43.7687,11.2554,3,,World-renowned art museum.,https://thumb.wikimedia.org/wikipedia/commons/thumb/d/d7/Florence%2C_Italy_-_panoramio_%28125%29.jpg/500px-Florence%2C_Italy_-_panoramio_%28125%29.jpg?utm_source=en.wikipedia.org&utm_campaign=api&utm_content=thumbnail
murano-d34-55,Murano,Where is Murano located in Italy?,Italy,45.456,12.352,4,,Famous for glassmaking.,https://thumb.wikimedia.org/wikipedia/commons/thumb/b/bb/Murano_sunset.JPG/500px-Murano_sunset.JPG?utm_source=en.wikipedia.org&utm_campaign=api&utm_content=thumbnail
mole-antonelliana-d34-56,Mole Antonelliana,"Where is the Mole Antonelliana, the soaring domed landmark now housing a cinema museum?",Italy,45.0696,7.6931,5,,Iconic dome building.,https://thumb.wikimedia.org/wikipedia/commons/thumb/f/f8/2026-06-10-Mole-Antonelliana.jpg/500px-2026-06-10-Mole-Antonelliana.jpg?utm_source=en.wikipedia.org&utm_campaign=api&utm_content=thumbnail
naples-old-town-d34-57,Naples Old Town,Where is Naples Old Town located in Italy?,Italy,40.8518,14.2681,2,,UNESCO historic district.,https://thumb.wikimedia.org/wikipedia/commons/thumb/8/88/Napoli_-_Maschio_Angioino_-_202209302342_3.jpg/500px-Napoli_-_Maschio_Angioino_-_202209302342_3.jpg?utm_source=en.wikipedia.org&utm_campaign=api&utm_content=thumbnail
amalfi-coast-d34-58,Amalfi Coast,Where is Amalfi Coast located in Italy?,Italy,40.6335,14.602,2,,Scenic coastal cliffs.,https://thumb.wikimedia.org/wikipedia/commons/thumb/3/3d/Amalfi_Coast_%28Italy%2C_October_2020%29_-_75_%2850558355441%29.jpg/500px-Amalfi_Coast_%28Italy%2C_October_2020%29_-_75_%2850558355441%29.jpg?utm_source=en.wikipedia.org&utm_campaign=api&utm_content=thumbnail
palermo-cathedral-d34-59,Palermo Cathedral,Where is Palermo Cathedral located in Italy?,Italy,38.1144,13.356,4,,Arab-Norman architectural blend.,https://thumb.wikimedia.org/wikipedia/commons/thumb/4/45/Palermo_Cathedral_Facade.jpg/500px-Palermo_Cathedral_Facade.jpg?utm_source=en.wikipedia.org&utm_campaign=api&utm_content=thumbnail
greek-theatre-of-taormina-d34-60,Greek Theatre of Taormina,"Greek Theatre of Taormina, Italy 🇮🇹",Italy,37.8524,15.2928,4,,Ancient theatre with Etna views.,https://thumb.wikimedia.org/wikipedia/commons/thumb/3/33/Ancient_Greek-Roman_theatre_%28Taormina%29_15.jpg/500px-Ancient_Greek-Roman_theatre_%28Taormina%29_15.jpg?utm_source=en.wikipedia.org&utm_campaign=api&utm_content=thumbnail
segovia-aqueduct-d34-61,Segovia Aqueduct,Where is Segovia Aqueduct located in Spain?,Spain,40.9479,-4.1178,3,,Roman aqueduct still standing.,https://thumb.wikimedia.org/wikipedia/commons/thumb/f/f4/Aqueduct_of_Segovia_08.jpg/500px-Aqueduct_of_Segovia_08.jpg?utm_source=en.wikipedia.org&utm_campaign=api&utm_content=thumbnail
toledo-d34-62,Toledo,Where is Toledo located in Spain?,Spain,39.8628,-4.0273,3,,Historic city with Jewish quarter.,https://commons.wikimedia.org/wiki/Special:Redirect/file/Panorama_of_Toledo_at_sunset._View_from_the_south.jpg
mosque-cathedral-of-cordoba-d34-63,Mosque-Cathedral of Cordoba,Where is Mosque-Cathedral of Cordoba located in Spain?,Spain,37.8789,-4.7794,3,,UNESCO mosque-cathedral.,https://thumb.wikimedia.org/wikipedia/commons/thumb/6/6c/Mezquita_de_C%C3%B3rdoba_desde_el_aire_%28C%C3%B3rdoba%2C_Espa%C3%B1a%29.jpg/500px-Mezquita_de_C%C3%B3rdoba_desde_el_aire_%28C%C3%B3rdoba%2C_Espa%C3%B1a%29.jpg?utm_source=en.wikipedia.org&utm_campaign=api&utm_content=thumbnail
real-alcázar-of-seville-d34-64,Real Alcázar of Seville,Where is Real Alcázar of Seville located in Spain?,Spain,37.3831,-5.9931,3,,Moorish royal palace.,https://thumb.wikimedia.org/wikipedia/commons/thumb/c/c9/Sevilla-2-2_%2848040287512%29-edit.jpg/500px-Sevilla-2-2_%2848040287512%29-edit.jpg?utm_source=en.wikipedia.org&utm_campaign=api&utm_content=thumbnail
puente-nuevo-d34-66,Puente Nuevo,Where is Puente Nuevo located in Spain?,Spain,36.742,-5.1664,4,,Dramatic bridge over gorge.,https://thumb.wikimedia.org/wikipedia/commons/thumb/a/a4/Punte_Nuevo_Bridge%2C_Ronda_-_Spain.jpg/500px-Punte_Nuevo_Bridge%2C_Ronda_-_Spain.jpg?utm_source=en.wikipedia.org&utm_campaign=api&utm_content=thumbnail
alcazaba-of-malaga-d34-67,Alcazaba of Malaga,"Where is Malaga's hilltop Alcazaba, a palatial fortress built by Muslim rulers?",Spain,36.7202,-4.4165,5,,Moorish fortress.,https://thumb.wikimedia.org/wikipedia/commons/thumb/9/9d/Alcazaba_de_M%C3%A1laga_overview.jpg/500px-Alcazaba_de_M%C3%A1laga_overview.jpg?utm_source=en.wikipedia.org&utm_campaign=api&utm_content=thumbnail
park-güell-d34-68,Park Güell,Where is Park Güell located in Spain?,Spain,41.4145,2.1527,2,,Gaudi-designed park.,https://thumb.wikimedia.org/wikipedia/commons/thumb/3/33/Parc_guell_-_panoramio.jpg/500px-Parc_guell_-_panoramio.jpg?utm_source=en.wikipedia.org&utm_campaign=api&utm_content=thumbnail
montserrat-monastery-d34-69,Montserrat Monastery,Where is Montserrat Monastery located in Spain?,Spain,41.5934,1.8374,4,,Benedictine monastery on mountain.,https://thumb.wikimedia.org/wikipedia/commons/thumb/d/d5/Abbey_of_Montserrat_02.jpg/500px-Abbey_of_Montserrat_02.jpg?utm_source=en.wikipedia.org&utm_campaign=api&utm_content=thumbnail
plaza-mayor-of-salamanca-d34-70,Plaza Mayor of Salamanca,Where is Salamanca's grand Baroque Plaza Mayor?,Spain,40.9651,-5.6641,5,,Baroque town square.,https://thumb.wikimedia.org/wikipedia/commons/thumb/4/4c/Plaza_Mayor%2C_Salamanca.JPG/500px-Plaza_Mayor%2C_Salamanca.JPG?utm_source=en.wikipedia.org&utm_campaign=api&utm_content=thumbnail
burgos-cathedral-d34-71,Burgos Cathedral,Where is Burgos Cathedral located in Spain?,Spain,42.34,-3.704,4,,Gothic masterpiece.,https://thumb.wikimedia.org/wikipedia/commons/thumb/6/67/Escaleras_a_la_Catedral_--_2023_--_Burgos%2C_Castilla_y_Le%C3%B3n%2C_Espa%C3%B1a.jpg/500px-Escaleras_a_la_Catedral_--_2023_--_Burgos%2C_Castilla_y_Le%C3%B3n%2C_Espa%C3%B1a.jpg?utm_source=en.wikipedia.org&utm_campaign=api&utm_content=thumbnail
university-of-coimbra-d34-73,University of Coimbra,Where is University of Coimbra located in Portugal?,Portugal,40.2074,-8.4265,4,,One of Europe's oldest universities.,https://thumb.wikimedia.org/wikipedia/commons/thumb/4/42/Universidade_de_Coimbra_-_panoramio.jpg/1280px-Universidade_de_Coimbra_-_panoramio.jpg
porto-old-town-d34-74,Porto Old Town,Where is Porto Old Town located in Portugal?,Portugal,41.1406,-8.6131,3,,UNESCO riverside district.,https://thumb.wikimedia.org/wikipedia/commons/thumb/2/2d/Panorama_Porto_Ercole.jpg/500px-Panorama_Porto_Ercole.jpg?utm_source=en.wikipedia.org&utm_campaign=api&utm_content=thumbnail
roman-temple-of-evora-d34-75,Roman Temple of Evora,"Where is the Roman Temple of Évora, whose Corinthian columns survive in the old city?",Portugal,38.5738,-7.9067,5,,Ancient Corinthian temple.,https://thumb.wikimedia.org/wikipedia/commons/thumb/7/74/Evora_roman-temple_panoramic-view_cropped.jpg/500px-Evora_roman-temple_panoramic-view_cropped.jpg?utm_source=en.wikipedia.org&utm_campaign=api&utm_content=thumbnail
pena-palace-d34-76,Pena Palace,Where is Pena Palace located in Portugal?,Portugal,38.7875,-9.3905,3,,Colorful Romanticist palace.,https://thumb.wikimedia.org/wikipedia/commons/thumb/7/74/Sintra_Portugal_Pal%C3%A1cio_da_Pena-01.jpg/500px-Sintra_Portugal_Pal%C3%A1cio_da_Pena-01.jpg?utm_source=en.wikipedia.org&utm_campaign=api&utm_content=thumbnail
sanctuary-of-fátima-d34-77,Sanctuary of Fátima,Where is Sanctuary of Fátima located in Portugal?,Portugal,39.627,-8.6786,4,,Major Catholic pilgrimage site.,https://thumb.wikimedia.org/wikipedia/commons/thumb/0/0f/Fatima_BW_2018-10-07_10-36-14.jpg/500px-Fatima_BW_2018-10-07_10-36-14.jpg?utm_source=en.wikipedia.org&utm_campaign=api&utm_content=thumbnail
funchal-old-town-d34-78,Funchal Old Town,"Funchal, Madeira, Portugal 🇵🇹",Portugal,32.6669,-16.924,5,Colonial Towns,Historic center of Madeira.,https://thumb.wikimedia.org/wikipedia/commons/thumb/1/1d/Funchal%2C_Jardins_da_Quinta_Vigia_%28lookout%29.jpg/500px-Funchal%2C_Jardins_da_Quinta_Vigia_%28lookout%29.jpg?utm_source=en.wikipedia.org&utm_campaign=api&utm_content=thumbnail
monschau-d34-79,Monschau,"Where is Monschau, the half-timbered town tucked into the narrow Rur valley?",Germany,50.554,6.24,6,,Picturesque half-timbered town.,https://thumb.wikimedia.org/wikipedia/commons/thumb/b/b4/Burg_Monschau_2.jpg/500px-Burg_Monschau_2.jpg?utm_source=en.wikipedia.org&utm_campaign=api&utm_content=thumbnail
hohenzollern-castle,Hohenzollern Castle,"Hohenzollern Castle, Germany 🇩🇪",Germany,48.3236,8.9674,5,,"Around 700 years old, it survived WWII largely because its people were evacuees from Berlin, then served as the residence of the last emperor of Germany.",https://thumb.wikimedia.org/wikipedia/commons/thumb/7/70/Burg_Hohenzollern_10-2016.jpg/500px-Burg_Hohenzollern_10-2016.jpg?utm_source=en.wikipedia.org&utm_campaign=api&utm_content=thumbnail
matterhorn-summit,Matterhorn Summit,"Matterhorn, Switzerland 🇨🇭",Switzerland,45.9763,7.6586,2,Mountains,"The first ascent in 1865 ended in tragedy when four climbers fell during the descent, and the mountain's name comes from its horn-like shape.",https://thumb.wikimedia.org/wikipedia/commons/thumb/6/60/Matterhorn_from_Domh%C3%BCtte_-_2.jpg/500px-Matterhorn_from_Domh%C3%BCtte_-_2.jpg?utm_source=en.wikipedia.org&utm_campaign=api&utm_content=thumbnail
zugspitze-summit,Zugspitze Summit,"Zugspitze, Germany 🇩🇪",Germany,47.421,10.985,4,Mountains,"At 2,962 m it is Germany's highest mountain, and two countries' boundary runs right across its summit, complete with a customs hut.",https://thumb.wikimedia.org/wikipedia/commons/thumb/7/7e/Zugspitze_2.JPG/500px-Zugspitze_2.JPG?utm_source=en.wikipedia.org&utm_campaign=api&utm_content=thumbnail
hallstatt,Hallstatt Village,"Hallstatt Village, Austria 🇦🇹",Austria,47.5622,13.6493,4,The Alps,"Salt mined here since the Bronze Age funded the Hallstatt culture, and in 1847 an ossuary containing 6,000 skulls was uncovered beneath the chapel.",https://thumb.wikimedia.org/wikipedia/commons/thumb/b/b0/Hallstatt_-_Zentrum_.JPG/500px-Hallstatt_-_Zentrum_.JPG?utm_source=en.wikipedia.org&utm_campaign=api&utm_content=thumbnail
manarola,Manarola,"Manarola, Italy 🇮🇹",Italy,44.1063,9.7103,5,,"Its tiny harbour, reached only by a 353-step stairway, has been worked by generations of Genoese fishermen, and the village appears on Italian banknotes.",https://thumb.wikimedia.org/wikipedia/commons/thumb/e/e9/Manarola_NW_Cinque_Terre_Sep23_A7C_07233.jpg/500px-Manarola_NW_Cinque_Terre_Sep23_A7C_07233.jpg?utm_source=en.wikipedia.org&utm_campaign=api&utm_content=thumbnail
prado-museum,Museo del Prado,"Museo del Prado, Madrid, Spain 🇪🇸",Spain,40.4138,-3.6921,2,,"Called the Prado after an oak grove that once stood on the site, it opened in 1819 and holds some 8,600 paintings.",https://thumb.wikimedia.org/wikipedia/commons/thumb/6/68/Museo_del_Prado_2016_%2825185969599%29.jpg/500px-Museo_del_Prado_2016_%2825185969599%29.jpg?utm_source=en.wikipedia.org&utm_campaign=api&utm_content=thumbnail
santiago-de-compostela-cathedral,Santiago de Compostela Cathedral,"Santiago de Compostela Cathedral, Spain 🇪🇸",Spain,42.8806,-8.5447,4,,"The Botafumeiro censer swings through the transept from eight people, and the square is said to be where the apostle was beheaded.",https://thumb.wikimedia.org/wikipedia/commons/thumb/a/a9/Santiago_cathedral_2021.jpg/500px-Santiago_cathedral_2021.jpg?utm_source=en.wikipedia.org&utm_campaign=api&utm_content=thumbnail
roman-baths-bath,"Roman Baths, Bath","Roman Baths, Bath, England",England,51.3811,-2.359,4,,"Hot water from the same spring still fills the Great Bath, and the site lends the English city of Bath its name.",https://thumb.wikimedia.org/wikipedia/commons/thumb/0/08/Roman_Baths_in_Bath_Spa%2C_England_-_July_2006.jpg/500px-Roman_Baths_in_Bath_Spa%2C_England_-_July_2006.jpg?utm_source=en.wikipedia.org&utm_campaign=api&utm_content=thumbnail
kotors-old-town,Kotor Old Town,"Kotor Old Town, Montenegro 🇲🇪",Montenegro,42.4247,18.771,5,Balkans,"Its defensive walls climb almost 1,200 m to the fortress of San Giovanni, and the bay was one of the Mediterranean's busiest medieval ports.",https://thumb.wikimedia.org/wikipedia/commons/thumb/2/26/20090719_Crkva_Gospa_od_Zdravlja_Kotor_Bay_Montenegro.jpg/500px-20090719_Crkva_Gospa_od_Zdravlja_Kotor_Bay_Montenegro.jpg?utm_source=en.wikipedia.org&utm_campaign=api&utm_content=thumbnail
kjeragbolten,Kjeragbolten,"Kjeragbolten, Norway 🇳🇴",Norway,58.9769,6.7269,6,Nordic Coast; Fjords & Glaciers,"People pose at the edge of a 984 m drop under the stone, which broke from the mountain in an Ice Age landslide and landed there by chance.",https://thumb.wikimedia.org/wikipedia/commons/thumb/a/ad/Kjerakbolten_Freddy_Fish.jpg/500px-Kjerakbolten_Freddy_Fish.jpg?utm_source=en.wikipedia.org&utm_campaign=api&utm_content=thumbnail
trolltunga,Trolltunga,"Trolltunga, Norway 🇳🇴",Norway,60.1242,6.74,5,Nordic Coast; Fjords & Glaciers,"A cliff formed when a glacier's rockfall hit the valley wall, the tongue's name comes from trolls supposedly using it as a lookout.",https://thumb.wikimedia.org/wikipedia/commons/thumb/b/b6/Trolltunga_2017.jpg/500px-Trolltunga_2017.jpg?utm_source=en.wikipedia.org&utm_campaign=api&utm_content=thumbnail
cape-point,Cape Point,"Cape Point, South Africa 🇿🇦",South Africa,34.3568,18.474,4,,"Its cliffs mark the boundary between the Atlantic and Indian oceans, though the actual meeting point lies further east at Cape Agulhas.",https://thumb.wikimedia.org/wikipedia/commons/thumb/7/78/Goodhope2.jpg/500px-Goodhope2.jpg?utm_source=en.wikipedia.org&utm_campaign=api&utm_content=thumbnail
boulders-beach,Boulders Beach,Where is the beach where African penguins nest among granite boulders?,South Africa,34.1985,18.4514,5,Beaches,"A protected colony of around 2,000 penguins lives here, having spread from a nearby beach after predators arrived.",https://thumb.wikimedia.org/wikipedia/commons/thumb/9/95/Boulders_Beach_Suedafrika.jpg/500px-Boulders_Beach_Suedafrika.jpg?utm_source=en.wikipedia.org&utm_campaign=api&utm_content=thumbnail
mount-nyangani-summit,Mount Nyangani Summit,"Where is Mount Nyangani, the highest peak in its country, rising above the eastern highlands?",Zimbabwe,15.8794,28.7672,7,,"Its 2,592 m summit is ringed by Mtarazi Falls, and the mountain is sacred to the local Shona people.",https://thumb.wikimedia.org/wikipedia/commons/thumb/3/3d/Nyangani.jpg/500px-Nyangani.jpg?utm_source=en.wikipedia.org&utm_campaign=api&utm_content=thumbnail
great-zimbabwe,Great Zimbabwe,Where are the dry-stone ruins without mortar that gave Zimbabwe its name?,Zimbabwe,20.2686,30.9336,5,Ancient Ruins,"The largest ancient structure south of the Sahara, built without mortar by Shona ancestors, and the word Zimbabwe means houses of stone.",https://thumb.wikimedia.org/wikipedia/commons/thumb/d/d4/Conical_Tower_-_Great_Enclosure_III_%2833736918448%29.jpg/500px-Conical_Tower_-_Great_Enclosure_III_%2833736918448%29.jpg?utm_source=en.wikipedia.org&utm_campaign=api&utm_content=thumbnail
chiefs-island-moremi,"Chief's Island, Moremi","Chief's Island, Okavango Delta, Botswana 🇧🇼",Botswana,19.2833,22.9,7,African Safari,"Some 700 large animals and many bird species live here, and the island is considered the delta's most biodiverse spot.",https://thumb.wikimedia.org/wikipedia/commons/thumb/2/2a/Moremi_elephant.jpg/500px-Moremi_elephant.jpg?utm_source=en.wikipedia.org&utm_campaign=api&utm_content=thumbnail
lake-manyara,Lake Manyara,"Lake Manyara, Tanzania 🇹🇿",Tanzania,-3.55,35.8333,6,African Safari,"Its groundwater springs support huge flocks of flamingos, and the surrounding forest is home to both baboons and hundreds of tree-climbing lions.",https://thumb.wikimedia.org/wikipedia/commons/thumb/4/45/Overlook_of_Lake_Manyara_National_Park.JPG/500px-Overlook_of_Lake_Manyara_National_Park.JPG?utm_source=en.wikipedia.org&utm_campaign=api&utm_content=thumbnail
hell-gate-national-park,Hell's Gate National Park,"Hell's Gate National Park, Kenya 🇰🇪",Kenya,-0.6033,36.3167,6,African Safari,"Geologists came here in 1840 expecting to find traces of hell, and the park is one of the few places where visitors walk among giraffes on foot.",https://thumb.wikimedia.org/wikipedia/commons/thumb/8/87/Hell%27s_Gate%2C_Kenya.jpg/500px-Hell%27s_Gate%2C_Kenya.jpg?utm_source=en.wikipedia.org&utm_campaign=api&utm_content=thumbnail
sossusvlei,Sossusvlei,"Sossusvlei, Namibia 🇳🇦",Namibia,-24.7333,15.2833,5,,"Some dunes here reach 300 m, and the Tsauchab river only reaches the pan a few times a century after heavy rains.",https://thumb.wikimedia.org/wikipedia/commons/thumb/2/22/Sossusvlei.jpg/500px-Sossusvlei.jpg?utm_source=en.wikipedia.org&utm_campaign=api&utm_content=thumbnail
fish-river-canyon,Fish River Canyon,"Fish River Canyon, Namibia 🇳🇦",Namibia,-27.6053,17.2417,6,Canyons & Gorges,"It drops over 500 m into the Ai-Ais Richtersveld, and ancient hominid footprints have been found on its floor.",https://thumb.wikimedia.org/wikipedia/commons/thumb/8/89/Fish_River_Canyon_from_Main_View_Point.jpg/500px-Fish_River_Canyon_from_Main_View_Point.jpg?utm_source=en.wikipedia.org&utm_campaign=api&utm_content=thumbnail
cape-coast-castle,Cape Coast Castle,"Cape Coast Castle, Ghana 🇬🇭",Ghana,5.105,-1.2461,6,,"It held thousands of captives awaiting ships in the Atlantic trade, and one gate bears the inscription 'I hope you will remember my suffering.'",https://thumb.wikimedia.org/wikipedia/commons/thumb/a/a0/Cape_Coast_Castle%2C_Cape_Coast%2C_Ghana.JPG/500px-Cape_Coast_Castle%2C_Cape_Coast%2C_Ghana.JPG?utm_source=en.wikipedia.org&utm_campaign=api&utm_content=thumbnail
piton-de-la-fournaise,Piton de la Fournaise,"Piton de la Fournaise, Réunion 🇷🇪",France,-21.2297,55.7072,6,Volcanoes,"One of the most active volcanoes on Earth, it has produced more than 150 recorded eruptions, most recently adding hectares of new land.",https://thumb.wikimedia.org/wikipedia/commons/thumb/3/37/Piton_de_la_Fournaise%2C_R%C3%A9union_Island_%28High_Resolution%29.jpg/500px-Piton_de_la_Fournaise%2C_R%C3%A9union_Island_%28High_Resolution%29.jpg?utm_source=en.wikipedia.org&utm_campaign=api&utm_content=thumbnail
sensoji-temple,Sensō-ji Temple,"Sensō-ji Temple, Japan 🇯🇵",Japan,35.7148,139.7967,2,,"Legend says a fisherman found a statue in the Sumida River in 628 AD, and its lantern is the emblem of Asakusa.",https://thumb.wikimedia.org/wikipedia/commons/thumb/4/43/Sensoji_2023.jpg/500px-Sensoji_2023.jpg?utm_source=en.wikipedia.org&utm_campaign=api&utm_content=thumbnail
meiji-shrine,Meiji Shrine,Where is the Shinto shrine dedicated to Emperor Meiji and his empress?,Japan,35.6764,139.6993,4,,"Its 70 m torii gate is one of the largest in Japan, and the shrine was rebuilt from donated timber after 1923 earthquake damage.",https://thumb.wikimedia.org/wikipedia/commons/thumb/8/8b/Meiji_Jingu_2023-3.jpg/500px-Meiji_Jingu_2023-3.jpg?utm_source=en.wikipedia.org&utm_campaign=api&utm_content=thumbnail
kinkakuji,Kinkaku-ji (Golden Pavilion),"Kinkaku-ji (Golden Pavilion), Japan 🇯🇵",Japan,35.0394,135.7292,4,,"The pavilion was burned down by a teenage monk in 1950 and rebuilt three years later, and the name means golden turtle because of its lake setting.",https://thumb.wikimedia.org/wikipedia/commons/thumb/0/0f/Golden_Pavilion_Kinkaku-ji_water_mirror_2024.jpg/500px-Golden_Pavilion_Kinkaku-ji_water_mirror_2024.jpg?utm_source=en.wikipedia.org&utm_campaign=api&utm_content=thumbnail
himeji-castle,Himeji Castle,"Himeji Castle, Japan 🇯🇵",Japan,34.8394,134.6939,4,,"Its stepped gables hide the rooms from outside, and its curved walls of white plaster earned it the name White Heron Castle.",https://thumb.wikimedia.org/wikipedia/commons/thumb/c/c1/Himeji_castle_in_may_2015.jpg/500px-Himeji_castle_in_may_2015.jpg?utm_source=en.wikipedia.org&utm_campaign=api&utm_content=thumbnail
itsukushima-shrine,Itsukushima Shrine,"Itsukushima Shrine, Japan 🇯🇵",Japan,34.2959,132.3197,4,,"At high tide the 16 m gate stands in open water on tidal flats, and the shrine has been rebuilt many times, most recently 1875.",https://thumb.wikimedia.org/wikipedia/commons/thumb/e/ef/Itsukushima_Shrine_Torii_Gate_%2813890465459%29.jpg/500px-Itsukushima_Shrine_Torii_Gate_%2813890465459%29.jpg?utm_source=en.wikipedia.org&utm_campaign=api&utm_content=thumbnail
shuri-castle,Shuri Castle,"Shuri Castle, Okinawa, Japan 🇯🇵",Japan,26.2525,127.72,6,,"Its pillar tombs preserved the bones of visiting envoys, and the castle was destroyed in the 1945 Battle of Okinawa before being reconstructed in the 1990s.",https://thumb.wikimedia.org/wikipedia/commons/thumb/5/56/Naha_Okinawa_Japan_Shuri-Castle-01.jpg/500px-Naha_Okinawa_Japan_Shuri-Castle-01.jpg?utm_source=en.wikipedia.org&utm_campaign=api&utm_content=thumbnail
bulguksa,Bulguksa Temple,"Bulguksa Temple, South Korea 🇰🇷",South Korea,35.7917,129.3323,6,,It was completed in 751 CE and its wooden halls survived Japanese occupation because they sat on a hill above the city.,https://thumb.wikimedia.org/wikipedia/commons/thumb/e/eb/Lotus_Flower_Bridge_and_Seven_Treasure_Bridge_at_Bulguksa_in_Gyeongju%2C_Korea.jpg/500px-Lotus_Flower_Bridge_and_Seven_Treasure_Bridge_at_Bulguksa_in_Gyeongju%2C_Korea.jpg?utm_source=en.wikipedia.org&utm_campaign=api&utm_content=thumbnail
mutianyu,Great Wall at Mutianyu,"Great Wall at Mutianyu, China 🇨🇳",China,40.4319,116.5704,5,,"Roughly 5,400 m of wall survives here, and sliding doorways let guards block enemy access along the ramparts.",https://thumb.wikimedia.org/wikipedia/commons/thumb/f/fa/Great_Wall_of_China_July_2006.JPG/500px-Great_Wall_of_China_July_2006.JPG?utm_source=en.wikipedia.org&utm_campaign=api&utm_content=thumbnail
longmen-grottos,Longmen Grottoes,"Where are the Longmen Grottoes, with 2,300 Buddhist caves and 100,000 statues carved into limestone cliffs?",China,34.556,112.947,6,,"Carved from 493 CE, the site took three centuries to complete, and the largest Buddha there stands 17 m tall.",https://thumb.wikimedia.org/wikipedia/commons/thumb/b/b4/27427-Luoyang_%2849067744628%29.jpg/500px-27427-Luoyang_%2849067744628%29.jpg?utm_source=en.wikipedia.org&utm_campaign=api&utm_content=thumbnail
pingyao-ancient-city,Pingyao Ancient City,"Pingyao Ancient City, China 🇨🇳",China,37.2011,112.1761,6,,"Its 6 km wall was never taken by an enemy, and the Rishengchang draft bank operated there for over 400 years.",https://thumb.wikimedia.org/wikipedia/commons/thumb/1/1f/Pingyao_Shilou_2013.08.25_07-01-33.jpg/500px-Pingyao_Shilou_2013.08.25_07-01-33.jpg?utm_source=en.wikipedia.org&utm_campaign=api&utm_content=thumbnail
petronas-towers,Petronas Twin Towers,"Petronas Twin Towers, Malaysia 🇲🇾",Malaysia,3.1578,101.7117,3,,"Standing 452 m tall, they were the world's tallest buildings from 1998 to 2004, and the towers' floor plan is an eight-pointed Islamic star.",https://thumb.wikimedia.org/wikipedia/commons/thumb/1/17/Kuala_Lumpur_Malaysia_Petronas-Twin-Towers-01.jpg/1280px-Kuala_Lumpur_Malaysia_Petronas-Twin-Towers-01.jpg
mount-bromo,Mount Bromo,"Mount Bromo, Indonesia 🇮🇩",Indonesia,-7.9425,112.953,5,Volcanoes,"Hindus hold a yearly Kasada ceremony offering livestock in exchange for good harvests, and the volcano's name comes from Brahma.",https://thumb.wikimedia.org/wikipedia/commons/thumb/8/8e/Bromo-Semeru-Batok-Widodaren.jpg/500px-Bromo-Semeru-Batok-Widodaren.jpg?utm_source=en.wikipedia.org&utm_campaign=api&utm_content=thumbnail
chocolate-hills,Chocolate Hills,"Chocolate Hills, Philippines 🇵🇭",Philippines,9.7,124.0333,6,Southeast Asia,"The cones grew as coral limestone lifted during earthquakes, and the name was coined by a film crew filming a 2012 ad.",https://thumb.wikimedia.org/wikipedia/commons/thumb/a/af/Chocolate_Hills_Bohol.JPG/500px-Chocolate_Hills_Bohol.JPG?utm_source=en.wikipedia.org&utm_campaign=api&utm_content=thumbnail
mayon-volcano,Mayon Volcano,"Mayon Volcano, Philippines 🇵🇭",Philippines,13.2573,123.6857,5,Volcanoes,"Its slopes are almost perfectly 45 degrees, and around 47 eruptions are recorded, making it one of the most active volcanoes in the Philippines.",https://thumb.wikimedia.org/wikipedia/commons/thumb/0/0f/Mount_Mayon_Cagsawa_field_view_close-up_%28Busay%2C_Daraga%2C_Albay%3B_04-21-2023%29.jpg/500px-Mount_Mayon_Cagsawa_field_view_close-up_%28Busay%2C_Daraga%2C_Albay%3B_04-21-2023%29.jpg?utm_source=en.wikipedia.org&utm_campaign=api&utm_content=thumbnail
phong-nha-ke-bang,Phong Nha-Ke Bang,"Phong Nha-Ke Bang, Vietnam 🇻🇳",Vietnam,17.5533,106.2417,6,Southeast Asia,"Son Doong, the largest cave passage in the world, lies within the reserve, and Sơn Đoòng has its own jungle and weather system.",https://thumb.wikimedia.org/wikipedia/commons/thumb/c/c9/Phongnhakebang6.jpg/500px-Phongnhakebang6.jpg?utm_source=en.wikipedia.org&utm_campaign=api&utm_content=thumbnail
hoi-an,Hoi An,"Hoi An, Vietnam 🇻🇳",Vietnam,15.8801,108.338,5,Colonial Towns; Southeast Asia,It was a major port from the 1500s to the 1800s and its Japanese Covered Bridge dates to the 16th century.,https://commons.wikimedia.org/wiki/Special:Redirect/file/Old_Town_Hoi_An_003.JPG
tigers-nest,Paro Taktsang (Tiger's Nest),"Paro Taktsang (Tiger's Nest), Bhutan 🇧🇹",Bhutan,27.433,89.414,5,Himalaya,"The building appears to be on the cliff face with no visible support, and the walls inside are decorated with painted tiger claws.",https://thumb.wikimedia.org/wikipedia/commons/thumb/a/a6/Paro_Taktsang%2C_Bhutan_%28edited%29.jpg/500px-Paro_Taktsang%2C_Bhutan_%28edited%29.jpg?utm_source=en.wikipedia.org&utm_campaign=api&utm_content=thumbnail
konark-sun-temple,Konark Sun Temple,"Konark Sun Temple, India 🇮🇳",India,19.8876,86.0945,6,,"Its 24 giant wheels are carved with scenes, and the tower stands where the roof once served as a sundial.",https://thumb.wikimedia.org/wikipedia/commons/thumb/4/47/Konarka_Temple.jpg/500px-Konarka_Temple.jpg?utm_source=en.wikipedia.org&utm_campaign=api&utm_content=thumbnail
sheikh-zayed-mosque,Sheikh Zayed Mosque,"Sheikh Zayed Mosque, United Arab Emirates 🇦🇪",United Arab Emirates,24.4128,54.475,4,Middle East,"It can hold over 40,000 worshippers including 9,200 seated under its main dome, which is clad in 1,000 domes.",https://thumb.wikimedia.org/wikipedia/en/thumb/7/7d/Sheikh_Zayed_Mosque_view.jpg/500px-Sheikh_Zayed_Mosque_view.jpg?utm_source=en.wikipedia.org&utm_campaign=api&utm_content=thumbnail
badshahi-mosque,Badshahi Mosque,"Badshahi Mosque, Pakistan 🇵🇰",Pakistan,31.5881,74.3103,5,,"The 1673 mosque holds 100,000 worshippers, and its four minarets are faced in red sandstone with marble inlay.",https://thumb.wikimedia.org/wikipedia/commons/thumb/c/c8/Badshahi_Mosque_front_picture.jpg/500px-Badshahi_Mosque_front_picture.jpg?utm_source=en.wikipedia.org&utm_campaign=api&utm_content=thumbnail
monument-valley,Monument Valley,"Monument Valley, United States 🇺🇸",United States,37.0041,-110.1738,3,US Road Trip,"The valley's walls are volcanic ash left by ancient eruptions, and the Navajo name Tsegi'ani'i means the land of the tall pines.",https://thumb.wikimedia.org/wikipedia/commons/thumb/7/78/Monument_Valley%2C_Utah%2C_USA_%2823611451292%29.jpg/500px-Monument_Valley%2C_Utah%2C_USA_%2823611451292%29.jpg?utm_source=en.wikipedia.org&utm_campaign=api&utm_content=thumbnail
bryce-canyon,Bryce Canyon,"Bryce Canyon, United States 🇺🇸",United States,37.6283,-112.1677,4,Canyons & Gorges,"The park sits at 2,400-2,700 m, and its rock formed when a lake bottom was lifted and eroded.",https://thumb.wikimedia.org/wikipedia/commons/thumb/c/c3/Inspiration_Point_Bryce_Canyon_November_2018_panorama.jpg/500px-Inspiration_Point_Bryce_Canyon_November_2018_panorama.jpg?utm_source=en.wikipedia.org&utm_campaign=api&utm_content=thumbnail
yosemite-valley,Yosemite Valley,"Yosemite Valley, United States 🇺🇸",United States,37.7456,-119.5936,2,,"A glacial river carved the valley during the last ice age, and the first Yosemite National Park in the world was dedicated here in 1890.",https://thumb.wikimedia.org/wikipedia/commons/thumb/1/13/Tunnel_View%2C_Yosemite_Valley%2C_Yosemite_NP_-_Diliff.jpg/500px-Tunnel_View%2C_Yosemite_Valley%2C_Yosemite_NP_-_Diliff.jpg?utm_source=en.wikipedia.org&utm_campaign=api&utm_content=thumbnail
brooklyn-bridge,Brooklyn Bridge,"Brooklyn Bridge, New York City, United States 🇺🇸",United States,40.7061,-73.9969,2,,"Its hybrid cable design was once thought too daring, and its main cables each contain 5,434 parallel steel wires.",https://thumb.wikimedia.org/wikipedia/commons/thumb/f/f0/Brooklyn_Bridge_and_the_Lower_Manhattan_skyline_from_Pebble_Beach%2C_New_York.jpg/500px-Brooklyn_Bridge_and_the_Lower_Manhattan_skyline_from_Pebble_Beach%2C_New_York.jpg?utm_source=en.wikipedia.org&utm_campaign=api&utm_content=thumbnail
kennedy-space-center,Kennedy Space Center,"Kennedy Space Center, United States 🇺🇸",United States,28.5729,-80.649,4,,"Launch pad 39A has sent every crewed moon mission to space, and its 120 m Saturn V still stands as a monument.",https://thumb.wikimedia.org/wikipedia/commons/thumb/e/ec/Kennedy_Space_Center%27s_launch_pads_39A_and_39B.jpg/1280px-Kennedy_Space_Center%27s_launch_pads_39A_and_39B.jpg
badwater-basin,Badwater Basin,"Badwater Basin, United States 🇺🇸",United States,36.2296,-116.825,5,,"At 120 m long and 1.6 km wide, it holds temporary lakes and salt flats after rare rains, and salt polygons form as the water evaporates.",https://thumb.wikimedia.org/wikipedia/commons/thumb/5/5f/Badwater_Basin_from_Dante%27s_View_Overlook.JPG/500px-Badwater_Basin_from_Dante%27s_View_Overlook.JPG?utm_source=en.wikipedia.org&utm_campaign=api&utm_content=thumbnail
okefenokee-swamp,Okefenokee Swamp,"Okefenokee Swamp, United States 🇺🇸",United States,30.6669,-82.3332,6,,"Long called the land of the dancing bears, it sits only 33 m above sea level and hosts dense black bear and wild boar populations.",https://thumb.wikimedia.org/wikipedia/commons/thumb/8/8f/Aerial_view_of_wetlands_in_Okefenokee.jpg/500px-Aerial_view_of_wetlands_in_Okefenokee.jpg?utm_source=en.wikipedia.org&utm_campaign=api&utm_content=thumbnail
chateau-frontenac,Château Frontenac,"Château Frontenac, Canada 🇨🇦",Canada,46.8139,-71.208,5,,"Commissioned by the Canadian Pacific Railway in 1893, it sits on the site of a 23rd-century chateau built by French governor Charles de Frontenac.",https://thumb.wikimedia.org/wikipedia/commons/thumb/8/8d/Ch%C3%A2teau_Frontenac_02.jpg/500px-Ch%C3%A2teau_Frontenac_02.jpg?utm_source=en.wikipedia.org&utm_campaign=api&utm_content=thumbnail
teotihuacan,Teotihuacan,"Teotihuacan, Mexico 🇲🇽",Mexico,19.6925,-98.8438,4,Ancient Ruins,"It was the largest city in the Americas for centuries, then was burned and abandoned, and no records of its builders survive.",https://thumb.wikimedia.org/wikipedia/commons/thumb/a/a7/ZA77_Teotihuac%C3%A1n_edo_de_mex_Herberto_de_la_rosa.jpg/500px-ZA77_Teotihuac%C3%A1n_edo_de_mex_Herberto_de_la_rosa.jpg?utm_source=en.wikipedia.org&utm_campaign=api&utm_content=thumbnail
copper-canyon,Barrancas del Cobre,"Barrancas del Cobre, Mexico 🇲🇽",Mexico,27.497,-107.8094,6,Canyons & Gorges,"Cheyenne and Tarahumara Indians live in the canyons, and the ridged terrain comes from copper-impregnated rock staining blue-green.",https://thumb.wikimedia.org/wikipedia/commons/thumb/6/66/Barranca_del_cobre_2.jpg/500px-Barranca_del_cobre_2.jpg?utm_source=en.wikipedia.org&utm_campaign=api&utm_content=thumbnail
tikal,Tikal,"Tikal, Guatemala 🇬🇹",Guatemala,17.222,-89.6237,4,Ancient Ruins,"Its Temple IV is 65 m tall, the tallest Maya structure ever built, and its lost twin pyramid was found by archaeologists in 2015 using ground-penetrating radar.",https://thumb.wikimedia.org/wikipedia/commons/thumb/7/75/Tikal_3.jpg/500px-Tikal_3.jpg?utm_source=en.wikipedia.org&utm_campaign=api&utm_content=thumbnail
pitons-of-saint-lucia,"The Pitons, Saint Lucia","The Pitons, Saint Lucia 🇱🇨",Saint Lucia,13.7561,-61.0706,6,Caribbean,"The Pitons rise over 2,500 m from the sea, and the island's Pitons are drawn on its flag and national football badge.",https://thumb.wikimedia.org/wikipedia/commons/thumb/4/44/Pitons-aerial.jpg/500px-Pitons-aerial.jpg?utm_source=en.wikipedia.org&utm_campaign=api&utm_content=thumbnail
jericoacoara,Jericoacoara Dunes,"Jericoacoara Dunes, Brazil 🇧🇷",Brazil,-2.8,-40.5,7,,"Local fishermen say the town is blessed by Saint Jericho, and the dunes migrate westward with the trade winds.",https://thumb.wikimedia.org/wikipedia/commons/thumb/2/2d/2010._Jijoca_de_Jericoacoara_%28CE%29_%283%29.JPG/500px-2010._Jijoca_de_Jericoacoara_%28CE%29_%283%29.JPG?utm_source=en.wikipedia.org&utm_campaign=api&utm_content=thumbnail
lencois-maranhenses,Lençóis Maranhenses,"Lençóis Maranhenses, Brazil 🇧🇷",Brazil,-2.4833,-43.1333,6,,"Rainwater pools between the dunes for months, creating islands of sand and fishing lakes of pure fresh water.",https://thumb.wikimedia.org/wikipedia/commons/thumb/a/a7/Len%C3%A7%C3%B3is_Maranhenses_2018.jpg/500px-Len%C3%A7%C3%B3is_Maranhenses_2018.jpg?utm_source=en.wikipedia.org&utm_campaign=api&utm_content=thumbnail
ciudad-perdida,Ciudad Perdida,"Ciudad Perdida, Colombia 🇨🇴",Colombia,11.49,-72.2833,7,Ancient Ruins,"The Tairona built it on a ridge in the 12th-16th centuries, and it was lost to outsiders for four centuries before being rediscovered in 1972.",https://thumb.wikimedia.org/wikipedia/commons/thumb/3/39/CIUDAD_PERDIDA_2.jpg/500px-CIUDAD_PERDIDA_2.jpg?utm_source=en.wikipedia.org&utm_campaign=api&utm_content=thumbnail
kakadu,Kakadu,"Kakadu, Australia 🇦🇺",Australia,-12.9167,132.4833,4,,"Its name is a mis-spelling of the region's Aboriginal name, and it holds more than 1,400 documented archaeological sites.",https://commons.wikimedia.org/wiki/Special:Redirect/file/Nourlangie_Rock_03.jpg
three-sisters-blue-mountains,"Three Sisters, Blue Mountains","Three Sisters, Blue Mountains, Australia 🇦🇺",Australia,-33.7248,150.3111,3,,"Erosion along a fault formed them, and the area was painted by Aboriginal artists thousands of years ago as the Three Sisters.",https://thumb.wikimedia.org/wikipedia/commons/thumb/9/9f/Three_Sisters_from_echo_point.jpg/500px-Three_Sisters_from_echo_point.jpg?utm_source=en.wikipedia.org&utm_campaign=api&utm_content=thumbnail
mount-kosciuszko,Mount Kosciuszko,"Mount Kosciuszko, Australia 🇦🇺",Australia,-36.145,148.2661,5,,"At 2,228 m it is a glaciated eroded peak in the Australian Alps, and skiers race down its run each August.",https://thumb.wikimedia.org/wikipedia/commons/thumb/5/56/Kosciuszko_main_range_from_Scammel_Spur_Lookout_%28cropped%29.jpg/500px-Kosciuszko_main_range_from_Scammel_Spur_Lookout_%28cropped%29.jpg?utm_source=en.wikipedia.org&utm_campaign=api&utm_content=thumbnail
lake-tekapo,Lake Tekapo,"Lake Tekapo, New Zealand 🇳🇿",New Zealand,-44.0046,170.4778,5,,"The blue colour comes from rock flour ground by glaciers suspended in the water, and the region is a Dark Sky Reserve.",https://thumb.wikimedia.org/wikipedia/commons/thumb/6/65/LakeTekapoNov242024_05.jpg/500px-LakeTekapoNov242024_05.jpg?utm_source=en.wikipedia.org&utm_campaign=api&utm_content=thumbnail
waitomo-caves,Waitomo Caves,"Waitomo Caves, New Zealand 🇳🇿",New Zealand,-38.2646,175.0986,5,,"Its ceiling is dotted with around 50,000 glowworm larvae, which use sticky mucus threads and lower threads to catch flying insects.",https://thumb.wikimedia.org/wikipedia/commons/thumb/c/ca/Glowworm_Grotto%2C_Waitomo_Glowworm_Cave.jpg/500px-Glowworm_Grotto%2C_Waitomo_Glowworm_Cave.jpg?utm_source=en.wikipedia.org&utm_campaign=api&utm_content=thumbnail
tsodilo-hills-bw,Tsodilo Hills,Where is the Tsodilo Hills in Botswana?,Botswana,-18.75,21.7333,7,,"The Tsodilo Hills in northwestern Botswana contain over 4,500 rock paintings dating from 100,000 BCE to the present, and the San people consider them sacred.",https://upload.wikimedia.org/wikipedia/commons/1/17/Tsodilo_rock_paintings_1.jpg?utm_source=en.wikipedia.org&utm_campaign=api&utm_content=thumbnail_unscaled
baikonur-cosmodrome-kz,Baikonur Cosmodrome,Where is the Baikonur Cosmodrome?,Kazakhstan,45.965,63.305,5,,"The worlds oldest and largest spaceport, Baikonur Cosmodrome was originally built by the Soviet Union and remains Russias primary launch site.",https://thumb.wikimedia.org/wikipedia/commons/thumb/5/51/Baikonur_Cosmodrome_Soyuz_launch_pad.jpg/500px-Baikonur_Cosmodrome_Soyuz_launch_pad.jpg?utm_source=en.wikipedia.org&utm_campaign=api&utm_content=thumbnail
chiricahua-national-monument-az,Chiricahua National Monument,Where is Chiricahua National Monument?,United States,32.0137,-109.342,7,,"Located in southeastern Arizona, this monument protects a unique area of hoodoos and rock formations formed by volcanic activity 27 million years ago.",https://thumb.wikimedia.org/wikipedia/commons/thumb/1/14/Chiricahua_balanced_rock.jpg/500px-Chiricahua_balanced_rock.jpg?utm_source=en.wikipedia.org&utm_campaign=api&utm_content=thumbnail
gobi-desert-dinosaur-nemegt,Nemegt Formation,"Where is the Nemegt Formation, famous for its dinosaur fossils in the Gobi Desert?",Mongolia,43.5,101.5,8,,The Nemegt Formation in the Gobi Desert is famous for producing exceptionally well-preserved dinosaur fossils including Tyrannosaurus bataar.,https://thumb.wikimedia.org/wikipedia/commons/thumb/8/85/Avimimus_excavation.jpg/500px-Avimimus_excavation.jpg?utm_source=en.wikipedia.org&utm_campaign=api&utm_content=thumbnail
lake-turkana-kenya,Lake Turkana,Where is Lake Turkana?,Kenya,3.5833,36.0833,6,Lakes,"Often called the Jade Sea, Lake Turkana is the worlds largest permanent desert lake and the cradle of humankind with numerous hominin fossils.",https://thumb.wikimedia.org/wikipedia/commons/thumb/8/84/Lake_turkana.jpg/500px-Lake_turkana.jpg?utm_source=en.wikipedia.org&utm_campaign=api&utm_content=thumbnail
uelu-katadu-national-park,Ulu Temburong National Park,Where is Ulu Temburong National Park?,Brunei,4.4333,115.1833,8,,This national park in Brunei protects one of the few remaining unspoiled rainforest areas in Southeast Asia with a unique canopy walkway.,https://thumb.wikimedia.org/wikipedia/commons/thumb/1/13/Long_way_to_go....jpg/500px-Long_way_to_go....jpg?utm_source=en.wikipedia.org&utm_campaign=api&utm_content=thumbnail
carlsbad-caverns-deep,Carlsbad Caverns (Big Room),Where is Carlsbad Caverns National Park?,United States,32.1767,-104.4438,5,,"The Big Room at Carlsbad Caverns is the largest underground chamber in North America, spanning over 33,000 square meters.",https://thumb.wikimedia.org/wikipedia/commons/thumb/d/dd/Carlsbad_Interior_Formations.jpg/500px-Carlsbad_Interior_Formations.jpg?utm_source=en.wikipedia.org&utm_campaign=api&utm_content=thumbnail
huacachina-peru,Huacachina Oasis,Where is the Huacachina Oasis?,Peru,-14.0875,-75.7633,6,,This small oasis town in the Peruvian desert is built around a natural lake and surrounded by towering sand dunes over 500 meters high.,https://thumb.wikimedia.org/wikipedia/commons/thumb/d/d4/Oasis_de_Huacachina%2C_Ica%2C_Per%C3%BA%2C_2015-07-29%2C_DD_18.JPG/500px-Oasis_de_Huacachina%2C_Ica%2C_Per%C3%BA%2C_2015-07-29%2C_DD_18.JPG?utm_source=en.wikipedia.org&utm_campaign=api&utm_content=thumbnail
monkey-gorge-zimbabwe,Mana Pools - Chitake Gorge,Where is Chitake Gorge in Mana Pools National Park?,Zimbabwe,-15.75,29.3667,8,,Chitake Gorge is a year-round water source in Zimbabwe that attracts large concentrations of wildlife during dry seasons.,https://thumb.wikimedia.org/wikipedia/commons/thumb/4/45/ZmbziRvr.jpg/500px-ZmbziRvr.jpg?utm_source=en.wikipedia.org&utm_campaign=api&utm_content=thumbnail
skellig-michael-ireland,Skellig Michael,Where is Skellig Michael?,Ireland,51.7719,-10.5406,5,,"This remote island off the coast of County Kerry, Ireland, was a Christian monastery from the 6th to 12th century and featured in Star Wars films.",https://thumb.wikimedia.org/wikipedia/commons/thumb/d/d8/Skellig_Michael03%28js%29.jpg/500px-Skellig_Michael03%28js%29.jpg?utm_source=en.wikipedia.org&utm_campaign=api&utm_content=thumbnail
petra-nabatean-treasury,Petra - Al Khazneh,"Where is Petra, Jordan?",Jordan,30.3285,35.4419,3,,"The ancient Nabatean city of Petra is famous for its rock-cut architecture and water conduit system, dating to around 300 BCE.",https://thumb.wikimedia.org/wikipedia/commons/thumb/e/ed/Al_khazneh.jpg/500px-Al_khazneh.jpg?utm_source=en.wikipedia.org&utm_campaign=api&utm_content=thumbnail
tromso-norway,Tromsø,Where is Tromsø?,Norway,69.6492,18.9553,5,Nordic Coast; Arctic Circle,"Known as the Gateway to the Arctic, Tromsø is located above the Arctic Circle in Norway and is a prime location to view the Northern Lights.",https://thumb.wikimedia.org/wikipedia/commons/thumb/b/b0/Troms%C3%B8_sentrum_%285835702754%29.jpg/500px-Troms%C3%B8_sentrum_%285835702754%29.jpg?utm_source=en.wikipedia.org&utm_campaign=api&utm_content=thumbnail
cappadocia-goreme-tr,Göreme Open-Air Museum,Where is the Göreme Open-Air Museum?,Turkey,38.6431,34.8283,5,,This UNESCO World Heritage site in Cappadocia features Byzantine rock-cut churches with well-preserved frescoes from the 10th-12th centuries.,https://thumb.wikimedia.org/wikipedia/commons/thumb/5/5d/G%C3%B6reme_town_and_valley_2015.JPG/500px-G%C3%B6reme_town_and_valley_2015.JPG?utm_source=en.wikipedia.org&utm_campaign=api&utm_content=thumbnail
tanbaly-kazakhstan,Tanbaly Petroglyphs,Where is the Tanbaly Petroglyphs site?,Kazakhstan,43.8008,75.535,8,,"The Tanbaly archaeological landscape contains over 5,000 rock carvings dating from the Bronze Age to the Turkic period in southern Kazakhstan.",https://thumb.wikimedia.org/wikipedia/commons/thumb/c/c1/Tanbaly.jpg/500px-Tanbaly.jpg?utm_source=en.wikipedia.org&utm_campaign=api&utm_content=thumbnail
masada-israel,Masada,Where is Masada?,Israel,31.3156,35.3539,4,,"Masada is an ancient fortification atop a mesa in Israel, famous for the siege by Roman forces in 73-74 CE.",https://thumb.wikimedia.org/wikipedia/commons/thumb/1/14/Israel-2013-Aerial_21-Masada.jpg/500px-Israel-2013-Aerial_21-Masada.jpg?utm_source=en.wikipedia.org&utm_campaign=api&utm_content=thumbnail
khajuraho-india,Khajuraho Group of Monuments,Where is Khajuraho?,India,24.8547,79.9219,5,,The Khajuraho temples in Madhya Pradesh are renowned for their intricate nagara-style architecture and erotic sculptures from the Chandela period.,https://thumb.wikimedia.org/wikipedia/commons/thumb/e/e7/1_Khajuraho.jpg/500px-1_Khajuraho.jpg?utm_source=en.wikipedia.org&utm_campaign=api&utm_content=thumbnail
banaue-rice-terraces-ph,Banaue Rice Terraces,Where is the Banaue Rice Terraces?,Philippines,16.923,121.058,5,,"The Banaue Rice Terraces in the Philippines were carved into mountains over 2,000 years ago by the Ifugao people.",https://thumb.wikimedia.org/wikipedia/commons/thumb/c/cc/Banaue-terrace.JPG/500px-Banaue-terrace.JPG?utm_source=en.wikipedia.org&utm_campaign=api&utm_content=thumbnail
koh-pha-ngan-thailand,Koh Phangan,Where is Koh Phangan?,Thailand,9.734,100.021,6,,This Thai island in the Gulf of Thailand is famous for its Full Moon Parties and secluded beaches.,https://thumb.wikimedia.org/wikipedia/commons/thumb/f/fd/Koh_Phangan01.jpg/500px-Koh_Phangan01.jpg?utm_source=en.wikipedia.org&utm_campaign=api&utm_content=thumbnail
sagarmatha-everest-nepal,Mount Everest Base Camp (South),Where is Mount Everest South Base Camp?,Nepal,27.9808,86.9264,5,,"Located at 5,364 meters in Nepal, the South Base Camp is the starting point for most Everest summit expeditions.",https://thumb.wikimedia.org/wikipedia/commons/thumb/e/e4/Khumbutse.jpg/500px-Khumbutse.jpg?utm_source=en.wikipedia.org&utm_campaign=api&utm_content=thumbnail
k2-base-camp-pakistan,K2 Base Camp,Where is K2 Base Camp?,Pakistan,35.8219,76.5131,7,Himalaya,"The base camp for K2, the worlds second-highest mountain, is located in Baltistan, Pakistan at about 5,150 meters altitude.",https://thumb.wikimedia.org/wikipedia/commons/thumb/c/c9/Chogori.jpg/500px-Chogori.jpg?utm_source=en.wikipedia.org&utm_campaign=api&utm_content=thumbnail
anapurna-base-camp-nepal,Annapurna Base Camp,Where is Annapurna Base Camp?,Nepal,28.5302,83.8788,6,Himalaya,"Situated at 4,130 meters in the Annapurna Sanctuary of Nepal, surrounded by towering peaks including Annapurna I.",https://thumb.wikimedia.org/wikipedia/commons/thumb/4/4c/Under_stars_and_snows.jpg/500px-Under_stars_and_snows.jpg?utm_source=en.wikipedia.org&utm_campaign=api&utm_content=thumbnail
bateleur-bay-guinea,Boe,Where is Boe District in Guinea?,Guinea,7.95,-9.0833,9,,Boe is a small district in Southern Guinea known for its lush landscapes and traditional Mandinka culture.,https://commons.wikimedia.org/wiki/Special:Redirect/file/Montane_rainforest_near_to_S%C3%A9r%C3%A9dou_(Northern_limit_of_Ziama_Massif).jpg
moyo-uganda,Moyo District,"Where is Moyo, a remote district west of the White Nile near the South Sudan border?",Uganda,3.6431,31.7289,8,,"Moyo is a remote district in Northern Uganda near the border with South Sudan, rich in Sudanese-influenced culture.",https://thumb.wikimedia.org/wikipedia/commons/thumb/d/d5/The_White_Nile_Descending_into_Murchison_Falls%2C_Uganda%E2%80%99s_Hydrological_Marvel01.jpg/1280px-The_White_Nile_Descending_into_Murchison_Falls%2C_Uganda%E2%80%99s_Hydrological_Marvel01.jpg
qaqortoq-greenland,Qaqortoq,Where is Qaqortoq?,Denmark,60.7214,-46.0486,8,,"Qaqortoq is the largest town in South Greenland, known for its stone sculptures and colorful houses.",https://thumb.wikimedia.org/wikipedia/commons/thumb/6/6e/Qaqortoq_Market_Square.jpg/500px-Qaqortoq_Market_Square.jpg?utm_source=en.wikipedia.org&utm_campaign=api&utm_content=thumbnail
nanortalik-greenland,Nanortalik,Where is Nanortalik?,Denmark,60.1417,-45.2433,9,,"Nanortalik is a small fishing town on a rugged island in Southern Greenland, famed for its stark coastal scenery.",https://thumb.wikimedia.org/wikipedia/commons/thumb/e/ee/Greenland_Nanortalik.jpg/500px-Greenland_Nanortalik.jpg?utm_source=en.wikipedia.org&utm_campaign=api&utm_content=thumbnail
honningsvag-norway,Honningsvåg,Where is Honningsvåg?,Norway,70.9828,25.9707,7,Nordic Coast,"Honningsvåg is the northernmost city in mainland Norway, serving as the gateway to the North Cape.",https://thumb.wikimedia.org/wikipedia/commons/thumb/4/4f/Honningsv%C3%A5g-01.jpg/500px-Honningsv%C3%A5g-01.jpg?utm_source=en.wikipedia.org&utm_campaign=api&utm_content=thumbnail
kirkenes-norway,Kirkenes,Where is Kirkenes?,Norway,69.725,30.0444,7,Nordic Coast,"Kirkenes is a Norwegian town near the Russian border, heavily influenced by Arctic geopolitics and Sami culture.",https://thumb.wikimedia.org/wikipedia/commons/thumb/6/6b/Kirkenes_2013_06_10_2082_%2810412267505%29.jpg/500px-Kirkenes_2013_06_10_2082_%2810412267505%29.jpg?utm_source=en.wikipedia.org&utm_campaign=api&utm_content=thumbnail
tiksi-russia,Tiksi,Where is Tiksi?,Russia,71.6367,128.8639,9,Arctic Circle,"Tiksi is a remote Arctic port in Yakutia, Russia, located on the shore of the Laptev Sea.",https://thumb.wikimedia.org/wikipedia/commons/thumb/3/34/Tiksi.jpg/500px-Tiksi.jpg?utm_source=en.wikipedia.org&utm_campaign=api&utm_content=thumbnail
pevek-russia,Pevek,Where is Pevek?,Russia,69.7026,170.298,9,Arctic Circle,"Pevek is the northernmost town in Chukotka, Russia, established as a mining settlement on the Arctic coast.",https://thumb.wikimedia.org/wikipedia/commons/thumb/0/03/View_of_Pevek_from_the_south.jpg/500px-View_of_Pevek_from_the_south.jpg?utm_source=en.wikipedia.org&utm_campaign=api&utm_content=thumbnail
barrow-alaska,Utqiagvik,Where is Utqiagvik?,United States,71.2906,-156.7887,7,Arctic Circle,"Formerly known as Barrow, Utqiagvik is the northernmost city in the United States, located above the Arctic Circle.",https://thumb.wikimedia.org/wikipedia/commons/thumb/6/6f/Barrow_Alaska.jpg/500px-Barrow_Alaska.jpg?utm_source=en.wikipedia.org&utm_campaign=api&utm_content=thumbnail
wales-alaska,Wales,"Wales, Alaska 🇺🇸",United States,65.6092,-168.0872,9,,Wales is a small Inupiat village at the westernmost point of the North American mainland.,https://thumb.wikimedia.org/wikipedia/commons/thumb/0/01/Alaska_-_Wales_-_NARA_-_23942639.jpg/1280px-Alaska_-_Wales_-_NARA_-_23942639.jpg
tuktoyaktuk-canada,Tuktoyaktuk,Where is Tuktoyaktuk?,Canada,69.4547,-133.036,8,Arctic Circle,"Tuktoyaktuk is a hamlet in the Northwest Territories of Canada on the Arctic Ocean, known for its pingos.",https://thumb.wikimedia.org/wikipedia/commons/thumb/6/62/DEW_line_radar_station_at_Tuktoyaktuk.jpg/500px-DEW_line_radar_station_at_Tuktoyaktuk.jpg?utm_source=en.wikipedia.org&utm_campaign=api&utm_content=thumbnail
arviat-canada,Arviat,Where is Arviat?,Canada,61.1089,-94.0589,9,,"Arviat is a predominantly Inuit community on the western shore of Hudson Bay in Nunavut, Canada.",https://thumb.wikimedia.org/wikipedia/commons/thumb/9/99/Arviat_Church_Centers_1995-06-30.jpg/500px-Arviat_Church_Centers_1995-06-30.jpg?utm_source=en.wikipedia.org&utm_campaign=api&utm_content=thumbnail
povungnituk-canada,Puvirnituq,Where is Puvirnituq?,Canada,60.035,-77.2733,9,,"Puvirnituq is an Inuit village on the Hudson Bay coast of northern Quebec, accessible only by air or sea.",https://commons.wikimedia.org/wiki/Special:Redirect/file/Puvirnituq_-_Mai_2012.JPG
kangiqsujuaq-canada,Kangiqsujuaq,Where is Kangiqsujuaq?,Canada,61.5969,-71.9564,10,,"Kangiqsujuaq is a remote Inuit community in Nunavik, northern Quebec, nestled in a fjord.",https://thumb.wikimedia.org/wikipedia/commons/thumb/2/22/Kangiqsujuaq.jpg/500px-Kangiqsujuaq.jpg?utm_source=en.wikipedia.org&utm_campaign=api&utm_content=thumbnail
cambridge-bay-canada,Cambridge Bay,Where is Cambridge Bay?,Canada,69.1168,-105.058,8,Arctic Circle,"Cambridge Bay is a major Inuit settlement on Victoria Island in Nunavut, Canada.",https://thumb.wikimedia.org/wikipedia/commons/thumb/2/25/Cambridge_Bay%2C_Nunavut_aerial_view.jpg/500px-Cambridge_Bay%2C_Nunavut_aerial_view.jpg?utm_source=en.wikipedia.org&utm_campaign=api&utm_content=thumbnail
rankin-inlet-canada,Rankin Inlet,Where is Rankin Inlet?,Canada,62.8089,-92.085,8,,"Rankin Inlet is the largest inland community in Nunavut, located on the Kudlulik Peninsula by Hudson Bay.",https://thumb.wikimedia.org/wikipedia/commons/thumb/b/bf/Rankin_Inlet_From_Air.jpg/500px-Rankin_Inlet_From_Air.jpg?utm_source=en.wikipedia.org&utm_campaign=api&utm_content=thumbnail
ilulissat-greenland,Ilulissat,Where is Ilulissat?,Denmark,69.2167,-51.1,6,Arctic Circle,"Ilulissat is home to Sermeq Kujalleq, one of the fastest and most active glaciers in the world.",https://thumb.wikimedia.org/wikipedia/commons/thumb/4/43/The_colors_from_Ilulissat_-_Greenland._-_panoramio.jpg/500px-The_colors_from_Ilulissat_-_Greenland._-_panoramio.jpg?utm_source=en.wikipedia.org&utm_campaign=api&utm_content=thumbnail
vestmannaeyjar-iceland,Vestmannaeyjar,Where is Vestmannaeyjar?,Iceland,63.4427,-20.2734,7,,"Vestmannaeyjar is an archipelago off Iceland south coast, known for the 1973 Eldfell volcanic eruption.",https://thumb.wikimedia.org/wikipedia/commons/thumb/6/66/Vestmannaeyjar018.JPG/500px-Vestmannaeyjar018.JPG?utm_source=en.wikipedia.org&utm_campaign=api&utm_content=thumbnail
heimaey-iceland,Heimaey,Where is Heimaey?,Iceland,63.4411,-20.2489,7,,Heimaey is the largest island of the Vestmannaeyjar archipelago and site of Icelands most recent volcanic eruption on an inhabited island.,https://thumb.wikimedia.org/wikipedia/commons/thumb/9/97/Aerial_view_of_Heimaey%2C_2009-02-01.jpg/500px-Aerial_view_of_Heimaey%2C_2009-02-01.jpg?utm_source=en.wikipedia.org&utm_campaign=api&utm_content=thumbnail
benin-city-temple,Osun-Osogbo Sacred Grove (Shrine area),Where is the Osun-Osogbo Sacred Grove?,Nigeria,7.755,4.5511,6,,This sacred forest along the Osun River in Nigeria is dedicated to the Yoruba goddess Osun and features sculptures by Susanne Wenger.,https://thumb.wikimedia.org/wikipedia/commons/thumb/1/1f/Osun_groove_Osogbo.jpg/500px-Osun_groove_Osogbo.jpg?utm_source=en.wikipedia.org&utm_campaign=api&utm_content=thumbnail
kondoa-rock-art,Kondoa Irangi Rock Paintings,Where is the Kondoa Rock Art Sites?,Tanzania,-4.7113,35.8344,8,,"These rock painting sites in central Tanzania date back over 2,000 years and depict hunting scenes and ritual activities.",https://thumb.wikimedia.org/wikipedia/commons/thumb/9/9c/Kondoa_mchoro_mwambani_2012_Tamino.jpg/500px-Kondoa_mchoro_mwambani_2012_Tamino.jpg?utm_source=en.wikipedia.org&utm_campaign=api&utm_content=thumbnail
simien-mountains,Simien Mountains National Park,Where is Simien Mountains National Park?,Ethiopia,13.1833,38.0667,6,,"Home to endemic species like the Gelada baboon, Simien Mountains in Ethiopia feature dramatic escarpments and deep valleys.",https://thumb.wikimedia.org/wikipedia/commons/thumb/b/be/Semien_Mountains_9.jpg/500px-Semien_Mountains_9.jpg?utm_source=en.wikipedia.org&utm_campaign=api&utm_content=thumbnail
bumthang-valley-bhutan,Bumthang Valley,Where is Bumthang Valley?,Bhutan,27.5455,90.7523,7,Himalaya,"Bumthang is one of Bhutans most historic valleys, containing some of the oldest Buddhist temples in the kingdom.",https://thumb.wikimedia.org/wikipedia/commons/thumb/4/4d/Bumthang-Tal_in_Bhutan.jpg/500px-Bumthang-Tal_in_Bhutan.jpg?utm_source=en.wikipedia.org&utm_campaign=api&utm_content=thumbnail
hpa-an-caves-myanmar,Saddan Cave,Where is Saddan Cave near Hpa-An?,Myanmar,16.8717,97.6764,8,,Saddan Cave is a massive limestone cave in Myanmar with a hidden lake and reclining Buddha statue.,https://thumb.wikimedia.org/wikipedia/commons/thumb/b/bf/Mahar_Sadan_Cave_4.jpg/500px-Mahar_Sadan_Cave_4.jpg?utm_source=en.wikipedia.org&utm_campaign=api&utm_content=thumbnail
champasak-laos,Wat Phu Champasak,Where is Wat Phu?,Laos,14.8489,105.8169,6,,"Wat Phu is a Khmer Hindu temple complex in southern Laos, dating to the 5th-12th centuries.",https://thumb.wikimedia.org/wikipedia/commons/thumb/1/1e/Champasak%2C_Laos%2C_Wat_Poo_03.jpg/500px-Champasak%2C_Laos%2C_Wat_Poo_03.jpg?utm_source=en.wikipedia.org&utm_campaign=api&utm_content=thumbnail
prambanan-indonesia,Prambanan Temple,Where is Prambanan?,Indonesia,-7.752,110.4915,5,Southeast Asia,"Prambanan is the largest Hindu temple complex in Indonesia, dedicated to the Trimurti of Brahma, Vishnu, and Shiva.",https://thumb.wikimedia.org/wikipedia/commons/thumb/0/0b/Prambanan_Temple_Yogyakarta_Indonesia.jpg/500px-Prambanan_Temple_Yogyakarta_Indonesia.jpg?utm_source=en.wikipedia.org&utm_campaign=api&utm_content=thumbnail
komodo-island,Komodo Island,Where is Komodo Island?,Indonesia,-8.5455,119.441,5,Southeast Asia,"Komodo Island in Indonesia is the natural habitat of the Komodo dragon, the worlds largest living lizard.",https://thumb.wikimedia.org/wikipedia/commons/thumb/e/e3/Komodo_Island_north_aerial.jpg/500px-Komodo_Island_north_aerial.jpg?utm_source=en.wikipedia.org&utm_campaign=api&utm_content=thumbnail
quetico-provincial-park,Quetico Provincial Park,Where is Quetico Provincial Park?,Canada,48.6658,-91.1258,7,,"Quetico is a vast wilderness park in Ontario, Canada, known for its canoe routes and pristine lakes.",https://thumb.wikimedia.org/wikipedia/commons/thumb/3/38/SarahLake.jpg/500px-SarahLake.jpg?utm_source=en.wikipedia.org&utm_campaign=api&utm_content=thumbnail
tupak-amik-lake,Kluane Lake,Where is Kluane Lake?,Canada,61.2181,-138.719,6,,"Kluane Lake is Yukons largest lake, located near Kluane National Park with views of the St. Elias Mountains.",https://thumb.wikimedia.org/wikipedia/commons/thumb/6/65/Kluane_Lake_YT_2005.jpg/500px-Kluane_Lake_YT_2005.jpg?utm_source=en.wikipedia.org&utm_campaign=api&utm_content=thumbnail
iguazu-falls-argentina,Iguazú Falls (Devils Throat),Where is the Devils Throat at Iguazú Falls?,Argentina,-25.6953,-54.4367,3,Waterfalls,The Devils Throat is the largest waterfall system in the Iguazú Falls complex on the Argentina-Brazil border.,https://thumb.wikimedia.org/wikipedia/commons/thumb/9/91/Aerial_Foz_de_Igua%C3%A7u_26_Nov_2005.jpg/500px-Aerial_Foz_de_Igua%C3%A7u_26_Nov_2005.jpg?utm_source=en.wikipedia.org&utm_campaign=api&utm_content=thumbnail
patagonia-torres-del-paine,Torres del Paine (Base of Towers),Where is Torres del Paine National Park?,Chile,-50.9423,-73.4068,5,,"Torres del Paine in Chilean Patagonia features granite spires that rise over 2,400 meters above the surrounding landscape.",https://thumb.wikimedia.org/wikipedia/commons/thumb/c/ce/Torres_del_Paine_y_cuernos_del_Paine%2C_montaje.jpg/500px-Torres_del_Paine_y_cuernos_del_Paine%2C_montaje.jpg?utm_source=en.wikipedia.org&utm_campaign=api&utm_content=thumbnail
lord-howe-island,Lord Howe Island,Where is Lord Howe Island?,Australia,-31.5553,159.0828,7,,Lord Howe Island is a remote volcanic island off the east coast of Australia with unique endemic species.,https://thumb.wikimedia.org/wikipedia/commons/thumb/3/3f/Lord_Howe_ISS006-E-5731.png/500px-Lord_Howe_ISS006-E-5731.png?utm_source=en.wikipedia.org&utm_campaign=api&utm_content=thumbnail
kermadec-islands,Raoul Island,Where is Raoul Island?,New Zealand,-29.2667,-177.9167,9,,"Raoul Island is the largest of the Kermadec Islands, a remote volcanic archipelago northeast of New Zealand.",https://thumb.wikimedia.org/wikipedia/commons/thumb/f/fa/Raoul_Island%2C_New_Zealand_%28STS008-36-1403%2C_cropped_rotated%29.jpg/500px-Raoul_Island%2C_New_Zealand_%28STS008-36-1403%2C_cropped_rotated%29.jpg?utm_source=en.wikipedia.org&utm_campaign=api&utm_content=thumbnail
tepui-auyan,Auyan-tepui,Where is Auyan-tepui?,Venezuela,5.9028,-62.5361,6,,"Auyan-tepui is a massive tepui in Venezuela known for Angel Falls, the worlds highest uninterrupted waterfall.",https://thumb.wikimedia.org/wikipedia/commons/thumb/0/0b/Auyan_Tepui_01.JPG/500px-Auyan_Tepui_01.JPG?utm_source=en.wikipedia.org&utm_campaign=api&utm_content=thumbnail
chiloe-churches,Chiloé Wooden Churches,Where is Chiloé Island?,Chile,-42.5,-73.7667,7,,The wooden churches of Chiloé in southern Chile are UNESCO World Heritage sites representing a unique fusion of styles.,https://thumb.wikimedia.org/wikipedia/commons/thumb/1/11/Fachada_de_la_iglesia_de_San_Juan_%28comuna_de_Dalcahue%29._Isla_Grande_de_Chilo%C3%A9._Chile.jpg/500px-Fachada_de_la_iglesia_de_San_Juan_%28comuna_de_Dalcahue%29._Isla_Grande_de_Chilo%C3%A9._Chile.jpg?utm_source=en.wikipedia.org&utm_campaign=api&utm_content=thumbnail
lago-general-carrera,Catedral de Mármol,Where is Marble Cathedral in Patagonia?,Chile,-46.6417,-72.6703,6,,The Marble Cathedral is a series of natural marble caves on the shores of General Carrera Lake in Chile.,https://thumb.wikimedia.org/wikipedia/commons/thumb/c/cb/Lago_Gral._Carrera_01.JPG/500px-Lago_Gral._Carrera_01.JPG?utm_source=en.wikipedia.org&utm_campaign=api&utm_content=thumbnail
valle-de-la-luna-chile,Valle de la Luna,Where is Valle de la Luna?,Chile,-22.9117,-68.2878,5,,Valle de la Luna (Moon Valley) in the Atacama Desert features otherworldly rock formations sculpted by wind and water.,https://thumb.wikimedia.org/wikipedia/commons/thumb/4/4a/Valledelaluna-lapaz-bolivia.jpg/500px-Valledelaluna-lapaz-bolivia.jpg?utm_source=en.wikipedia.org&utm_campaign=api&utm_content=thumbnail
nukunonu-village-point,Nukunonu Village,Where is Nukunonu Village?,New Zealand,-9.2019,-171.7839,9,,"Nukunonu is the largest atoll in Tokelau, with a small lagoon village on the western motu.",https://thumb.wikimedia.org/wikipedia/commons/thumb/3/3d/Nukunonu.jpg/500px-Nukunonu.jpg?utm_source=en.wikipedia.org&utm_campaign=api&utm_content=thumbnail
fakaofo-fale,Fakaofo,Where is Fakaofo?,New Zealand,-9.3741,-171.2333,9,,"Fakaofo is the southernmost atoll of Tokelau, known for its traditional Polynesian village structures.",https://thumb.wikimedia.org/wikipedia/commons/thumb/f/fd/Fakaofo_Atoll.jpg/500px-Fakaofo_Atoll.jpg?utm_source=en.wikipedia.org&utm_campaign=api&utm_content=thumbnail
atafu-loto,Atafu,Where is Atafu?,New Zealand,-8.5514,-172.5152,9,,Atafu is the northernmost atoll of Tokelau and one of the world's most remote permanently inhabited atolls.,https://thumb.wikimedia.org/wikipedia/commons/thumb/0/08/Atafu.jpg/500px-Atafu.jpg?utm_source=en.wikipedia.org&utm_campaign=api&utm_content=thumbnail
pitcairn-bounty-bay,"Bounty Bay, Pitcairn","Where is Bounty Bay, Pitcairn?",United Kingdom,-25.0668,-130.0994,9,Pacific Islands,Bounty Bay on Pitcairn Island is where the mutineers from HMS Bounty landed in 1790.,https://thumb.wikimedia.org/wikipedia/commons/thumb/1/1a/Bounty_bay.jpg/500px-Bounty_bay.jpg?utm_source=en.wikipedia.org&utm_campaign=api&utm_content=thumbnail
ducie-island,Ducie Island,Where is Ducie Island?,United Kingdom,-24.6803,-124.785,10,,"Ducie Island is the easternmost atoll of the Pitcairn Islands, rarely visited due to its remoteness.",https://thumb.wikimedia.org/wikipedia/commons/thumb/4/4d/DucieISS002-E-10044_-_Cropped.JPG/500px-DucieISS002-E-10044_-_Cropped.JPG?utm_source=en.wikipedia.org&utm_campaign=api&utm_content=thumbnail
henderson-island-point,Henderson Island,Where is Henderson Island?,United Kingdom,-24.3778,-128.3178,9,,Henderson Island is a UNESCO World Heritage site known for its near-pristine ecology and high plastic pollution.,https://thumb.wikimedia.org/wikipedia/commons/thumb/2/24/Henderson_Island_ESA392791.jpg/500px-Henderson_Island_ESA392791.jpg?utm_source=en.wikipedia.org&utm_campaign=api&utm_content=thumbnail
oeno-island,Oeno Island,Where is Oeno Island?,United Kingdom,-23.9283,-130.7328,10,,Oeno Island is a small low-lying atoll in the Pitcairn group with a single landing spot.,https://thumb.wikimedia.org/wikipedia/commons/thumb/1/1d/Oenosatellite.png/500px-Oenosatellite.png?utm_source=en.wikipedia.org&utm_campaign=api&utm_content=thumbnail
pukapuka-village,Pukapuka Village,Where is Pukapuka Village?,Cook Islands,-10.8517,-165.8367,10,,Pukapuka Atoll is known for its distinct dialect and traditional Polynesian way of life.,https://thumb.wikimedia.org/wikipedia/commons/thumb/e/ec/Pukapuka_Aerial_efs_1280.jpg/500px-Pukapuka_Aerial_efs_1280.jpg?utm_source=en.wikipedia.org&utm_campaign=api&utm_content=thumbnail
manihiki-oma,Manihiki,Where is Manihiki?,Cook Islands,-10.4247,-161.0144,10,,Manihiki Atoll in the Cook Islands is famous for its black pearl farming industry.,https://thumb.wikimedia.org/wikipedia/commons/thumb/0/03/Manihiki_Aerial.jpg/500px-Manihiki_Aerial.jpg?utm_source=en.wikipedia.org&utm_campaign=api&utm_content=thumbnail
penrhyn-omoka,"Omoka, Penrhyn","Where is Omoka, Penrhyn?",Cook Islands,-8.9797,-158.0333,10,,"Omoka is the main village on Penrhyn Atoll, one of the most remote settlements in the Cook Islands.",https://thumb.wikimedia.org/wikipedia/commons/thumb/d/d4/Penrhyn_Aerial_EFS_1280.jpg/500px-Penrhyn_Aerial_EFS_1280.jpg?utm_source=en.wikipedia.org&utm_campaign=api&utm_content=thumbnail
palmerston-island,Palmerston Island,Where is Palmerston Island?,Cook Islands,-18.0583,-163.1683,10,,Palmerston Island is a unique Cook Islands settlement mostly descended from one Englishman and his Polynesian wives.,https://thumb.wikimedia.org/wikipedia/commons/thumb/6/62/Palmerston_ISS006.jpg/500px-Palmerston_ISS006.jpg?utm_source=en.wikipedia.org&utm_campaign=api&utm_content=thumbnail
niue-alofi,"Alofi, Niue","Where is Alofi, Niue?",Niue,-19.0544,-169.9187,8,,"Alofi is the tiny capital of Niue, one of the world's largest coral islands by land area relative to population.",https://thumb.wikimedia.org/wikipedia/commons/thumb/4/46/Alofi_Visitor_Information_Centre.jpg/500px-Alofi_Visitor_Information_Centre.jpg?utm_source=en.wikipedia.org&utm_campaign=api&utm_content=thumbnail
futuna-leava,"Leava, Futuna","Where is Leava, Futuna?",France,-14.2933,-178.1583,10,,"Leava is the main settlement on Futuna Island, known for its steep cliffs and traditional culture.",https://commons.wikimedia.org/wiki/Special:Redirect/file/028_Port_de_Leava_%C3%A0_Futuna_(36709932515).jpg
tuvalu-vaiaku,"Vaiaku, Funafuti","Where is Vaiaku, Funafuti?",Tuvalu,-8.5233,179.1996,9,,"Vaiaku is the administrative center of Tuvalu, located on the main islet of Funafuti Atoll.",https://thumb.wikimedia.org/wikipedia/commons/thumb/e/e2/Government_office_building.jpg/500px-Government_office_building.jpg?utm_source=en.wikipedia.org&utm_campaign=api&utm_content=thumbnail
nui-tuvalu,"Nui, Tuvalu","Where is Nui, Tuvalu?",Tuvalu,-7.2426,177.1503,10,,"Nui Atoll is one of Tuvalu's northernmost atolls with a small, tight-knit island community.",https://thumb.wikimedia.org/wikipedia/commons/thumb/b/b4/Nui_atoll.jpg/500px-Nui_atoll.jpg?utm_source=en.wikipedia.org&utm_campaign=api&utm_content=thumbnail
nanumea-tuvalu,"Nanumea, Tuvalu","Where is Nanumea, Tuvalu?",Tuvalu,-5.6554,176.115,10,,Nanumea is a remote northern atoll of Tuvalu known for its traditional Polynesian navigation history.,https://thumb.wikimedia.org/wikipedia/commons/thumb/2/2e/Nanumea_2022.png/500px-Nanumea_2022.png?utm_source=en.wikipedia.org&utm_campaign=api&utm_content=thumbnail
kiritimati-london,"London, Kiritimati","Where is London, Kiritimati?",Kiribati,1.9847,-157.475,10,,"London is the main village on Kiritimati (Christmas Island), the world's largest coral atoll by land area.",https://thumb.wikimedia.org/wikipedia/commons/thumb/a/a0/Kiritimati-EO.jpg/500px-Kiritimati-EO.jpg?utm_source=en.wikipedia.org&utm_campaign=api&utm_content=thumbnail
tabuaeran,"Tabuaeran, Kiribati","Where is Tabuaeran, Kiribati?",Kiribati,3.8667,-159.3567,10,,Tabuaeran (Fanning Island) in Kiribati is known for its abundant birdlife and coconut plantations.,https://thumb.wikimedia.org/wikipedia/commons/thumb/d/dc/Tabuaeran_Kiribati.jpg/500px-Tabuaeran_Kiribati.jpg?utm_source=en.wikipedia.org&utm_campaign=api&utm_content=thumbnail
teraina,"Teraina, Kiribati","Where is Teraina, Kiribati?",Kiribati,4.6878,-160.3742,10,,Teraina (Washington Island) is one of Kiribati's Line Islands with a small population and rich marine life.,https://thumb.wikimedia.org/wikipedia/commons/thumb/7/7a/Teraina_Kiribati.jpg/500px-Teraina_Kiribati.jpg?utm_source=en.wikipedia.org&utm_campaign=api&utm_content=thumbnail
malden-island,Malden Island,Where is Malden Island?,Kiribati,-4.0106,-154.9386,10,,"Malden Island is an uninhabited coral atoll in Kiribati, known for its extensive bird colonies and historical guano mining.",https://upload.wikimedia.org/wikipedia/commons/thumb/a/a6/Malden_Island_AKK_ruins.jpg/500px-Malden_Island_AKK_ruins.jpg
starbuck-island,Starbuck Island,Where is Starbuck Island?,Kiribati,-5.6353,-155.8831,10,,"Starbuck Island is a treeless coral atoll in Kiribati, rarely visited and home to large seabird populations.",https://upload.wikimedia.org/wikipedia/commons/thumb/6/6d/Starbuck_AKK_Wall.jpg/500px-Starbuck_AKK_Wall.jpg
vostok-island,Vostok Island,Where is Vostok Island?,Kiribati,-10.0647,-152.31,10,,"Vostok Island is a tiny uninhabited atoll in the Line Islands, covered in dense Pisonia forest.",https://thumb.wikimedia.org/wikipedia/commons/thumb/c/c4/Vostok_Island_AKK.jpg/500px-Vostok_Island_AKK.jpg?utm_source=en.wikipedia.org&utm_campaign=api&utm_content=thumbnail
flint-island,Flint Island,Where is Flint Island?,Kiribati,-11.43,-151.8197,10,,Flint Island is a remote atoll in Kiribati known for its coconut palms and historical copra production.,https://thumb.wikimedia.org/wikipedia/commons/thumb/2/2c/NASA-FlintIsland.jpg/500px-NASA-FlintIsland.jpg?utm_source=en.wikipedia.org&utm_campaign=api&utm_content=thumbnail
caroline-island,Caroline Island,Where is Caroline Island?,Kiribati,-9.9367,-150.2092,10,,Caroline Island (Millennium Island) is a pristine coral atoll in Kiribati with some of the clearest waters in the Pacific.,https://upload.wikimedia.org/wikipedia/commons/3/39/CarolinePic-Kepler-South.jpg?utm_source=en.wikipedia.org&utm_campaign=api&utm_content=thumbnail_unscaled
chagos-diego-garcia-point,Diego Garcia Point,Where is Diego Garcia Point?,United Kingdom,-7.3133,72.4111,8,,"Diego Garcia is a strategic atoll in the Chagos Archipelago, home to a joint UK-US military base.",https://thumb.wikimedia.org/wikipedia/commons/thumb/0/06/DG_Ariel_Plantation.jpg/500px-DG_Ariel_Plantation.jpg?utm_source=en.wikipedia.org&utm_campaign=api&utm_content=thumbnail
peros-banhos,Peros Banhos,Where is Peros Banhos?,United Kingdom,-5.4167,71.85,10,,"Peros Banhos is one of the largest atolls in the Chagos Archipelago, now uninhabited after 1973.",https://commons.wikimedia.org/wiki/Special:Redirect/file/Peros_Banhos_Landsat.jpg
salomon-islands-chagos,"Salomon Islands, Chagos","Where is Salomon Islands, Chagos?",United Kingdom,-5.3167,72.2333,10,,"The Salomon Islands are a remote group in the Chagos Archipelago, known for their pristine coral reefs.",https://thumb.wikimedia.org/wikipedia/commons/thumb/d/d7/Salomons_Atoll_in_the_Chagos.jpg/1280px-Salomons_Atoll_in_the_Chagos.jpg
eagle-island-chagos,"Eagle Islands, Chagos","Where is Eagle Islands, Chagos?",United Kingdom,-6.2,71.3,10,,"Eagle Islands form a small atoll in the northern Chagos Archipelago, rarely visited by outsiders.",https://upload.wikimedia.org/wikipedia/commons/thumb/3/33/Eagle_Islands_ISS006.jpg/500px-Eagle_Islands_ISS006.jpg
tristan-edinburgh,Edinburgh of the Seven Seas,Where is Edinburgh of the Seven Seas?,United Kingdom,-37.0676,-12.3116,9,,"Edinburgh of the Seven Seas is the main settlement on Tristan da Cunha, often cited as the world's most remote inhabited island group.",https://thumb.wikimedia.org/wikipedia/commons/thumb/6/64/Surroundings_of_Infrasound_Station_IS49_Tristan_de_Cunha%2C_UK_%2813288640063%29.jpg/500px-Surroundings_of_Infrasound_Station_IS49_Tristan_de_Cunha%2C_UK_%2813288640063%29.jpg?utm_source=en.wikipedia.org&utm_campaign=api&utm_content=thumbnail
gough-island-weather,Gough Island Station,Where is Gough Island Station?,United Kingdom,-40.3497,-9.88,10,,Gough Island is a UNESCO World Heritage site hosting one of the world's most important seabird colonies.,https://thumb.wikimedia.org/wikipedia/commons/thumb/a/ae/Gough.png/500px-Gough.png?utm_source=en.wikipedia.org&utm_campaign=api&utm_content=thumbnail
nightingale-island,Nightingale Island,Where is Nightingale Island?,United Kingdom,-37.4217,-12.48,10,,"Nightingale Island is part of Tristan da Cunha, known for its large rockhopper penguin colonies.",https://upload.wikimedia.org/wikipedia/commons/thumb/0/02/Nightingale_Island.jpg/500px-Nightingale_Island.jpg
inaccessible-island,Inaccessible Island,Where is Inaccessible Island?,United Kingdom,-37.2969,-12.6794,10,,"Inaccessible Island is part of Tristan da Cunha and home to the endemic Inaccessible Island Rail, the world's smallest flightless bird.",https://upload.wikimedia.org/wikipedia/commons/thumb/c/c6/Inaccessible_Island%2C_March_14%2C_2024.jpg/500px-Inaccessible_Island%2C_March_14%2C_2024.jpg
marion-island,Marion Island Station,Where is Marion Island Station?,South Africa,-46.8756,37.7167,10,,"Marion Island is a sub-Antarctic research station operated by South Africa, known for its large seal and penguin populations.",https://upload.wikimedia.org/wikipedia/commons/thumb/9/94/Marion_Island%2C_South_Africa%2C_EO-1_ALI_satellite_image%2C_5_May_2009.jpg/500px-Marion_Island%2C_South_Africa%2C_EO-1_ALI_satellite_image%2C_5_May_2009.jpg
prince-edward-island,Prince Edward Island,Where is Prince Edward Island?,South Africa,-46.6297,37.9453,10,,"Prince Edward Island is a small sub-Antarctic island near Marion Island, rarely visited due to harsh conditions.",https://thumb.wikimedia.org/wikipedia/commons/thumb/9/9b/Prince_Edward_Island%2C_South_Africa%2C_EO-1_ALI_satellite_image%2C_5_May_2009.jpg/1280px-Prince_Edward_Island%2C_South_Africa%2C_EO-1_ALI_satellite_image%2C_5_May_2009.jpg
heard-island,Heard Island,Where is Heard Island?,Australia,-53.0818,73.5042,9,,"Heard Island is an Australian external territory dominated by the active volcano Big Ben, covered in glaciers.",https://thumb.wikimedia.org/wikipedia/commons/thumb/3/38/Heard_Island_%28cropped%29.jpg/500px-Heard_Island_%28cropped%29.jpg?utm_source=en.wikipedia.org&utm_campaign=api&utm_content=thumbnail
mcquarie-island,Macquarie Island Station,Where is Macquarie Island Station?,Australia,-54.4994,158.9383,10,,Macquarie Island is a UNESCO World Heritage site known for its unique geology where oceanic crust meets continental crust.,https://thumb.wikimedia.org/wikipedia/commons/thumb/d/d2/MacquarieIslandIsthmus.JPG/500px-MacquarieIslandIsthmus.JPG?utm_source=en.wikipedia.org&utm_campaign=api&utm_content=thumbnail
grise-fiord,Grise Fiord,Where is Grise Fiord?,Canada,76.4181,-82.9006,9,Arctic Circle,"Grise Fiord is one of Canada's northernmost communities, known for its Inuit culture and polar bear sightings.",https://thumb.wikimedia.org/wikipedia/commons/thumb/3/33/Downtown_Grise_Fiord.jpg/500px-Downtown_Grise_Fiord.jpg?utm_source=en.wikipedia.org&utm_campaign=api&utm_content=thumbnail
resolute-bay,Resolute Bay,Where is Resolute Bay?,Canada,74.6973,-94.8297,8,Arctic Circle,"Resolute Bay is a remote Inuit community in Nunavut, serving as a gateway to the High Arctic.",https://thumb.wikimedia.org/wikipedia/commons/thumb/8/8d/Resolute_sun.jpg/500px-Resolute_sun.jpg?utm_source=en.wikipedia.org&utm_campaign=api&utm_content=thumbnail
ny-alesund,Ny-Ålesund,Where is Ny-Ålesund?,Norway,78.9231,11.9305,8,Nordic Coast; Arctic Circle,"Ny-Ålesund is the world's northernmost year-round settlement of scientists, located on Svalbard.",https://thumb.wikimedia.org/wikipedia/commons/thumb/3/3e/Ny-%C3%85lesund_2013_06_07_3603.jpg/500px-Ny-%C3%85lesund_2013_06_07_3603.jpg?utm_source=en.wikipedia.org&utm_campaign=api&utm_content=thumbnail
barentsburg,Barentsburg,Where is Barentsburg?,Norway,78.0642,14.2156,8,Arctic Circle,"Barentsburg is a Russian mining settlement on Svalbard, one of the few non-Norwegian communities in the archipelago.",https://thumb.wikimedia.org/wikipedia/commons/thumb/0/03/Barentsburg_view.jpg/500px-Barentsburg_view.jpg?utm_source=en.wikipedia.org&utm_campaign=api&utm_content=thumbnail
longyearbyen-advent,"Adventdalen, Longyearbyen","Where is Adventdalen, Longyearbyen?",Norway,78.1967,15.5986,7,,"Adventdalen is a glacial valley near Longyearbyen, Svalbard, known for its Arctic tundra ecosystem.",https://thumb.wikimedia.org/wikipedia/commons/thumb/d/d0/Adventdalen-Vei-400.jpg/500px-Adventdalen-Vei-400.jpg?utm_source=en.wikipedia.org&utm_campaign=api&utm_content=thumbnail
qaanaaq,Qaanaaq,Where is Qaanaaq?,Canada,77.467,-69.2287,9,Arctic Circle,"Qaanaaq is a small Inuit settlement in northwestern Greenland, near the Humboldt Glacier.",https://thumb.wikimedia.org/wikipedia/commons/thumb/3/34/Qaanaaq%2C_Greenland.jpg/500px-Qaanaaq%2C_Greenland.jpg?utm_source=en.wikipedia.org&utm_campaign=api&utm_content=thumbnail
siorapaluk,Siorapaluk,Where is Siorapaluk?,Denmark,77.795,-70.6378,10,,"Siorapaluk is one of the northernmost inhabited settlements in the world, with a tiny population of Inuit hunters.",https://thumb.wikimedia.org/wikipedia/commons/thumb/7/7c/Siorapaluk_%28Greenland%2C_April-May_2025%29_-_22.jpg/500px-Siorapaluk_%28Greenland%2C_April-May_2025%29_-_22.jpg?utm_source=en.wikipedia.org&utm_campaign=api&utm_content=thumbnail
negretti-fjord,Negretti Fjord,Where is Negretti Fjord?,Iceland,83.5867,-30.75,10,,"Negretti Fjord is a remote fjord system in northern Greenland, rarely visited due to extreme ice conditions.",https://commons.wikimedia.org/wiki/Special:Redirect/file/Northern_Greenland_(ASTER).jpg
amundsen-scott-south,Amundsen–Scott South Pole,Where is Amundsen–Scott South Pole?,Antarctica,-90,0,2,Antarctic Outposts,"The Amundsen–Scott South Pole Station sits at the geographic South Pole on the Antarctic Plateau, one of Earth's most extreme environments.",https://thumb.wikimedia.org/wikipedia/commons/thumb/d/d4/Amundsen%E2%80%93Scott_South_Pole_Station_01.jpg/500px-Amundsen%E2%80%93Scott_South_Pole_Station_01.jpg?utm_source=en.wikipedia.org&utm_campaign=api&utm_content=thumbnail
scott-base,Scott Base,Where is Scott Base?,Antarctica,-77.8463,166.6682,8,Antarctic Outposts,"Scott Base is New Zealand's Antarctic research station on Ross Island, near Mount Erebus.",https://thumb.wikimedia.org/wikipedia/commons/thumb/4/46/Scott_Base_from_air.jpg/500px-Scott_Base_from_air.jpg?utm_source=en.wikipedia.org&utm_campaign=api&utm_content=thumbnail
mcmurdo-hut-point,"Hut Point, McMurdo","Where is Hut Point, McMurdo?",Antarctica,-77.8469,166.6417,9,Antarctic Outposts,Hut Point is the historic site of Robert Falcon Scott's Discovery Hut on Ross Island.,https://thumb.wikimedia.org/wikipedia/commons/thumb/a/ac/McMurdo_Station_From_The_Top_Of_Observation_Hill.jpg/500px-McMurdo_Station_From_The_Top_Of_Observation_Hill.jpg?utm_source=en.wikipedia.org&utm_campaign=api&utm_content=thumbnail
palmer-station,Palmer Station,Where is Palmer Station?,Antarctica,-64.7742,-64.0525,9,Antarctic Outposts,Palmer Station is the United States' only Antarctic station north of the Antarctic Circle.,https://thumb.wikimedia.org/wikipedia/commons/thumb/3/3b/EXISTING_CONDITIONS_FOR_PALMER_STATION.png/500px-EXISTING_CONDITIONS_FOR_PALMER_STATION.png?utm_source=en.wikipedia.org&utm_campaign=api&utm_content=thumbnail
rorqual-strait,Rongé Island,Where is Rongé Island?,Antarctica,-64.667,-62.667,10,,"Rongé Island is a remote, ice-covered island in the Palmer Archipelago, rarely explored.",https://thumb.wikimedia.org/wikipedia/commons/thumb/c/cd/Ronge_Island_%2816100202330%29.jpg/500px-Ronge_Island_%2816100202330%29.jpg?utm_source=en.wikipedia.org&utm_campaign=api&utm_content=thumbnail
mawson-station,Mawson Station,Where is Mawson Station?,Antarctica,-67.6028,62.8744,9,Antarctic Outposts,"Mawson Station is Australia's oldest Antarctic research station, located in Mac. Robertson Land.",https://thumb.wikimedia.org/wikipedia/commons/thumb/6/6c/Mawson_from_Welch_Island_Dec_26_2008_pjs.jpg/500px-Mawson_from_Welch_Island_Dec_26_2008_pjs.jpg?utm_source=en.wikipedia.org&utm_campaign=api&utm_content=thumbnail
davis-station,Davis Station,Where is Davis Station?,Antarctica,-68.5767,77.9675,9,Antarctic Outposts,"Davis Station is an Australian Antarctic research station on Princess Elizabeth Land, known for its katabatic winds.",https://thumb.wikimedia.org/wikipedia/commons/thumb/4/4b/Davis_Station_November_2005.jpg/500px-Davis_Station_November_2005.jpg?utm_source=en.wikipedia.org&utm_campaign=api&utm_content=thumbnail
casey-station,Casey Station,Where is Casey Station?,Antarctica,-66.2825,110.5239,9,,"Casey Station is an Australian research station in Wilkes Land, featuring a unique 'wind farm' for renewable power.",https://thumb.wikimedia.org/wikipedia/commons/thumb/5/51/Casey_Station_November_2005.jpg/500px-Casey_Station_November_2005.jpg?utm_source=en.wikipedia.org&utm_campaign=api&utm_content=thumbnail
concordia-station,Concordia Station,Where is Concordia Station?,Antarctica,-75.1,123.35,9,Antarctic Outposts,"Concordia Station is a Franco-Italian research base on Dome C, one of the coldest and driest places on Earth.",https://thumb.wikimedia.org/wikipedia/commons/thumb/b/b7/ConcordiaFromTower.jpg/500px-ConcordiaFromTower.jpg?utm_source=en.wikipedia.org&utm_campaign=api&utm_content=thumbnail
dome-fuji,Dome Fuji Station,Where is Dome Fuji Station?,Antarctica,-77.3167,39.7,10,,Dome Fuji Station is a Japanese Antarctic base on one of the highest points of the East Antarctic ice sheet.,https://thumb.wikimedia.org/wikipedia/commons/thumb/6/68/Antarctica_base%28Japan%29_English_ver.png/500px-Antarctica_base%28Japan%29_English_ver.png?utm_source=en.wikipedia.org&utm_campaign=api&utm_content=thumbnail
halley-station,Halley Station,Where is Halley Station?,Antarctica,-75.5667,-25.5167,9,,"Halley Station is a British research base on the Brunt Ice Shelf, known for its discovery of the ozone hole.",https://thumb.wikimedia.org/wikipedia/commons/thumb/4/41/Halley_VI_Antarctic_Research_Station_-_Science_modules.jpg/500px-Halley_VI_Antarctic_Research_Station_-_Science_modules.jpg?utm_source=en.wikipedia.org&utm_campaign=api&utm_content=thumbnail
neumayer-iii,Neumayer Station III,Where is Neumayer Station III?,Antarctica,-70.6744,-8.2742,10,,Neumayer Station III is a German Antarctic research station located on the Ekström Ice Shelf.,https://thumb.wikimedia.org/wikipedia/commons/thumb/e/e3/Neumayer_Station_Antarctica_2009-12_2.jpg/500px-Neumayer_Station_Antarctica_2009-12_2.jpg?utm_source=en.wikipedia.org&utm_campaign=api&utm_content=thumbnail
syowa-station,Syowa Station,Where is Syowa Station?,Antarctica,-69.0042,39.59,9,,Syowa Station is Japan's main Antarctic research base on East Ongul Island.,https://thumb.wikimedia.org/wikipedia/commons/thumb/6/67/Showa_station_aerial_photography.jpg/500px-Showa_station_aerial_photography.jpg?utm_source=en.wikipedia.org&utm_campaign=api&utm_content=thumbnail
dzilam-de-bravo,Dzilam de Bravo,Where is Dzilam de Bravo?,Mexico,21.3911,-88.8911,10,,"Dzilam de Bravo is a remote fishing village on Mexico's Yucatán coast, near important coastal wetlands.",https://thumb.wikimedia.org/wikipedia/commons/thumb/d/d2/Dzilam_de_Bravo%2C_Yucat%C3%A1n_%2804%29.JPG/500px-Dzilam_de_Bravo%2C_Yucat%C3%A1n_%2804%29.JPG?utm_source=en.wikipedia.org&utm_campaign=api&utm_content=thumbnail
cabo-catoche,Cabo Catoche,Where is Cabo Catoche?,Mexico,21.6042,-87.1036,9,,"Cabo Catoche is the northernmost point of Mexico's Yucatán Peninsula, where the Gulf of Mexico meets the Caribbean.",https://thumb.wikimedia.org/wikipedia/commons/thumb/3/3e/Cabo_Catoche_aerial.JPG/500px-Cabo_Catoche_aerial.JPG?utm_source=en.wikipedia.org&utm_campaign=api&utm_content=thumbnail
xcalak,Xcalak,Where is Xcalak?,Mexico,18.2722,-87.8342,9,,"Xcalak is a tiny fishing village near Mexico's border with Belize, adjacent to the Xcalak Reef National Park.",https://thumb.wikimedia.org/wikipedia/commons/thumb/3/3b/Xcalak.JPG/500px-Xcalak.JPG?utm_source=en.wikipedia.org&utm_campaign=api&utm_content=thumbnail
punta-alliance,Punta Allen,Where is Punta Allen?,Mexico,19.7944,-87.4747,9,,"Punta Allen is a remote village in Mexico's Sian Ka'an Biosphere Reserve, accessible only by boat or rough road.",https://thumb.wikimedia.org/wikipedia/commons/thumb/a/a2/Punta_Allen_Beach.JPG/500px-Punta_Allen_Beach.JPG?utm_source=en.wikipedia.org&utm_campaign=api&utm_content=thumbnail
el-porvenir-san-blas,"El Porvenir, San Blas","Where is El Porvenir, San Blas?",Panama,9.5528,-78.9469,10,,"El Porvenir is one of the Kuna Yala islands off Panama's Caribbean coast, known for its traditional Guna culture.",https://commons.wikimedia.org/wiki/Special:Redirect/file/Isla_El_Porvenir.jpg
corozal-suido,Corozal Sujo,Where is Corozal Sujo?,Honduras,15.7833,-84.7667,10,,Corozal Sujo is a small Miskito village on the remote northeastern coast of Honduras.,https://commons.wikimedia.org/wiki/Special:Redirect/file/Cape_Gracias_a_Dios.jpg
puerto-lempira,Puerto Lempira,Where is Puerto Lempira?,Honduras,15.2667,-83.7722,8,,"Puerto Lempira is the capital of Honduras' Gracias a Dios department, one of Central America's most isolated regions.",https://thumb.wikimedia.org/wikipedia/commons/thumb/f/f7/Muelle_de_puerto_lempira.jpg/500px-Muelle_de_puerto_lempira.jpg?utm_source=en.wikipedia.org&utm_campaign=api&utm_content=thumbnail
bramaderos,Bramaderos,Where is Bramaderos?,Colombia,1.6478,-78.3828,10,,"Bramaderos is a remote village in Colombia's Nariño department, near the Pacific coast's mangrove estuaries.",https://commons.wikimedia.org/wiki/Special:Redirect/file/Manglares_en_el_maritorio_de_Bah%C3%ADa_M%C3%A1laga%2C_Colombia.jpg
cabo-manglares,Cabo Manglares,Where is Cabo Manglares?,Colombia,1.6203,-79.0042,10,,"Cabo Manglares is Colombia's southernmost point on the Pacific coast, in a remote wetland region.",https://commons.wikimedia.org/wiki/Special:Redirect/file/Manglares_en_el_maritorio_de_Bah%C3%ADa_M%C3%A1laga%2C_Colombia.jpg
isla-foca,"Isla de la Foca, Peru","Where is Isla de la Foca, Peru?",Peru,-5.2036,-81.2067,10,,"Isla de la Foca is a small rocky island off Peru's northern coast, home to large South American sea lion colonies.",https://thumb.wikimedia.org/wikipedia/commons/thumb/e/e1/Punta_Veleros_2.jpg/1280px-Punta_Veleros_2.jpg
punta-coles,Punta Coles,Where is Punta Coles?,Peru,-17.7003,-71.3781,10,,"Punta Coles is a remote peninsula in southern Peru, known for its marine wildlife and guano deposits.",https://thumb.wikimedia.org/wikipedia/commons/thumb/8/85/Malecon_de_Ilo_-_panoramio.jpg/500px-Malecon_de_Ilo_-_panoramio.jpg?utm_source=en.wikipedia.org&utm_campaign=api&utm_content=thumbnail
paracas-candelabra,Candelabra Geoglyph,Where is Candelabra Geoglyph?,Peru,-13.7917,-76.3014,8,,"The Paracas Candelabra is a massive geoglyph on a coastal hillside, visible for miles out to sea.",https://thumb.wikimedia.org/wikipedia/commons/thumb/6/63/Paracas_Candelabra_-_Ica%2C_Peru.jpg/500px-Paracas_Candelabra_-_Ica%2C_Peru.jpg?utm_source=en.wikipedia.org&utm_campaign=api&utm_content=thumbnail
nazca-pampa-san-jose,Pampa de San José,Where is Pampa de San José?,Peru,-14.7378,-75.1425,10,,"Pampa de San José is a remote plateau in Peru's Nazca region, home to some of the lesser-known Nazca lines.",https://commons.wikimedia.org/wiki/Special:Redirect/file/L%C3%ADneas_de_Nazca%2C_Nazca%2C_Per%C3%BA%2C_2015-07-29%2C_DD_52.JPG
puerto-ingersoll,Puerto Ingersoll,Where is Puerto Ingersoll?,Peru,-13.8,-76.2667,10,,"Puerto Ingersoll is a tiny fishing hamlet on Peru's central coast, largely unchanged by tourism.",https://upload.wikimedia.org/wikipedia/commons/thumb/d/de/Cliffs_of_Paracas%2C_Peru.jpg/500px-Cliffs_of_Paracas%2C_Peru.jpg
taltal-punta-ballena,"Punta Ballena, Taltal","Where is Punta Ballena, Taltal?",Chile,-25.8213,-70.7351,10,,"Punta Ballena is a windswept headland in Chile's Atacama Desert, near historic nitrate mining ruins.",https://upload.wikimedia.org/wikipedia/commons/thumb/0/07/Coast_of_Taltal_%28taltal_coast_lv%29.jpg/500px-Coast_of_Taltal_%28taltal_coast_lv%29.jpg
bahia-exploradores,Bahía Exploradores,Where is Bahía Exploradores?,Chile,-46.55,-73.15,10,,"Bahía Exploradores is a remote fjord bay in Chilean Patagonia, known for its calving glaciers.",https://thumb.wikimedia.org/wikipedia/commons/thumb/f/ff/Cuatro_dise%C3%B1os_de_uniformes_para_los_nuevos_Regimientos_Fijos_de_Infanter%C3%ADa_de_Nueva_Espa%C3%B1a%2C_M%C3%A9xico_y_la_Puebla%2C_y_variaci%C3%B3n_del_de_la_Corona_%28cropped%29.jpg/500px-Cuatro_dise%C3%B1os_de_uniformes_para_los_nuevos_Regimientos_Fijos_de_Infanter%C3%ADa_de_Nueva_Espa%C3%B1a%2C_M%C3%A9xico_y_la_Puebla%2C_y_variaci%C3%B3n_del_de_la_Corona_%28cropped%29.jpg?utm_source=en.wikipedia.org&utm_campaign=api&utm_content=thumbnail
caleta-tortel,Caleta Tortel,Where is Caleta Tortel?,Chile,-47.7947,-73.5331,9,,Caleta Tortel is a remote village in southern Chile built on stilts and wooden walkways along a fjord.,https://thumb.wikimedia.org/wikipedia/commons/thumb/b/b8/Caleta_Tortel_03.JPG/500px-Caleta_Tortel_03.JPG?utm_source=en.wikipedia.org&utm_campaign=api&utm_content=thumbnail
villa-ohiggins,Villa O'Higgins,Where is Villa O'Higgins?,Chile,-48.4694,-72.5608,9,,"Villa O'Higgins is Chile's southernmost road-accessible settlement, a gateway to remote Patagonian wilderness.",https://thumb.wikimedia.org/wikipedia/commons/thumb/a/a0/VillaO%27Higgins.jpg/500px-VillaO%27Higgins.jpg?utm_source=en.wikipedia.org&utm_campaign=api&utm_content=thumbnail
dna-cavendish-cambridge,Old Cavendish Laboratory,"Old Cavendish Laboratory, England",England,52.2028,0.1197,6,,"The breakthrough was made at Cambridge University's old Cavendish Laboratory, aided by crucial X-ray evidence produced by Rosalind Franklin and Maurice Wilkins.",https://thumb.wikimedia.org/wikipedia/commons/thumb/1/1a/Cavendish-plaque_retouch_b.jpg/500px-Cavendish-plaque_retouch_b.jpg?utm_source=en.wikipedia.org&utm_campaign=api&utm_content=thumbnail
transistor-bell-labs-murray-hill,"Bell Labs, Murray Hill","Murray Hill, New Jersey, United States 🇺🇸",United States,40.6842,-74.4003,5,,"John Bardeen, Walter Brattain, and William Shockley's group developed the device at Bell Telephone Laboratories, launching the solid-state electronics era.",https://thumb.wikimedia.org/wikipedia/commons/thumb/8/87/Lucent_HQ.gif/500px-Lucent_HQ.gif?utm_source=en.wikipedia.org&utm_campaign=api&utm_content=thumbnail
higgs-boson-cern-atlas,CERN ATLAS Experiment,"CERN, Geneva, Switzerland 🇨🇭",Switzerland,46.2348,6.0557,6,,The ATLAS and CMS teams at CERN jointly reported a new Higgs-like particle. This point marks the ATLAS detector site on the Large Hadron Collider ring.,https://thumb.wikimedia.org/wikipedia/commons/thumb/5/59/CERN_ATLAS_Detector.jpg/1280px-CERN_ATLAS_Detector.jpg
gravitational-waves-ligo-hanford,LIGO Hanford Observatory,"Hanford, Washington, United States 🇺🇸",United States,46.4551,-119.4077,8,,"LIGO's Hanford and Livingston observatories detected the same signal on September 14, 2015. Hanford's immense L-shaped interferometer is one of the two discovery sites.",https://thumb.wikimedia.org/wikipedia/commons/thumb/9/9a/LLO_Control_Room.jpg/500px-LLO_Control_Room.jpg?utm_source=en.wikipedia.org&utm_campaign=api&utm_content=thumbnail
dolly-cloning-roslin,Roslin Institute,"Roslin Institute, Scotland",Scotland,55.8664,-3.2006,7,,Dolly was born at the Roslin Institute in 1996 after scientists transferred a nucleus from an adult sheep cell into an egg cell.,https://thumb.wikimedia.org/wikipedia/commons/thumb/d/d7/Roslin_Institute.JPG/500px-Roslin_Institute.JPG?utm_source=en.wikipedia.org&utm_campaign=api&utm_content=thumbnail
first-powered-flight-kill-devil-hills,Wright Brothers National Memorial,"Kitty Hawk, North Carolina, United States 🇺🇸",United States,36.014,-75.6674,5,,"Orville flew the Flyer for 12 seconds on December 17, 1903, from level ground beside Kill Devil Hill. A marker shows where that first flight ended.",https://thumb.wikimedia.org/wikipedia/commons/thumb/4/4d/On_this_hill.jpg/500px-On_this_hill.jpg?utm_source=en.wikipedia.org&utm_campaign=api&utm_content=thumbnail
edison-light-menlo-park,Menlo Park Laboratory Site,"Menlo Park, New Jersey, United States 🇺🇸",United States,40.5675,-74.3368,6,,Edison's Menlo Park laboratory became known as an invention factory. A memorial tower and museum stand where the research complex operated.,https://thumb.wikimedia.org/wikipedia/commons/thumb/4/45/Thomas_Edison_Tower.jpg/500px-Thomas_Edison_Tower.jpg?utm_source=en.wikipedia.org&utm_campaign=api&utm_content=thumbnail
arpanet-first-message-ucla,"Boelter Hall, UCLA","UCLA, Los Angeles, United States 🇺🇸",United States,34.0689,-118.4432,3,,"A UCLA team tried to send LOGIN to Stanford on October 29, 1969. The network failed after two letters, making 'LO' the internet ancestor's first message.",https://commons.wikimedia.org/wiki/Special:Redirect/file/Boelter_Hall%2C_UCLA.jpg
moraine-lake,Moraine Lake,"Moraine Lake, Canada 🇨🇦",Canada,51.3225,-116.1856,4,Lakes; Mountains,"Glacial rock flour turns this lake in the Valley of the Ten Peaks a vivid turquoise, and the view once appeared on the back of Canada's $20 bill.",https://thumb.wikimedia.org/wikipedia/commons/thumb/c/c5/Moraine_Lake_17092005.jpg/500px-Moraine_Lake_17092005.jpg
giethoorn,Giethoorn,"Giethoorn, Netherlands 🇳🇱",Netherlands,52.7389,6.0781,5,,The old village centre has no roads: canals first dug to haul peat now carry boats beneath more than 170 wooden footbridges.,https://thumb.wikimedia.org/wikipedia/commons/thumb/6/69/Giethoorn_Netherlands_flckr05.jpg/500px-Giethoorn_Netherlands_flckr05.jpg
portofino,Portofino,"Portofino, Italy 🇮🇹",Italy,44.3039,9.2078,4,Port Cities,"Pastel houses ring the tiny harbour of this Ligurian fishing village, and its piazzetta was copied wholesale for a resort hotel in Orlando, Florida.",https://thumb.wikimedia.org/wikipedia/commons/thumb/b/b6/Portofino%2C_Italy_2025.jpg/500px-Portofino%2C_Italy_2025.jpg
woodstock-max-yasgur-farm,Bethel Woods,"Bethel, New York, United States 🇺🇸",United States,41.7016,-74.8803,4,,"About 400,000 people gathered on Max Yasgur's dairy farm near Bethel, roughly 40 miles from Woodstock itself. The hillside is now part of Bethel Woods Center for the Arts.",https://thumb.wikimedia.org/wikipedia/commons/thumb/b/b0/Bethelwoods.jpg/500px-Bethelwoods.jpg?utm_source=en.wikipedia.org&utm_campaign=api&utm_content=thumbnail
beatles-abbey-road-cover,Abbey Road Crossing,Where did the Beatles walk across a zebra crossing for the cover of their 1969 Abbey Road album?,England,51.5321,-0.1778,3,,Photographer Iain Macmillan took the image from a stepladder while police briefly stopped traffic. The session lasted about ten minutes.,https://thumb.wikimedia.org/wikipedia/commons/thumb/f/f5/Abbey_Road_zebra_crossing%2C_London_2007-03-31.jpg/500px-Abbey_Road_zebra_crossing%2C_London_2007-03-31.jpg?utm_source=en.wikipedia.org&utm_campaign=api&utm_content=thumbnail
lunch-atop-skyscraper-rockefeller,30 Rockefeller Plaza,"Rockefeller Center, New York City, United States 🇺🇸",United States,40.759,-73.9794,4,,Lunch Atop a Skyscraper was staged during construction of 30 Rockefeller Plaza in 1932. The men were genuinely sitting hundreds of feet above the street.,https://thumb.wikimedia.org/wikipedia/commons/thumb/5/58/30_Rockefeller_Plaza_view_from_Empire_State_Building%2C_around_1_pm.jpg/500px-30_Rockefeller_Plaza_view_from_Empire_State_Building%2C_around_1_pm.jpg?utm_source=en.wikipedia.org&utm_campaign=api&utm_content=thumbnail
iwo-jima-flag-raising,Mount Suribachi Summit,"Iwo Jima, Japan 🇯🇵",Japan,24.7504,141.2895,7,,"The Pulitzer-winning image captured the second flag raising on Mount Suribachi on February 23, 1945, during the Battle of Iwo Jima.",https://thumb.wikimedia.org/wikipedia/commons/thumb/4/44/Iwo_Jima_Suribachi_DN-SD-03-11845.JPEG/500px-Iwo_Jima_Suribachi_DN-SD-03-11845.JPEG?utm_source=en.wikipedia.org&utm_campaign=api&utm_content=thumbnail
migrant-mother-nipomo,Nipomo Migrant Camp Site,"Nipomo, California, United States 🇺🇸",United States,35.0353,-120.4856,8,,Lange met Florence Owens Thompson at a pea-pickers' camp in Nipomo in 1936. The photograph became an enduring image of the Great Depression.,https://thumb.wikimedia.org/wikipedia/commons/thumb/5/54/Lange-MigrantMother02.jpg/500px-Lange-MigrantMother02.jpg?utm_source=en.wikipedia.org&utm_campaign=api&utm_content=thumbnail
star-wars-lars-homestead-interior,Hotel Sidi Driss,"Matmata, Tunisia 🇹🇳",Tunisia,33.5422,9.9666,7,,A traditional underground Berber dwelling in Matmata became the Lars homestead dining room. Its Star Wars decorations have been restored for visitors.,https://thumb.wikimedia.org/wikipedia/commons/thumb/0/08/Matmata%2C_Tunisia.JPG/500px-Matmata%2C_Tunisia.JPG?utm_source=en.wikipedia.org&utm_campaign=api&utm_content=thumbnail
jaws-menemsha-harbor,Menemsha Harbor,"Menemsha, Martha's Vineyard, United States 🇺🇸",United States,41.3554,-70.7675,7,,Steven Spielberg used Martha's Vineyard locations throughout the 1975 film. Menemsha's working harbor appeared as the movie's Amity waterfront.,https://thumb.wikimedia.org/wikipedia/commons/thumb/e/e7/Marthasvineyard-Chilmark-Menemsha.jpg/500px-Marthasvineyard-Chilmark-Menemsha.jpg?utm_source=en.wikipedia.org&utm_campaign=api&utm_content=thumbnail
lord-of-rings-hobbiton-film-set,Hobbiton Movie Set,"Hobbiton, Matamata, New Zealand 🇳🇿",New Zealand,-37.8576,175.68,5,,Peter Jackson chose the Alexander family's sheep farm near Matamata for its rolling green landscape. The rebuilt set was made permanent after The Hobbit films.,https://thumb.wikimedia.org/wikipedia/commons/thumb/c/ca/Waterhouse_Lake_Front.jpg/500px-Waterhouse_Lake_Front.jpg?utm_source=en.wikipedia.org&utm_campaign=api&utm_content=thumbnail
monterey-pop-festival,Monterey County Fairgrounds,"Monterey, California, United States 🇺🇸",United States,36.5948,-121.8627,5,,Hendrix's dramatic finale helped turn his U.S. festival debut into rock history. The same festival also introduced major audiences to Janis Joplin and the Who.,https://commons.wikimedia.org/wiki/Special:Redirect/file/Monterey_International_Pop_Festival_publicity_1967.jpg
burning-man-first-baker-beach,Baker Beach,"Baker Beach, San Francisco, United States 🇺🇸",United States,37.7936,-122.4836,4,,Larry Harvey and friends burned an eight-foot wooden man on Baker Beach in 1986. The event later moved to Nevada's Black Rock Desert.,https://thumb.wikimedia.org/wikipedia/commons/thumb/a/af/BakeBeachAtMidday.jpg/500px-BakeBeachAtMidday.jpg?utm_source=en.wikipedia.org&utm_campaign=api&utm_content=thumbnail
krakatoa-1883-eruption,Krakatau Caldera,"Krakatoa, Indonesia 🇮🇩",Indonesia,-6.102,105.423,4,Volcanoes,Krakatau's climactic blasts collapsed much of the island and generated deadly tsunamis. Pressure waves circled the globe multiple times.,https://thumb.wikimedia.org/wikipedia/commons/thumb/2/22/Anak_krakatau_sebelum_tsunami.jpg/500px-Anak_krakatau_sebelum_tsunami.jpg?utm_source=en.wikipedia.org&utm_campaign=api&utm_content=thumbnail
tambora-1815-eruption,Mount Tambora,"Mount Tambora, Indonesia 🇮🇩",Indonesia,-8.247,117.991,7,Volcanoes,Tambora's eruption was the largest in recorded history by erupted volume. Aerosols cooled the climate and contributed to crop failures across the Northern Hemisphere.,https://thumb.wikimedia.org/wikipedia/commons/thumb/7/78/Mount_Tambora_Volcano%2C_Sumbawa_Island%2C_Indonesia.jpg/500px-Mount_Tambora_Volcano%2C_Sumbawa_Island%2C_Indonesia.jpg?utm_source=en.wikipedia.org&utm_campaign=api&utm_content=thumbnail
mount-st-helens-1980,Mount St. Helens Crater,"Mount St. Helens, United States 🇺🇸",United States,46.1912,-122.1944,4,Volcanoes,"A magnitude 5.1 earthquake triggered the collapse of the volcano's north flank on May 18, 1980. The lateral blast killed 57 people and flattened vast forests.",https://thumb.wikimedia.org/wikipedia/commons/thumb/6/6d/MSH04_crater_eruption_image_1213PDT_10-01-04.jpg/500px-MSH04_crater_eruption_image_1213PDT_10-01-04.jpg?utm_source=en.wikipedia.org&utm_campaign=api&utm_content=thumbnail
tunguska-event-epicenter,Tunguska Event Epicenter,"Tunguska, Siberia, Russia 🇷🇺",Russia,60.886,101.894,6,,The Tunguska object burst in the atmosphere without leaving a conventional impact crater. The remote site was not scientifically surveyed until nearly two decades later.,https://thumb.wikimedia.org/wikipedia/commons/thumb/a/a4/Tunguska_Ereignis-1.jpg/500px-Tunguska_Ereignis-1.jpg?utm_source=en.wikipedia.org&utm_campaign=api&utm_content=thumbnail
lituya-bay-megatsunami,Lituya Bay,"Lituya Bay, United States 🇺🇸",United States,58.6425,-137.5667,8,,"An earthquake sent rock plunging into the narrow Alaskan bay, stripping trees up to 524 meters above sea level. Two people in fishing boats were killed.",https://thumb.wikimedia.org/wikipedia/commons/thumb/d/dd/Lituya_Bay_overview.jpg/500px-Lituya_Bay_overview.jpg?utm_source=en.wikipedia.org&utm_campaign=api&utm_content=thumbnail
hunga-tonga-2022-eruption,Hunga Tonga–Hunga Ha'apai,"Hunga Tonga–Hunga Haʻapai, Tonga 🇹🇴",Tonga,-20.536,-175.382,7,Volcanoes,"The eruption generated a towering plume, a Pacific-wide tsunami, and atmospheric waves detected globally. Much of the young volcanic island was destroyed.",https://thumb.wikimedia.org/wikipedia/commons/thumb/e/e3/Hunga_Tonga%E2%80%93Hunga_Ha%CA%BBapai_on_Sentinel-2_L2A_21_February_2022_%28cropped%29.jpg/500px-Hunga_Tonga%E2%80%93Hunga_Ha%CA%BBapai_on_Sentinel-2_L2A_21_February_2022_%28cropped%29.jpg?utm_source=en.wikipedia.org&utm_campaign=api&utm_content=thumbnail
tohoku-2011-earthquake-epicenter,2011 Tōhoku Earthquake Epicenter,Where was the offshore epicenter of the 2011 Tōhoku earthquake and tsunami?,Japan,38.322,142.369,5,,The magnitude 9.1 megathrust earthquake struck beneath the Pacific east of Honshu. The tsunami caused widespread destruction and triggered the Fukushima nuclear disaster.,https://thumb.wikimedia.org/wikipedia/commons/thumb/2/2a/SH-60B_helicopter_flies_over_Sendai.jpg/500px-SH-60B_helicopter_flies_over_Sendai.jpg?utm_source=en.wikipedia.org&utm_campaign=api&utm_content=thumbnail
armero-nevado-del-ruiz,Armero Ruins,"Armero, Colombia 🇨🇴",Colombia,4.965,-74.902,8,,"A relatively small eruption of Nevado del Ruiz melted summit ice, sending lahars down river valleys into Armero. The catastrophe became a stark lesson in ignored volcanic warnings.",https://thumb.wikimedia.org/wikipedia/commons/thumb/4/4f/Armero_-_Cambao.jpg/500px-Armero_-_Cambao.jpg?utm_source=en.wikipedia.org&utm_campaign=api&utm_content=thumbnail
barringer-meteor-impact,Meteor Crater,"Meteor Crater, Arizona, United States 🇺🇸",United States,35.027,-111.022,5,,The Arizona crater is about 1.2 kilometers wide. Daniel Barringer's unsuccessful search for a huge buried meteor helped establish its impact origin.,https://thumb.wikimedia.org/wikipedia/commons/thumb/f/fd/Meteor_Crater_-_Arizona.jpg/500px-Meteor_Crater_-_Arizona.jpg?utm_source=en.wikipedia.org&utm_campaign=api&utm_content=thumbnail
dyatlov-pass-tent-site,Dyatlov Pass Tent Site,"Dyatlov Pass, Russia 🇷🇺",Russia,61.754,59.462,7,,Searchers found the tent cut open from inside on the slope of Kholat Syakhl. A later Russian inquiry concluded that a slab avalanche was the most likely trigger.,https://thumb.wikimedia.org/wikipedia/commons/thumb/5/52/%D0%9F%D0%B0%D0%BC%D1%8F%D1%82%D0%BD%D0%B8%D0%BA_%D0%B4%D1%8F%D1%82%D0%BB%D0%BE%D0%B2%D1%86%D0%B0%D0%BC_%D0%BD%D0%B0_%D0%9C%D0%B8%D1%85%D0%B0%D0%B9%D0%BB%D0%BE%D0%B2%D1%81%D0%BA%D0%BE%D0%BC_%D0%BA%D0%BB%D0%B0%D0%B4%D0%B1%D0%B8%D1%89%D0%B5.jpg/500px-%D0%9F%D0%B0%D0%BC%D1%8F%D1%82%D0%BD%D0%B8%D0%BA_%D0%B4%D1%8F%D1%82%D0%BB%D0%BE%D0%B2%D1%86%D0%B0%D0%BC_%D0%BD%D0%B0_%D0%9C%D0%B8%D1%85%D0%B0%D0%B9%D0%BB%D0%BE%D0%B2%D1%81%D0%BA%D0%BE%D0%BC_%D0%BA%D0%BB%D0%B0%D0%B4%D0%B1%D0%B8%D1%89%D0%B5.jpg?utm_source=en.wikipedia.org&utm_campaign=api&utm_content=thumbnail
roanoke-lost-colony,Fort Raleigh,"Roanoke Island, North Carolina, United States 🇺🇸",United States,35.9362,-75.7097,6,,"When John White returned in 1590, he found the Roanoke settlement dismantled and its inhabitants gone. Their ultimate fate remains uncertain.",https://thumb.wikimedia.org/wikipedia/commons/thumb/a/a1/Fort-Raleigh-fort.jpg/500px-Fort-Raleigh-fort.jpg?utm_source=en.wikipedia.org&utm_campaign=api&utm_content=thumbnail
flannan-isles-lighthouse-mystery,Flannan Isles Lighthouse,"Flannan Isles Lighthouse, Scotland",Scotland,58.288,-7.5882,9,,"A relief crew reached Eilean Mòr to find the lighthouse deserted. Investigators suspected a huge wave swept the keepers away, but no bodies were recovered.",https://thumb.wikimedia.org/wikipedia/commons/thumb/8/86/St._Flannan%27s_Cell_and_Flannan_Isles_Lighthouse_-_geograph.org.uk_-_623920.jpg/500px-St._Flannan%27s_Cell_and_Flannan_Isles_Lighthouse_-_geograph.org.uk_-_623920.jpg?utm_source=en.wikipedia.org&utm_campaign=api&utm_content=thumbnail
zodiac-lake-berryessa-attack,Lake Berryessa Zodiac Site,"Lake Berryessa, California, United States 🇺🇸",United States,38.5632,-122.2317,5,,The September 1969 attack occurred at a secluded shoreline spot on Lake Berryessa. A message on the victims' car door linked it to earlier shootings.,https://upload.wikimedia.org/wikipedia/commons/f/fc/Zodiac-Killer.jpg?utm_source=en.wikipedia.org&utm_campaign=api&utm_content=thumbnail_unscaled
miracle-on-ice-arena,Herb Brooks Arena,"Lake Placid, New York, United States 🇺🇸",United States,44.2831,-73.9858,4,,"The U.S. hockey team upset the heavily favored Soviets 4–3 at the Lake Placid Winter Olympics, then beat Finland to win gold.",https://thumb.wikimedia.org/wikipedia/commons/thumb/9/9d/HerbBrooksArena.jpg/500px-HerbBrooksArena.jpg?utm_source=en.wikipedia.org&utm_campaign=api&utm_content=thumbnail
hand-of-god-azteca,Estadio Azteca,"Estadio Azteca, Mexico City, Mexico 🇲🇽",Mexico,19.3029,-99.1505,3,,Maradona's contrasting goals carried Argentina past England in the 1986 quarter-final. Argentina went on to win the tournament.,https://thumb.wikimedia.org/wikipedia/commons/thumb/0/07/Vista_a%C3%A9rea_del_Estadio_Azteca_-_2026_-_02.jpg/500px-Vista_a%C3%A9rea_del_Estadio_Azteca_-_2026_-_02.jpg?utm_source=en.wikipedia.org&utm_campaign=api&utm_content=thumbnail
secretariat-belmont-1973,Belmont Park,"Belmont Park, New York, United States 🇺🇸",United States,40.7142,-73.7224,6,,Secretariat's 2:24 Belmont Stakes remains the fastest 1.5 miles on dirt in racing history. His immense margin produced one of sport's defining photographs.,https://thumb.wikimedia.org/wikipedia/commons/thumb/9/97/Belmont_Park_aerial_2021.jpg/500px-Belmont_Park_aerial_2021.jpg?utm_source=en.wikipedia.org&utm_campaign=api&utm_content=thumbnail
golden-spike-promontory-summit,Golden Spike National Historical Park,"Promontory Summit, Utah, United States 🇺🇸",United States,41.617,-112.5507,4,,"The Union Pacific and Central Pacific railroads met at Promontory Summit on May 10, 1869. A telegraphed signal let the nation follow the final blows in real time.",https://thumb.wikimedia.org/wikipedia/commons/thumb/a/a7/A111%2C_Golden_Spike_National_Historic_Site%2C_Utah%2C_USA%2C_2004.jpg/500px-A111%2C_Golden_Spike_National_Historic_Site%2C_Utah%2C_USA%2C_2004.jpg?utm_source=en.wikipedia.org&utm_campaign=api&utm_content=thumbnail
gagarin-launch-pad-one,Baikonur Gagarin's Start,"Baikonur Cosmodrome, Kazakhstan 🇰🇿",Kazakhstan,45.92,63.342,5,,"Vostok 1 lifted off from Baikonur's Site No. 1 on April 12, 1961. The pad became known as Gagarin's Start.",https://thumb.wikimedia.org/wikipedia/commons/thumb/9/94/Soyuz_TMA-3_launch.jpg/500px-Soyuz_TMA-3_launch.jpg?utm_source=en.wikipedia.org&utm_campaign=api&utm_content=thumbnail
alcock-brown-clifden-landing,Alcock and Brown Landing Site,"Clifden, Ireland 🇮🇪",Ireland,53.4396,-10.0197,8,,John Alcock and Arthur Brown mistook an Irish bog near Clifden for a firm field and nosed over on landing. Both men walked away after flying from Newfoundland.,https://thumb.wikimedia.org/wikipedia/commons/thumb/6/68/Alcockandbrown_mail.jpg/500px-Alcockandbrown_mail.jpg?utm_source=en.wikipedia.org&utm_campaign=api&utm_content=thumbnail
lindbergh-spirit-st-louis-landing,Le Bourget Airfield,"Le Bourget, Paris, France 🇫🇷",France,48.9475,2.4353,6,,"Lindbergh reached Le Bourget after 33.5 hours in the Spirit of St. Louis on May 21, 1927. A huge crowd rushed onto the airfield to meet him.",https://thumb.wikimedia.org/wikipedia/commons/thumb/e/eb/Tarmac_de_l%27a%C3%A9roport_du_Bourget_%C3%A0_Paris.jpg/1280px-Tarmac_de_l%27a%C3%A9roport_du_Bourget_%C3%A0_Paris.jpg
bloody-sunday-selma-bridge,Edmund Pettus Bridge,"Edmund Pettus Bridge, Selma, United States 🇺🇸",United States,32.4058,-87.0181,3,,State troopers and a sheriff's posse assaulted marchers just after they crossed the bridge in Selma. Televised images helped build support for the Voting Rights Act.,https://thumb.wikimedia.org/wikipedia/commons/thumb/3/3b/Edmund_Pettus_Bridge_03.jpg/500px-Edmund_Pettus_Bridge_03.jpg?utm_source=en.wikipedia.org&utm_campaign=api&utm_content=thumbnail
magna-carta-runnymede,Runnymede,"Runnymede, England",England,51.4441,-0.5654,5,,King John met rebel barons in the meadow beside the Thames at Runnymede. The charter became a lasting symbol of limits on arbitrary power.,https://thumb.wikimedia.org/wikipedia/commons/thumb/5/55/RunnymedeMagnacartaisle.jpg/500px-RunnymedeMagnacartaisle.jpg?utm_source=en.wikipedia.org&utm_campaign=api&utm_content=thumbnail
lincoln-assassination-fords-theatre,Ford's Theatre,"Ford's Theatre, Washington, D.C., United States 🇺🇸",United States,38.8967,-77.0258,3,,"John Wilkes Booth shot Lincoln in the presidential box on April 14, 1865, then escaped by leaping to the stage. Lincoln died the next morning across the street.",https://thumb.wikimedia.org/wikipedia/commons/thumb/9/9a/Ford%27s_Theatre_-_2026_%2855266858418%29.jpg/500px-Ford%27s_Theatre_-_2026_%2855266858418%29.jpg?utm_source=en.wikipedia.org&utm_campaign=api&utm_content=thumbnail
jfk-assassination-dealey-plaza,Dealey Plaza,"Dealey Plaza, Dallas, United States 🇺🇸",United States,32.7787,-96.8083,3,,Kennedy was fatally shot as his limousine passed through Dealey Plaza. The former Texas School Book Depository now houses a museum about the assassination.,https://thumb.wikimedia.org/wikipedia/commons/thumb/0/05/Dealey_Plaza_2003.jpg/500px-Dealey_Plaza_2003.jpg?utm_source=en.wikipedia.org&utm_campaign=api&utm_content=thumbnail
mlk-assassination-lorraine-motel,Lorraine Motel,"Lorraine Motel, Memphis, United States 🇺🇸",United States,35.1345,-90.0576,3,,King was shot while standing on the motel's second-floor balcony in Memphis. The preserved Lorraine Motel is now part of the National Civil Rights Museum.,https://thumb.wikimedia.org/wikipedia/commons/thumb/f/f5/National_Civil_Rights_Museum_2022a.jpg/500px-National_Civil_Rights_Museum_2022a.jpg?utm_source=en.wikipedia.org&utm_campaign=api&utm_content=thumbnail
gandhi-assassination-birla-house,Gandhi Smriti,"Gandhi Smriti, New Delhi, India 🇮🇳",India,28.6017,77.214,5,,"Nathuram Godse shot Gandhi in the grounds of Birla House on January 30, 1948. Stone footprints trace Gandhi's final walk through the garden.",https://thumb.wikimedia.org/wikipedia/commons/thumb/9/97/Birla_HouseGandhi_Smriti%2C_New_Delhi.jpg/500px-Birla_HouseGandhi_Smriti%2C_New_Delhi.jpg?utm_source=en.wikipedia.org&utm_campaign=api&utm_content=thumbnail
hindenburg-lakehurst,Lakehurst Hindenburg Site,"Lakehurst, New Jersey, United States 🇺🇸",United States,40.0304,-74.3259,5,,"The zeppelin burned at Lakehurst Naval Air Station in 34 seconds, killing 35 aboard and one ground worker. Newsreel footage helped end the passenger-airship era.",https://thumb.wikimedia.org/wikipedia/commons/thumb/1/1c/Hindenburg_disaster.jpg/500px-Hindenburg_disaster.jpg?utm_source=en.wikipedia.org&utm_campaign=api&utm_content=thumbnail
stonewall-uprising,Stonewall Inn,"Stonewall Inn, New York City, United States 🇺🇸",United States,40.7338,-74.0022,4,,Patrons and neighbors resisted a routine raid at the Stonewall Inn in Greenwich Village. Annual Pride marches grew from commemorations held one year later.,https://thumb.wikimedia.org/wikipedia/commons/thumb/c/ce/Stonewall_Inn_5_pride_weekend_2016.jpg/500px-Stonewall_Inn_5_pride_weekend_2016.jpg?utm_source=en.wikipedia.org&utm_campaign=api&utm_content=thumbnail
mandela-rivonia-arrest-liliesleaf,Liliesleaf Farm,"Liliesleaf Farm, Johannesburg, South Africa 🇿🇦",South Africa,-26.0436,28.0537,4,,Security police raided the secret African National Congress meeting place in Rivonia in 1963. Documents seized there became key evidence in the Rivonia Trial.,https://thumb.wikimedia.org/wikipedia/commons/thumb/e/e8/Liliesleaf_hut1.jpg/500px-Liliesleaf_hut1.jpg?utm_source=en.wikipedia.org&utm_campaign=api&utm_content=thumbnail
elvis-sun-studio-first-single,Sun Studio,"Sun Studio, Memphis, United States 🇺🇸",United States,35.1392,-90.0377,5,,"During a break in a 1954 session, Presley began playing Arthur Crudup's song and producer Sam Phillips recognized the sound he wanted.",https://thumb.wikimedia.org/wikipedia/commons/thumb/4/4d/Sun_studio_memphis.jpg/500px-Sun_studio_memphis.jpg?utm_source=en.wikipedia.org&utm_campaign=api&utm_content=thumbnail
montgomery-bus-boycott-church,Holt Street Baptist Church,"Montgomery, Alabama, United States 🇺🇸",United States,32.3761,-86.324,5,,"On December 5, 1955, an overflowing mass meeting voted to continue the one-day boycott. The protest lasted more than a year and ended segregated city buses.",https://thumb.wikimedia.org/wikipedia/commons/thumb/e/e0/Holt_St_Baptist_Church_June09_02.jpg/500px-Holt_St_Baptist_Church_June09_02.jpg?utm_source=en.wikipedia.org&utm_campaign=api&utm_content=thumbnail
channel-swim-captain-webb,Calais Landing Beach,"Calais, France 🇫🇷",France,50.9643,1.8431,3,,"Webb swam from Dover to the Calais coast in nearly 22 hours in 1875, battling currents and jellyfish without a wetsuit.",https://thumb.wikimedia.org/wikipedia/commons/thumb/9/94/Captain_Matthew_Webb.jpg/500px-Captain_Matthew_Webb.jpg
bastei-bridge-germany,Bastei Bridge,"Bastei Bridge, Germany 🇩🇪",Germany,50.9618,14.0725,6,,"The present sandstone bridge was completed in 1851, replacing an earlier wooden crossing between the Bastei rock formations.",https://thumb.wikimedia.org/wikipedia/commons/thumb/3/38/Die_Bastei_in_der_S%C3%A4chsischen_Schweiz.jpg/500px-Die_Bastei_in_der_S%C3%A4chsischen_Schweiz.jpg
ait-benhaddou-ksar,Aït Benhaddou,"Aït Benhaddou, Morocco 🇲🇦",Morocco,31.0472,-7.1289,5,,This UNESCO-listed ksar is a compact group of earthen buildings enclosed by defensive walls and corner towers.,https://thumb.wikimedia.org/wikipedia/commons/thumb/4/4a/Ait_Benhaddou_Pano.jpg/500px-Ait_Benhaddou_Pano.jpg
derawar-fort-pakistan,Derawar Fort,"Derawar Fort, Pakistan 🇵🇰",Pakistan,28.7685,71.3343,8,,Derawar's forty bastions form walls roughly 1.5 kilometres around and can be seen from far across the desert.,https://thumb.wikimedia.org/wikipedia/commons/thumb/f/f9/Derawar_fort_Panorama.jpg/500px-Derawar_fort_Panorama.jpg
kuelap-fortress-peru,Kuélap,"Kuélap, Peru 🇵🇪",Peru,-6.4173,-77.9265,7,,"Kuélap's massive limestone walls enclose hundreds of structures at about 3,000 metres above sea level.",https://thumb.wikimedia.org/wikipedia/commons/thumb/3/3a/Kuelap%2C_Peru.jpg/500px-Kuelap%2C_Peru.jpg
hegra-qasr-al-farid,Hegra,"Hegra, Saudi Arabia 🇸🇦",Saudi Arabia,26.7914,37.9515,6,,Hegra was the Nabataeans' major southern city and became Saudi Arabia's first UNESCO World Heritage Site in 2008.,https://thumb.wikimedia.org/wikipedia/commons/thumb/c/c5/Landscape_at_Hegra_%28Madain_Salih%29%2C_Saudi_Arabia_%286%29.jpg/500px-Landscape_at_Hegra_%28Madain_Salih%29%2C_Saudi_Arabia_%286%29.jpg
rila-monastery-bulgaria,Rila Monastery,"Rila Monastery, Bulgaria 🇧🇬",Bulgaria,42.1333,23.3403,3,Sacred Sites,"Founded in the 10th century, the monastery is named for the hermit Saint John of Rila and remains a major Bulgarian spiritual centre.",https://thumb.wikimedia.org/wikipedia/commons/thumb/f/f2/Rila_monastery_-_bulgaria.JPG/500px-Rila_monastery_-_bulgaria.JPG
gjirokaster-fortress-albania,Gjirokastër Fortress,"Gjirokastër Fortress, Albania 🇦🇱",Albania,40.0731,20.1408,6,Balkans,The fortress dominates the Drino valley and today contains a military museum and the stage for Gjirokastër's folk festival.,https://thumb.wikimedia.org/wikipedia/commons/thumb/7/7b/Gjirokaster%2C_panorama.jpg/500px-Gjirokaster%2C_panorama.jpg
sacsayhuaman-cusco,Sacsayhuamán,"Sacsayhuamán, Peru 🇵🇪",Peru,-13.5075,-71.982,5,Ancient Ruins,"Some blocks in Sacsayhuamán's three terraced walls weigh well over 100 tonnes, yet were fitted without mortar.",https://thumb.wikimedia.org/wikipedia/commons/thumb/b/b0/Sacsayhuam%C3%A1n_Inca_site_P%C3%A9rou_Nov_2011-1.jpg/500px-Sacsayhuam%C3%A1n_Inca_site_P%C3%A9rou_Nov_2011-1.jpg
chand-baori-abhaneri,Chand Baori,"Chand Baori, India 🇮🇳",India,27.0073,76.6064,5,,"Built around the 8th or 9th century, Chand Baori has 13 levels and roughly 3,500 narrow steps.",https://thumb.wikimedia.org/wikipedia/commons/thumb/2/2e/Isometric_view_of_Chand_Baori.jpg/500px-Isometric_view_of_Chand_Baori.jpg
predjama-castle-slovenia,Predjama Castle,"Predjama Castle, Slovenia 🇸🇮",Slovenia,45.8158,14.127,5,,A network of passages behind Predjama Castle links it to the cave system and once provided a concealed supply route.,https://thumb.wikimedia.org/wikipedia/commons/thumb/7/78/Predjama_Castle%2C_Slovenia%2C_20240502_0831_7409.jpg/500px-Predjama_Castle%2C_Slovenia%2C_20240502_0831_7409.jpg
kailasa-temple-ellora,Kailasa Temple,"Kailasa Temple, India 🇮🇳",India,20.0238,75.179,6,,Kailasa is Cave 16 at Ellora; builders excavated the freestanding temple from the top down rather than assembling it stone by stone.,https://thumb.wikimedia.org/wikipedia/commons/thumb/0/05/Kailasha_Temple%2C_Ellora.jpg/500px-Kailasha_Temple%2C_Ellora.jpg
pont-du-gard-aqueduct,Pont du Gard,"Pont du Gard, France 🇫🇷",France,43.9475,4.535,4,,The bridge carried the Nîmes aqueduct across the valley and survives as the tallest Roman aqueduct bridge still standing.,https://thumb.wikimedia.org/wikipedia/commons/thumb/b/bb/Pont_du_Gard_panorama.jpg/500px-Pont_du_Gard_panorama.jpg
buzludzha-monument-bulgaria,Buzludzha Monument,"Buzludzha Monument, Bulgaria 🇧🇬",Bulgaria,42.7339,25.3933,7,Balkans,"Opened in 1981 as a memorial house for the Bulgarian Communist Party, the concrete monument was abandoned after the regime fell.",https://thumb.wikimedia.org/wikipedia/commons/thumb/7/72/%D0%9F%D0%B0%D0%BC%D0%B5%D1%82%D0%BD%D0%B8%D0%BA%D1%8A%D1%82_%22%D0%91%D1%83%D0%B7%D0%BB%D1%83%D0%B4%D0%B6%D0%B0%22.jpg/500px-%D0%9F%D0%B0%D0%BC%D0%B5%D1%82%D0%BD%D0%B8%D0%BA%D1%8A%D1%82_%22%D0%91%D1%83%D0%B7%D0%BB%D1%83%D0%B4%D0%B6%D0%B0%22.jpg
trakai-island-castle,Trakai Island Castle,"Trakai Island Castle, Lithuania 🇱🇹",Lithuania,54.652,24.9335,5,Castles,"Completed around 1409, the restored island fortress was an important residence of the rulers of the Grand Duchy of Lithuania.",https://thumb.wikimedia.org/wikipedia/commons/thumb/1/19/Trakai_Island_Castle_on_Lake_Galv%C4%97%2C_Trakai%2C_Lithuania_-_20110421.jpg/500px-Trakai_Island_Castle_on_Lake_Galv%C4%97%2C_Trakai%2C_Lithuania_-_20110421.jpg
meteora-greece,Meteora,"Meteora, Greece 🇬🇷",Greece,39.7217,21.6306,4,,Meteora's monastic community began forming in the 14th century; six of its dramatically situated monasteries remain active today.,https://thumb.wikimedia.org/wikipedia/commons/thumb/a/ab/Meteora_Panoramic_View.jpg/1280px-Meteora_Panoramic_View.jpg
zhangjiajie-national-forest-park,Zhangjiajie,"Zhangjiajie, China 🇨🇳",China,29.3323,110.4261,5,,"Zhangjiajie National Forest Park forms part of the Wulingyuan scenic area, whose eroded stone pillars can rise hundreds of metres above the valleys.",https://thumb.wikimedia.org/wikipedia/commons/thumb/4/47/Zhangjiajie_National_Forest_Park.jpg/1280px-Zhangjiajie_National_Forest_Park.jpg
punakha-dzong-confluence,Punakha Dzong,"Punakha Dzong, Bhutan 🇧🇹",Bhutan,27.581944,89.863056,6,Himalaya,"Built in 1637–38, this dzong remains both a monastic center and an administrative seat.",https://commons.wikimedia.org/wiki/Special:Redirect/file/Punakha_Dzong%2C_Bhutan_02.jpg
eilean-donan-tidal-castle,Eilean Donan,"Eilean Donan, Scotland",Scotland,57.274028,-5.516111,5,Castles,The medieval stronghold was destroyed in 1719 and reconstructed in the early twentieth century.,https://commons.wikimedia.org/wiki/Special:Redirect/file/Eilean_Donan_Castle%2C_Scotland_-_Jan_2011.jpg
atomium-iron-crystal,Atomium,"Atomium, Belgium 🇧🇪",Belgium,50.894834,4.341585,2,,"Built for the 1958 World's Fair, the 102-metre structure represents a unit cell enlarged 165 billion times.",https://commons.wikimedia.org/wiki/Special:Redirect/file/Brussels_-_Atomium.jpg
vardzia-cliff-monastery,Vardzia,"Vardzia, Georgia 🇬🇪",Georgia,41.380917,43.283761,7,,"Its principal construction dates to the twelfth century, and the complex once extended across as many as nineteen tiers.",https://commons.wikimedia.org/wiki/Special:Redirect/file/2025-05-25_Vardzia_9.jpg
dunnottar-headland-fortress,Dunnottar Castle,"Dunnottar Castle, Scotland",Scotland,56.946,-2.197,5,Castles,Its secluded position helped safeguard the Scottish crown jewels from invading forces in the seventeenth century.,https://commons.wikimedia.org/wiki/Special:Redirect/file/Dunnottar_Castle_-_geograph.org.uk_-_8057610.jpg
elmina-castle-gold-coast,Elmina Castle,"Elmina Castle, Ghana 🇬🇭",Ghana,5.0826,-1.3481,4,,"Erected in 1482, it is the oldest surviving European-built structure south of the Sahara.",https://commons.wikimedia.org/wiki/Special:Redirect/file/Elmina_Castle_-_Ghana.jpg
our-lady-peace-basilica,Basilica of Our Lady of Peace,"Basilica of Our Lady of Peace, Côte d'Ivoire 🇨🇮",Côte d'Ivoire,6.811111,-5.296944,4,,"Completed in 1989, the complex covers about 30,000 square metres and its dome rises to 158 metres.",https://commons.wikimedia.org/wiki/Special:Redirect/file/Basilique_notre_Dame_de_la_Paix_de_Yamoussoukro.jpg
rani-ki-vav-stepwell,Rani ki Vav,"Rani ki Vav, India 🇮🇳",India,23.858889,72.101667,4,,The eleventh-century structure contains more than 500 principal sculptures and was rediscovered after centuries beneath silt.,https://commons.wikimedia.org/wiki/Special:Redirect/file/Rani_ki_vav_02.jpg
tatev-gorge-monastery,Tatev Monastery,"Tatev Monastery, Armenia 🇦🇲",Armenia,39.379167,46.250278,5,,The complex was a major medieval center of learning and housed a university in the fourteenth and fifteenth centuries.,https://commons.wikimedia.org/wiki/Special:Redirect/file/Tatev_Monastery%2C_Tatev%2C_Armenia.jpg
kasubi-royal-tombs,Kasubi Tombs,"Kasubi Tombs, Uganda 🇺🇬",Uganda,0.329167,32.553333,5,,The site contains the tombs of four kings and is a major spiritual center for the Baganda people.,https://commons.wikimedia.org/wiki/Special:Redirect/file/Kampala_Kasubi_Tombs.jpg
zipaquira-salt-cathedral,Salt Cathedral,"Salt Cathedral, Colombia 🇨🇴",Colombia,5.018611,-74.010556,5,,The current sanctuary opened in 1995 about 200 metres below ground and has three principal naves.,https://commons.wikimedia.org/wiki/Special:Redirect/file/Catedral_de_Sal_de_Zipaquira.jpg
citadelle-laferriere-mountaintop,Citadelle Laferrière,"Citadelle Laferrière, Haiti 🇭🇹",Haiti,19.573611,-72.243889,6,Caribbean,Tens of thousands of workers built the stronghold after independence as protection against a feared invasion.,https://commons.wikimedia.org/wiki/Special:Redirect/file/Citadelle_Laferri%C3%A8re.jpg
brimstone-hill-fortress,Brimstone Hill Fortress,"Brimstone Hill Fortress, St Kitts and Nevis 🇰🇳",Saint Kitts and Nevis,17.346944,-62.837222,6,Caribbean,"British military engineers designed the fortifications, which were constructed and maintained largely by enslaved Africans.",https://commons.wikimedia.org/wiki/Special:Redirect/file/BrimstoneHill01.jpg
ani-cathedral-ruin,Cathedral of Ani,"Cathedral of Ani, Turkey 🇹🇷",Turkey,40.506389,43.572778,6,,"Completed around the start of the eleventh century, it was designed by the architect Trdat.",https://commons.wikimedia.org/wiki/Special:Redirect/file/Cathedral_of_Ani.jpg
larabanga-adobe-mosque,Larabanga Mosque,"Larabanga Mosque, Ghana 🇬🇭",Ghana,9.2203,-1.8599,6,,Repeated community restoration has preserved one of West Africa's oldest surviving mosques and its earthen-building traditions.,https://commons.wikimedia.org/wiki/Special:Redirect/file/Larabanga_Mosque_Ghana.jpg
katskhi-pillar-hermitage,Katskhi Pillar,"Katskhi Pillar, Georgia 🇬🇪",Georgia,42.287647,43.215689,7,,Religious buildings have occupied the pillar since at least the early medieval period; modern access is by a metal ladder.,https://commons.wikimedia.org/wiki/Special:Redirect/file/Katskhi_column_%28G.N._2009%29.jpg
banteay-chhmar-face-towers,Banteay Chhmar,"Banteay Chhmar, Cambodia 🇰🇭",Cambodia,14.071389,103.098056,7,,"Built in the late twelfth or early thirteenth century, its reliefs include rare scenes of historic battles and daily life.",https://commons.wikimedia.org/wiki/Special:Redirect/file/Banteay_Chhmar_-_001_Facetower%2C_Samnang_Tasok_%288593129585%29.jpg
khami-stone-terraces,Khami Ruins,"Khami Ruins, Zimbabwe 🇿🇼",Zimbabwe,-20.158333,28.376667,7,,"The settlement flourished after the fifteenth century, and its decorated retaining walls supported elite compounds.",https://commons.wikimedia.org/wiki/Special:Redirect/file/ZW_Khami_Ruins.JPG
quilmes-hillside-ruins,Quilmes Ruins,"Quilmes Ruins, Argentina 🇦🇷",Argentina,-26.464058,-66.037864,8,,The fortified community resisted outside rule for centuries before its inhabitants were forcibly displaced in 1667.,https://commons.wikimedia.org/wiki/Special:Redirect/file/Ruins_of_Quilmes_08.jpg
humberstone-saltpeter-works,Humberstone,"Humberstone, Chile 🇨🇱",Chile,-20.209722,-69.795833,8,Mining Towns,Its surviving buildings document the saltpeter boom that drew workers from several nations in the late nineteenth and early twentieth centuries.,https://commons.wikimedia.org/wiki/Special:Redirect/file/Vista_Humberstone.jpg
haamonga-trilithon,Haʻamonga ʻa Maui,"Haʻamonga ʻa Maui, Tonga 🇹🇴",Tonga,-21.136667,-175.048056,8,Pacific Islands,The monument was erected in the thirteenth century and is sometimes nicknamed the Stonehenge of the Pacific.,https://commons.wikimedia.org/wiki/Special:Redirect/file/Ha%CA%BBamonga.jpg
sewell-mining-stairways,Sewell Mining Town,"Sewell Mining Town, Chile 🇨🇱",Chile,-34.084444,-70.3825,9,Mining Towns,"Founded to serve a vast underground copper mine, the settlement once housed more than 15,000 residents.",https://commons.wikimedia.org/wiki/Special:Redirect/file/Sewell_Chile.jpg
san-ignacio-mini-mission,San Ignacio Miní,"San Ignacio Miní, Argentina 🇦🇷",Argentina,-27.255278,-55.531667,9,Colonial Towns,"Established in the seventeenth century, the complex included a church, workshops, housing, and a large central plaza.",https://commons.wikimedia.org/wiki/Special:Redirect/file/San_Ignacio_Min%C3%AD.jpg
larnach-castle-otago,Larnach Castle,"Larnach Castle, New Zealand 🇳🇿",New Zealand,-45.861659,170.627214,7,,"Built from 1871 for a merchant and politician, the house combines Gothic Revival details with locally sourced stone and timber.",https://commons.wikimedia.org/wiki/Special:Redirect/file/Larnach_Castle.jpg
yapahuwa-rock-citadel,Yapahuwa,"Yapahuwa, Sri Lanka 🇱🇰",Sri Lanka,7.816784,80.310746,7,,The stronghold briefly served as a royal capital in the thirteenth century and once guarded a sacred tooth relic.,https://commons.wikimedia.org/wiki/Special:Redirect/file/Yapahuwa_Rock_Fortress.jpg
chongqing-cn,Chongqing,"Chongqing, China 🇨🇳",China,29.56026,106.55771,3,,"Chongqing is a sprawling mountain metropolis on the Yangtze, famous for numbing-spicy hotpot and served as China's wartime capital during WWII.",https://thumb.wikimedia.org/wikipedia/commons/thumb/4/4c/36275-Leshan_%2849067653383%29.jpg/500px-36275-Leshan_%2849067653383%29.jpg?utm_source=en.wikipedia.org&utm_campaign=api&utm_content=thumbnail
chengdu-cn,Chengdu,"Chengdu, China 🇨🇳",China,30.66667,104.06667,3,,"Chengdu is Sichuan's capital and home to the Giant Panda Breeding Research Base, as well as a laid-back teahouse culture that has lasted centuries.",https://thumb.wikimedia.org/wikipedia/commons/thumb/4/4c/36275-Leshan_%2849067653383%29.jpg/500px-36275-Leshan_%2849067653383%29.jpg?utm_source=en.wikipedia.org&utm_campaign=api&utm_content=thumbnail
guangzhou-cn,Guangzhou,"Guangzhou, China 🇨🇳",China,23.11667,113.25,3,,"Guangzhou, historically known as Canton, gave the world Cantonese cuisine and dim sum and has been a major trading port for over 2,000 years.",https://thumb.wikimedia.org/wikipedia/commons/thumb/b/b9/Victoria_Harbour_skyline%2C_Hong_Kong_%282008%29.jpg/1280px-Victoria_Harbour_skyline%2C_Hong_Kong_%282008%29.jpg
shenzhen-cn,Shenzhen,"Shenzhen, China 🇨🇳",China,22.54554,114.0683,3,,"Shenzhen was a cluster of fishing villages until 1980, when it became China's first Special Economic Zone; it is now home to Huawei and Tencent.",https://thumb.wikimedia.org/wikipedia/commons/thumb/b/b9/Victoria_Harbour_skyline%2C_Hong_Kong_%282008%29.jpg/1280px-Victoria_Harbour_skyline%2C_Hong_Kong_%282008%29.jpg
ho-chi-minh-city-vn,Ho Chi Minh City,"Ho Chi Minh City, Vietnam 🇻🇳",Vietnam,10.82302,106.62965,1,,"Ho Chi Minh City, still widely called Saigon, is Vietnam's largest city and its commercial engine, famous for streets packed with motorbikes.",https://thumb.wikimedia.org/wikipedia/commons/thumb/8/84/Phnom_Penh_skyline_from_TK_district_Dec_2024.jpg/500px-Phnom_Penh_skyline_from_TK_district_Dec_2024.jpg?utm_source=en.wikipedia.org&utm_campaign=api&utm_content=thumbnail
tianjin-cn,Tianjin,"Tianjin, China 🇨🇳",China,39.14222,117.17667,3,,Tianjin is the port gateway to Beijing and keeps a waterfront of old foreign concession buildings from its days as a treaty port.,https://thumb.wikimedia.org/wikipedia/commons/thumb/5/5f/Temple_of_Heaven_20160323_01.jpg/500px-Temple_of_Heaven_20160323_01.jpg?utm_source=en.wikipedia.org&utm_campaign=api&utm_content=thumbnail
wuhan-cn,Wuhan,"Wuhan, China 🇨🇳",China,30.58333,114.26667,3,,"Wuhan sits where the Han River joins the Yangtze, and its Yellow Crane Tower is one of China's most celebrated historic towers.",https://thumb.wikimedia.org/wikipedia/commons/thumb/7/77/1_tianzishan_wulingyuan_zhangjiajie_2012.jpg/500px-1_tianzishan_wulingyuan_zhangjiajie_2012.jpg?utm_source=en.wikipedia.org&utm_campaign=api&utm_content=thumbnail
sao-paulo-br,São Paulo,"São Paulo, Brazil 🇧🇷",Brazil,-23.5475,-46.63611,1,Megacities,São Paulo is the largest city in the Southern Hemisphere and has the largest Japanese diaspora community outside Japan.,https://thumb.wikimedia.org/wikipedia/commons/thumb/b/be/Paraty_05.JPG/500px-Paraty_05.JPG?utm_source=en.wikipedia.org&utm_campaign=api&utm_content=thumbnail
harbin-cn,Harbin,"Harbin, China 🇨🇳",China,45.75,126.65,4,,"Harbin, China's 'Ice City,' hosts a world-famous winter festival with full-size buildings carved from blocks of river ice.",https://thumb.wikimedia.org/wikipedia/commons/thumb/6/62/Vladivostok._GUM_Department_Store_P8070703_2200.jpg/500px-Vladivostok._GUM_Department_Store_P8070703_2200.jpg?utm_source=en.wikipedia.org&utm_campaign=api&utm_content=thumbnail
dongguan-cn,Dongguan,"Dongguan, China 🇨🇳",China,23.01797,113.74866,6,,"Dongguan grew into one of the 'factories of the world', turning out a huge share of the globe's electronics, shoes, and toys.",https://thumb.wikimedia.org/wikipedia/commons/thumb/b/b9/Victoria_Harbour_skyline%2C_Hong_Kong_%282008%29.jpg/1280px-Victoria_Harbour_skyline%2C_Hong_Kong_%282008%29.jpg
hefei-cn,Hefei,"Hefei, China 🇨🇳",China,31.86389,117.28083,6,,"Hefei is Anhui's capital and has become a hub for science and electric-vehicle manufacturing, home to the University of Science and Technology of China.",https://thumb.wikimedia.org/wikipedia/commons/thumb/6/6b/%E6%9D%AD%E5%B7%9E%E9%92%B1%E6%B1%9F%E6%96%B0%E5%9F%8E_4_%28cropped%29.jpg/500px-%E6%9D%AD%E5%B7%9E%E9%92%B1%E6%B1%9F%E6%96%B0%E5%9F%8E_4_%28cropped%29.jpg?utm_source=en.wikipedia.org&utm_campaign=api&utm_content=thumbnail
weifang-cn,Weifang,"Weifang, China 🇨🇳",China,36.71,119.10194,6,,Weifang calls itself the 'Kite Capital of the World' and hosts an international kite festival every April.,https://thumb.wikimedia.org/wikipedia/commons/thumb/5/5f/Temple_of_Heaven_20160323_01.jpg/500px-Temple_of_Heaven_20160323_01.jpg?utm_source=en.wikipedia.org&utm_campaign=api&utm_content=thumbnail
nanjing-cn,Nanjing,"Nanjing, China 🇨🇳",China,32.06167,118.77778,3,,Nanjing served as China's capital under several dynasties and is ringed by one of the longest surviving city walls in the world.,https://thumb.wikimedia.org/wikipedia/commons/thumb/6/6b/%E6%9D%AD%E5%B7%9E%E9%92%B1%E6%B1%9F%E6%96%B0%E5%9F%8E_4_%28cropped%29.jpg/500px-%E6%9D%AD%E5%B7%9E%E9%92%B1%E6%B1%9F%E6%96%B0%E5%9F%8E_4_%28cropped%29.jpg?utm_source=en.wikipedia.org&utm_campaign=api&utm_content=thumbnail
shenyang-cn,Shenyang,"Shenyang, China 🇨🇳",China,41.79222,123.43278,5,,"Shenyang holds the Mukden Palace, built by the Manchu rulers before they conquered Beijing and founded the Qing dynasty.",https://thumb.wikimedia.org/wikipedia/commons/thumb/e/e7/The_Arch_of_Triumph_%2811360607534%29.jpg/500px-The_Arch_of_Triumph_%2811360607534%29.jpg
foshan-cn,Foshan,"Foshan, China 🇨🇳",China,23.02677,113.13148,6,,Foshan is known as the birthplace of kung fu legends Wong Fei-hung and Ip Man and is a powerhouse of furniture and ceramics manufacturing.,https://thumb.wikimedia.org/wikipedia/commons/thumb/b/b9/Victoria_Harbour_skyline%2C_Hong_Kong_%282008%29.jpg/1280px-Victoria_Harbour_skyline%2C_Hong_Kong_%282008%29.jpg
bengaluru-in,Bengaluru,"Bengaluru, India 🇮🇳",India,12.97194,77.59369,1,,"Bengaluru is India's 'Silicon Valley' and capital of Karnataka, known for its pleasant plateau climate, parks, and craft-beer pubs.",https://thumb.wikimedia.org/wikipedia/commons/thumb/e/ea/Adams_Bridge_aerial.jpg/500px-Adams_Bridge_aerial.jpg?utm_source=en.wikipedia.org&utm_campaign=api&utm_content=thumbnail
jinan-cn,Jinan,"Jinan, China 🇨🇳",China,36.66833,116.99722,6,,"Jinan is the 'City of Springs,' with dozens of natural artesian springs bubbling up across the old city, including Baotu Spring.",https://thumb.wikimedia.org/wikipedia/commons/thumb/2/22/Lugouqiao-2014.jpg/500px-Lugouqiao-2014.jpg?utm_source=en.wikipedia.org&utm_campaign=api&utm_content=thumbnail
dalian-cn,Dalian,"Dalian, China 🇨🇳",China,38.91222,121.60222,4,,"Dalian is a breezy Liaodong Peninsula port known for its seaside boulevards, seafood, and a long history of Russian and Japanese occupation.",https://thumb.wikimedia.org/wikipedia/commons/thumb/e/e7/The_Arch_of_Triumph_%2811360607534%29.jpg/500px-The_Arch_of_Triumph_%2811360607534%29.jpg
wuzhong-cn,Wuzhong,"Wuzhong, China 🇨🇳",China,37.9867,106.201,7,,Wuzhong is a Ningxia city on the Yellow River whose irrigated farmland produces some of China's best-known goji berries.,https://thumb.wikimedia.org/wikipedia/commons/thumb/3/32/City_wall_of_Xi%27an_51550-Xian_%2827959363326%29.jpg/500px-City_wall_of_Xi%27an_51550-Xian_%2827959363326%29.jpg?utm_source=en.wikipedia.org&utm_campaign=api&utm_content=thumbnail
qingdao-cn,Qingdao,"Qingdao, China 🇨🇳",China,36.06488,120.38042,4,,"Qingdao was a German concession until 1914, which left behind red-roofed villas and the brewery behind Tsingtao beer.",https://thumb.wikimedia.org/wikipedia/commons/thumb/4/4c/Huangpu_Park_20124-Shanghai_%2832208802494%29.jpg/500px-Huangpu_Park_20124-Shanghai_%2832208802494%29.jpg
yantai-cn,Yantai,"Yantai, China 🇨🇳",China,37.47649,121.44081,6,Wine Country,"Yantai is a Shandong port on the Bohai Strait and one of China's oldest wine regions, home to the Changyu winery founded in 1892.",https://thumb.wikimedia.org/wikipedia/commons/thumb/e/e7/The_Arch_of_Triumph_%2811360607534%29.jpg/500px-The_Arch_of_Triumph_%2811360607534%29.jpg
zhengzhou-cn,Zhengzhou,"Zhengzhou, China 🇨🇳",China,34.75778,113.64861,6,,"Zhengzhou is Henan's capital and a key rail crossroads, located near the Shaolin Temple on Mount Song.",https://thumb.wikimedia.org/wikipedia/commons/thumb/b/b4/27427-Luoyang_%2849067744628%29.jpg/500px-27427-Luoyang_%2849067744628%29.jpg?utm_source=en.wikipedia.org&utm_campaign=api&utm_content=thumbnail
ahmedabad-in,Ahmedabad,"Ahmedabad, India 🇮🇳",India,23.02579,72.58727,4,,Ahmedabad was India's first UNESCO World Heritage City and was the base for Gandhi's Sabarmati Ashram during the independence movement.,https://thumb.wikimedia.org/wikipedia/commons/thumb/3/30/The_drainage_system_at_Lothal_2.JPG/500px-The_drainage_system_at_Lothal_2.JPG?utm_source=en.wikipedia.org&utm_campaign=api&utm_content=thumbnail
nanning-cn,Nanning,"Nanning, China 🇨🇳",China,22.81667,108.31667,6,,"Nanning is the leafy capital of Guangxi, known as China's 'Green City' and a gateway for trade with Vietnam and Southeast Asia.",https://thumb.wikimedia.org/wikipedia/commons/thumb/7/79/Ha_Long_Bay_in_2019.jpg/500px-Ha_Long_Bay_in_2019.jpg?utm_source=en.wikipedia.org&utm_campaign=api&utm_content=thumbnail
kunming-cn,Kunming,"Kunming, China 🇨🇳",China,25.03889,102.71833,5,,"Kunming is called the 'City of Eternal Spring' for its mild year-round climate, and it sits beside the large Dian Lake.",https://thumb.wikimedia.org/wikipedia/commons/thumb/4/4c/36275-Leshan_%2849067653383%29.jpg/500px-36275-Leshan_%2849067653383%29.jpg?utm_source=en.wikipedia.org&utm_campaign=api&utm_content=thumbnail
shijiazhuang-cn,Shijiazhuang,"Shijiazhuang, China 🇨🇳",China,38.04139,114.47861,7,,"Shijiazhuang grew from a small village into Hebei's capital thanks to the railways, and it is now a major pharmaceutical center.",https://thumb.wikimedia.org/wikipedia/commons/thumb/1/1f/Pingyao_Shilou_2013.08.25_07-01-33.jpg/500px-Pingyao_Shilou_2013.08.25_07-01-33.jpg?utm_source=en.wikipedia.org&utm_campaign=api&utm_content=thumbnail
changchun-cn,Changchun,"Changchun, China 🇨🇳",China,43.88,125.32278,6,,Changchun was the capital of the Japanese puppet state of Manchukuo and is now the heart of China's automotive industry.,https://thumb.wikimedia.org/wikipedia/commons/thumb/6/62/Vladivostok._GUM_Department_Store_P8070703_2200.jpg/500px-Vladivostok._GUM_Department_Store_P8070703_2200.jpg?utm_source=en.wikipedia.org&utm_campaign=api&utm_content=thumbnail
pudong-cn,Pudong,"Pudong, China 🇨🇳",China,31.23995,121.50094,4,,"Pudong was farmland until 1990 and now holds Shanghai's famous skyline, including the Oriental Pearl Tower and the Shanghai Tower.",https://thumb.wikimedia.org/wikipedia/commons/thumb/4/4c/Huangpu_Park_20124-Shanghai_%2832208802494%29.jpg/500px-Huangpu_Park_20124-Shanghai_%2832208802494%29.jpg
taiyuan-cn,Taiyuan,"Taiyuan, China 🇨🇳",China,37.86944,112.56028,7,,"Taiyuan is Shanxi's capital and lies near the Jinci Temple complex, whose Song-dynasty halls are among China's oldest.",https://thumb.wikimedia.org/wikipedia/commons/thumb/1/1f/Pingyao_Shilou_2013.08.25_07-01-33.jpg/500px-Pingyao_Shilou_2013.08.25_07-01-33.jpg?utm_source=en.wikipedia.org&utm_campaign=api&utm_content=thumbnail
peshawar-pk,Peshawar,"Peshawar, Pakistan 🇵🇰",Pakistan,34.008,71.57849,3,,"Peshawar is one of South Asia's oldest cities and guards the approach to the Khyber Pass, with the Qissa Khwani 'Storytellers' Bazaar' at its heart.",https://thumb.wikimedia.org/wikipedia/commons/thumb/c/c8/Badshahi_Mosque_front_picture.jpg/500px-Badshahi_Mosque_front_picture.jpg?utm_source=en.wikipedia.org&utm_campaign=api&utm_content=thumbnail
zibo-cn,Zibo,"Zibo, China 🇨🇳",China,36.79056,118.06333,6,,Zibo was the capital of the ancient state of Qi and became a viral food destination in 2023 for its DIY barbecue.,https://thumb.wikimedia.org/wikipedia/commons/thumb/5/5f/Temple_of_Heaven_20160323_01.jpg/500px-Temple_of_Heaven_20160323_01.jpg?utm_source=en.wikipedia.org&utm_campaign=api&utm_content=thumbnail
jeddah-sa,Jeddah,"Jeddah, Saudi Arabia 🇸🇦",Saudi Arabia,21.49012,39.18624,3,,"Jeddah is the Red Sea gateway for pilgrims heading to Mecca, and its old Al-Balad quarter has coral-stone houses with wooden balconies.",https://thumb.wikimedia.org/wikipedia/commons/thumb/8/89/The_Ka%27ba%2C_Great_Mosque_of_Mecca%2C_Saudi_Arabia_%284%29.jpg/500px-The_Ka%27ba%2C_Great_Mosque_of_Mecca%2C_Saudi_Arabia_%284%29.jpg?utm_source=en.wikipedia.org&utm_campaign=api&utm_content=thumbnail
chennai-in,Chennai,"Chennai, India 🇮🇳",India,13.08784,80.27847,1,,"Chennai, formerly Madras, is Tamil Nadu's capital and has Marina Beach, one of the longest urban beaches in the world.",https://thumb.wikimedia.org/wikipedia/commons/thumb/e/ea/Adams_Bridge_aerial.jpg/500px-Adams_Bridge_aerial.jpg?utm_source=en.wikipedia.org&utm_campaign=api&utm_content=thumbnail
xiamen-cn,Xiamen,"Xiamen, China 🇨🇳",China,24.47979,118.08187,5,,Xiamen is a Fujian port city whose car-free Gulangyu islet is known for colonial villas and a strong piano culture.,https://thumb.wikimedia.org/wikipedia/commons/thumb/e/ea/Taipei_Skyline_2022.06.29.jpg/500px-Taipei_Skyline_2022.06.29.jpg?utm_source=en.wikipedia.org&utm_campaign=api&utm_content=thumbnail
surat-in,Surat,"Surat, India 🇮🇳",India,21.19594,72.83023,4,,"Surat is the world's diamond-cutting capital, where most of the world's rough diamonds are cut and polished.",https://thumb.wikimedia.org/wikipedia/commons/thumb/3/30/The_drainage_system_at_Lothal_2.JPG/500px-The_drainage_system_at_Lothal_2.JPG?utm_source=en.wikipedia.org&utm_campaign=api&utm_content=thumbnail
yangzhou-cn,Yangzhou,"Yangzhou, China 🇨🇳",China,32.39722,119.43583,6,,"Yangzhou grew rich on the Grand Canal salt trade and is known for its classical gardens, Slender West Lake, and Yangzhou fried rice.",https://thumb.wikimedia.org/wikipedia/commons/thumb/4/4c/Huangpu_Park_20124-Shanghai_%2832208802494%29.jpg/500px-Huangpu_Park_20124-Shanghai_%2832208802494%29.jpg
huai-an-cn,Huai'an,"Huai'an, China 🇨🇳",China,33.58861,119.01917,7,,"Huai'an is a Grand Canal city in Jiangsu and the hometown of Zhou Enlai, China's first premier.",https://thumb.wikimedia.org/wikipedia/commons/thumb/4/4c/Huangpu_Park_20124-Shanghai_%2832208802494%29.jpg/500px-Huangpu_Park_20124-Shanghai_%2832208802494%29.jpg
guiyang-cn,Guiyang,"Guiyang, China 🇨🇳",China,26.58333,106.71667,5,,"Guiyang is Guizhou's capital and has become one of China's big-data hubs, hosting data centers for Apple and other tech firms.",https://thumb.wikimedia.org/wikipedia/commons/thumb/4/4c/36275-Leshan_%2849067653383%29.jpg/500px-36275-Leshan_%2849067653383%29.jpg?utm_source=en.wikipedia.org&utm_campaign=api&utm_content=thumbnail
bao-an-cn,Bao'an,"Bao'an, China 🇨🇳",China,22.55213,113.88288,4,,Bao'an is a large district of Shenzhen that holds Shenzhen Bao'an International Airport.,https://thumb.wikimedia.org/wikipedia/commons/thumb/b/b9/Victoria_Harbour_skyline%2C_Hong_Kong_%282008%29.jpg/1280px-Victoria_Harbour_skyline%2C_Hong_Kong_%282008%29.jpg
kabul-af,Kabul,"Kabul, Afghanistan 🇦🇫",Afghanistan,34.52813,69.17233,1,,"Kabul is Afghanistan's capital and sits in a high valley of the Hindu Kush at about 1,800 meters, where the Mughal emperor Babur is buried.",https://thumb.wikimedia.org/wikipedia/commons/thumb/1/1b/Aerial_view_of_a_section_of_Kandahar_in_2013.jpg/500px-Aerial_view_of_a_section_of_Kandahar_in_2013.jpg?utm_source=en.wikipedia.org&utm_campaign=api&utm_content=thumbnail
wuxi-cn,Wuxi,"Wuxi, China 🇨🇳",China,31.56887,120.28857,6,,Wuxi sits on the shores of Lake Tai and is known for its giant bronze Lingshan Buddha and sweet pork ribs.,https://thumb.wikimedia.org/wikipedia/commons/thumb/4/4c/Huangpu_Park_20124-Shanghai_%2832208802494%29.jpg/500px-Huangpu_Park_20124-Shanghai_%2832208802494%29.jpg
giza-eg,Giza,"Giza, Egypt 🇪🇬",Egypt,30.00944,31.20861,1,,"Giza is home to the Great Pyramid, the last of the Seven Wonders of the Ancient World still standing, and the Great Sphinx.",https://thumb.wikimedia.org/wikipedia/commons/thumb/7/72/Cairo_Opera_House%2C_Al_Hurriyah_Park_and_the_Nile_river_%2814797782354%29.jpg/500px-Cairo_Opera_House%2C_Al_Hurriyah_Park_and_the_Nile_river_%2814797782354%29.jpg
lanzhou-cn,Lanzhou,"Lanzhou, China 🇨🇳",China,36.05701,103.83987,6,,"Lanzhou is the only provincial capital the Yellow River runs through, and it is famous for its hand-pulled beef noodles.",https://thumb.wikimedia.org/wikipedia/commons/thumb/3/32/City_wall_of_Xi%27an_51550-Xian_%2827959363326%29.jpg/500px-City_wall_of_Xi%27an_51550-Xian_%2827959363326%29.jpg?utm_source=en.wikipedia.org&utm_campaign=api&utm_content=thumbnail
urumqi-cn,Ürümqi,"Ürümqi, China 🇨🇳",China,43.80096,87.60046,5,,Ürümqi is Xinjiang's capital and is often cited as the city farthest from any ocean on Earth.,https://thumb.wikimedia.org/wikipedia/commons/thumb/9/9e/Mogao_Caves_%2854376969262%29.jpg/500px-Mogao_Caves_%2854376969262%29.jpg?utm_source=en.wikipedia.org&utm_campaign=api&utm_content=thumbnail
new-taipei-city-tw,New Taipei City,"New Taipei City, Taiwan 🇹🇼",Taiwan,25.06199,121.45703,3,,"New Taipei City wraps around Taipei and is Taiwan's most populous city, including the old mining town of Jiufen and the Tamsui waterfront.",https://thumb.wikimedia.org/wikipedia/commons/thumb/e/ea/Taipei_Skyline_2022.06.29.jpg/500px-Taipei_Skyline_2022.06.29.jpg?utm_source=en.wikipedia.org&utm_campaign=api&utm_content=thumbnail
chattogram-bd,Chattogram,"Chattogram, Bangladesh 🇧🇩",Bangladesh,22.3384,91.83168,4,,"Chattogram is Bangladesh's main seaport and second-largest city, and its beaches are known for ship-breaking yards.",https://thumb.wikimedia.org/wikipedia/commons/thumb/4/43/%E0%A6%B2%E0%A6%BE%E0%A6%B2_%E0%A6%95%E0%A7%87%E0%A6%B2%E0%A7%8D%E0%A6%B2%E0%A6%BE%E0%A6%B0_%E0%A6%AE%E0%A6%BE%E0%A6%AF%E0%A6%BC%E0%A6%BE.jpg/500px-%E0%A6%B2%E0%A6%BE%E0%A6%B2_%E0%A6%95%E0%A7%87%E0%A6%B2%E0%A7%8D%E0%A6%B2%E0%A6%BE%E0%A6%B0_%E0%A6%AE%E0%A6%BE%E0%A6%AF%E0%A6%BC%E0%A6%BE.jpg?utm_source=en.wikipedia.org&utm_campaign=api&utm_content=thumbnail
zaozhuang-cn,Zaozhuang,"Zaozhuang, China 🇨🇳",China,34.86472,117.55417,7,,"Zaozhuang is a Shandong city that preserves Taierzhuang, a canal town rebuilt after a famous 1938 battle against Japan.",https://thumb.wikimedia.org/wikipedia/commons/thumb/b/b4/27427-Luoyang_%2849067744628%29.jpg/500px-27427-Luoyang_%2849067744628%29.jpg?utm_source=en.wikipedia.org&utm_campaign=api&utm_content=thumbnail
shantou-cn,Shantou,"Shantou, China 🇨🇳",China,23.35489,116.67876,6,,"Shantou was one of China's first Special Economic Zones and is a center of Teochew culture, known for kung fu tea and beef hotpot.",https://thumb.wikimedia.org/wikipedia/commons/thumb/b/b9/Victoria_Harbour_skyline%2C_Hong_Kong_%282008%29.jpg/1280px-Victoria_Harbour_skyline%2C_Hong_Kong_%282008%29.jpg
faisalabad-pk,Faisalabad,"Faisalabad, Pakistan 🇵🇰",Pakistan,31.41554,73.08969,4,,"Faisalabad is Pakistan's textile capital, built around a British-era clock tower with eight bazaars radiating out like a Union Jack.",https://thumb.wikimedia.org/wikipedia/commons/thumb/c/c8/Badshahi_Mosque_front_picture.jpg/500px-Badshahi_Mosque_front_picture.jpg?utm_source=en.wikipedia.org&utm_campaign=api&utm_content=thumbnail
yokohama-jp,Yokohama,"Yokohama, Japan 🇯🇵",Japan,35.43333,139.65,2,,Yokohama was one of the first Japanese ports opened to foreign trade in 1859 and has Japan's largest Chinatown.,https://thumb.wikimedia.org/wikipedia/commons/thumb/4/4a/Odaiba_close_up_-_2025_Jan_14_01-27PM.jpeg/500px-Odaiba_close_up_-_2025_Jan_14_01-27PM.jpeg?utm_source=en.wikipedia.org&utm_campaign=api&utm_content=thumbnail
ningbo-cn,Ningbo,"Ningbo, China 🇨🇳",China,29.87819,121.54945,4,,"Ningbo's port, combined with Zhoushan, handles more cargo than any other port in the world, and the city is home to Tianyi Pavilion, China's oldest surviving private library.",https://thumb.wikimedia.org/wikipedia/commons/thumb/6/6b/%E6%9D%AD%E5%B7%9E%E9%92%B1%E6%B1%9F%E6%96%B0%E5%9F%8E_4_%28cropped%29.jpg/500px-%E6%9D%AD%E5%B7%9E%E9%92%B1%E6%B1%9F%E6%96%B0%E5%9F%8E_4_%28cropped%29.jpg?utm_source=en.wikipedia.org&utm_campaign=api&utm_content=thumbnail
ibadan-ng,Ibadan,"Ibadan, Nigeria 🇳🇬",Nigeria,7.37756,3.90591,4,,"Ibadan is a sprawling Yoruba city in southwest Nigeria and home to the country's oldest university, founded in 1948.",https://thumb.wikimedia.org/wikipedia/commons/thumb/1/1f/Osun_groove_Osogbo.jpg/500px-Osun_groove_Osogbo.jpg?utm_source=en.wikipedia.org&utm_campaign=api&utm_content=thumbnail
puyang-cn,Puyang,"Puyang, China 🇨🇳",China,29.45679,119.88872,7,,"Puyang is an oil city in northern Henan, where a 6,000-year-old dragon figure made of clamshells was excavated.",https://thumb.wikimedia.org/wikipedia/commons/thumb/6/6b/%E6%9D%AD%E5%B7%9E%E9%92%B1%E6%B1%9F%E6%96%B0%E5%9F%8E_4_%28cropped%29.jpg/500px-%E6%9D%AD%E5%B7%9E%E9%92%B1%E6%B1%9F%E6%96%B0%E5%9F%8E_4_%28cropped%29.jpg?utm_source=en.wikipedia.org&utm_campaign=api&utm_content=thumbnail
ankara-tr,Ankara,"Ankara, Turkey 🇹🇷",Turkey,39.91987,32.85427,2,,"Ankara became Turkey's capital in 1923 and holds Anıtkabir, the hilltop mausoleum of Atatürk.",https://thumb.wikimedia.org/wikipedia/commons/thumb/5/5d/G%C3%B6reme_town_and_valley_2015.JPG/500px-G%C3%B6reme_town_and_valley_2015.JPG?utm_source=en.wikipedia.org&utm_campaign=api&utm_content=thumbnail
shiyan-cn,Shiyan,"Shiyan, China 🇨🇳",China,32.6475,110.77806,6,,Shiyan is a Hubei industrial city that serves as the gateway to the Taoist temples of the Wudang Mountains.,https://thumb.wikimedia.org/wikipedia/commons/thumb/8/88/51714-Terracota-Army.jpg/500px-51714-Terracota-Army.jpg
hohhot-cn,Hohhot,"Hohhot, China 🇨🇳",China,40.81056,111.65222,5,,"Hohhot is the capital of Inner Mongolia and a dairy hub, home to two of China's biggest milk companies.",https://thumb.wikimedia.org/wikipedia/commons/thumb/2/23/The_Great_Wall_of_China_at_Jinshanling-edit.jpg/500px-The_Great_Wall_of_China_at_Jinshanling-edit.jpg
tangshan-cn,Tangshan,"Tangshan, China 🇨🇳",China,39.64381,118.18319,5,,"Tangshan is a heavy-industry city in Hebei that was rebuilt after the devastating 1976 earthquake, one of the deadliest of the 20th century.",https://thumb.wikimedia.org/wikipedia/commons/thumb/5/5f/Temple_of_Heaven_20160323_01.jpg/500px-Temple_of_Heaven_20160323_01.jpg?utm_source=en.wikipedia.org&utm_campaign=api&utm_content=thumbnail
rawalpindi-pk,Rawalpindi,"Rawalpindi, Pakistan 🇵🇰",Pakistan,33.59733,73.0479,2,,"Rawalpindi is the twin city of Islamabad and the headquarters of Pakistan's army, known for its busy Raja Bazaar.",https://thumb.wikimedia.org/wikipedia/commons/thumb/c/c8/Badshahi_Mosque_front_picture.jpg/500px-Badshahi_Mosque_front_picture.jpg?utm_source=en.wikipedia.org&utm_campaign=api&utm_content=thumbnail
luliang-cn,Lüliang,"Lüliang, China 🇨🇳",China,37.5192,111.14436,7,,"Lüliang is a mountainous Shanxi city along the Yellow River and the home of Fenjiu, one of China's oldest baijiu liquors.",https://thumb.wikimedia.org/wikipedia/commons/thumb/1/1f/Pingyao_Shilou_2013.08.25_07-01-33.jpg/500px-Pingyao_Shilou_2013.08.25_07-01-33.jpg?utm_source=en.wikipedia.org&utm_campaign=api&utm_content=thumbnail
anshan-cn,Anshan,"Anshan, China 🇨🇳",China,41.12361,122.99,6,,Anshan is the steel capital of Liaoning and is home to a massive jade Buddha carved from a single boulder.,https://thumb.wikimedia.org/wikipedia/commons/thumb/e/e7/The_Arch_of_Triumph_%2811360607534%29.jpg/500px-The_Arch_of_Triumph_%2811360607534%29.jpg
changzhou-cn,Changzhou,"Changzhou, China 🇨🇳",China,31.77359,119.95401,5,,"Changzhou is a Jiangsu city on the Grand Canal, known for the Tianning Temple and its towering wooden-roofed pagoda.",https://thumb.wikimedia.org/wikipedia/commons/thumb/4/4c/Huangpu_Park_20124-Shanghai_%2832208802494%29.jpg/500px-Huangpu_Park_20124-Shanghai_%2832208802494%29.jpg
pune-in,Pune,"Pune, India 🇮🇳",India,18.51957,73.85535,2,,"Pune was the seat of the Maratha Peshwas and is now a major education and IT hub, sometimes called the 'Oxford of the East'.",https://thumb.wikimedia.org/wikipedia/commons/thumb/2/2b/Mumbai_Bandra-Worli_Sea_Link.jpg/500px-Mumbai_Bandra-Worli_Sea_Link.jpg
bursa-tr,Bursa,"Bursa, Turkey 🇹🇷",Turkey,40.19559,29.06013,2,,Bursa was the first capital of the Ottoman Empire and is the birthplace of the İskender kebab.,https://upload.wikimedia.org/wikipedia/commons/2/2e/Sultan_Ahmed_Mosque_Front_Fa%C3%A7ade_and_Southern_Minaret%2C_2024.jpg
quezon-city-ph,Quezon City,"Quezon City, Philippines 🇵🇭",Philippines,14.6488,121.0509,2,,Quezon City was the Philippine capital from 1948 to 1976 and remains the country's most populous city.,https://thumb.wikimedia.org/wikipedia/commons/thumb/f/f7/Cityscape_of_Manila%2C_2025_%2801%29.jpg/500px-Cityscape_of_Manila%2C_2025_%2801%29.jpg?utm_source=en.wikipedia.org&utm_campaign=api&utm_content=thumbnail
huainan-cn,Huainan,"Huainan, China 🇨🇳",China,32.62639,116.99694,6,,"Huainan is an Anhui coal city on the Huai River, traditionally credited as the place where tofu was invented.",https://thumb.wikimedia.org/wikipedia/commons/thumb/6/6b/%E6%9D%AD%E5%B7%9E%E9%92%B1%E6%B1%9F%E6%96%B0%E5%9F%8E_4_%28cropped%29.jpg/500px-%E6%9D%AD%E5%B7%9E%E9%92%B1%E6%B1%9F%E6%96%B0%E5%9F%8E_4_%28cropped%29.jpg?utm_source=en.wikipedia.org&utm_campaign=api&utm_content=thumbnail
surabaya-id,Surabaya,"Surabaya, Indonesia 🇮🇩",Indonesia,-7.24917,112.75083,2,,Surabaya is Indonesia's second-largest city and is known as the 'City of Heroes' for its 1945 battle against British forces.,https://thumb.wikimedia.org/wikipedia/commons/thumb/8/8e/Bromo-Semeru-Batok-Widodaren.jpg/500px-Bromo-Semeru-Batok-Widodaren.jpg?utm_source=en.wikipedia.org&utm_campaign=api&utm_content=thumbnail
incheon-kr,Incheon,"Incheon, South Korea 🇰🇷",South Korea,37.45646,126.70515,2,,Incheon is home to South Korea's main international airport and was the site of the 1950 amphibious landing in the Korean War.,https://thumb.wikimedia.org/wikipedia/commons/thumb/3/30/%EC%A4%91%ED%99%94%EC%A0%84%EC%9D%98_%EB%82%AE.jpg/500px-%EC%A4%91%ED%99%94%EC%A0%84%EC%9D%98_%EB%82%AE.jpg
caracas-ve,Caracas,"Caracas, Venezuela 🇻🇪",Venezuela,10.48801,-66.87919,2,,"Caracas is Venezuela's capital and sits in a mountain valley overlooked by El Ávila National Park, where Simón Bolívar was born.",https://thumb.wikimedia.org/wikipedia/commons/thumb/3/39/CIUDAD_PERDIDA_2.jpg/500px-CIUDAD_PERDIDA_2.jpg?utm_source=en.wikipedia.org&utm_campaign=api&utm_content=thumbnail
izmir-tr,İzmir,"İzmir, Turkey 🇹🇷",Turkey,38.41273,27.13838,2,,"İzmir, ancient Smyrna, is Turkey's third-largest city and a gateway to the ruins of Ephesus.",https://thumb.wikimedia.org/wikipedia/commons/thumb/5/5d/Pamukkale%2C_Denizli_2026_68.jpg/500px-Pamukkale%2C_Denizli_2026_68.jpg
huizhou-cn,Huizhou,"Huizhou, China 🇨🇳",China,23.11147,114.41523,6,,"Huizhou is a Guangdong city beside Shenzhen, known for its West Lake and as a base for electronics manufacturing.",https://thumb.wikimedia.org/wikipedia/commons/thumb/b/b9/Victoria_Harbour_skyline%2C_Hong_Kong_%282008%29.jpg/1280px-Victoria_Harbour_skyline%2C_Hong_Kong_%282008%29.jpg
yinchuan-cn,Yinchuan,"Yinchuan, China 🇨🇳",China,38.46806,106.27306,5,,"Yinchuan is Ningxia's capital, where the royal tombs of the Western Xia kingdom rise from the desert outside the city.",https://thumb.wikimedia.org/wikipedia/commons/thumb/3/32/City_wall_of_Xi%27an_51550-Xian_%2827959363326%29.jpg/500px-City_wall_of_Xi%27an_51550-Xian_%2827959363326%29.jpg?utm_source=en.wikipedia.org&utm_campaign=api&utm_content=thumbnail
taichung-tw,Taichung,"Taichung, Taiwan 🇹🇼",Taiwan,24.1469,120.6839,4,,"Taichung is Taiwan's second-largest city, where bubble tea is said to have been invented in the 1980s.",https://thumb.wikimedia.org/wikipedia/commons/thumb/e/ea/Taipei_Skyline_2022.06.29.jpg/500px-Taipei_Skyline_2022.06.29.jpg?utm_source=en.wikipedia.org&utm_campaign=api&utm_content=thumbnail
kanpur-in,Kanpur,"Kanpur, India 🇮🇳",India,26.46523,80.34975,2,,Kanpur is an industrial city on the Ganges that became India's leather capital and was a key site of the 1857 uprising.,https://thumb.wikimedia.org/wikipedia/commons/thumb/e/e7/1_Khajuraho.jpg/500px-1_Khajuraho.jpg?utm_source=en.wikipedia.org&utm_campaign=api&utm_content=thumbnail
baotou-cn,Baotou,"Baotou, China 🇨🇳",China,40.6516,109.84389,5,,Baotou is Inner Mongolia's steel city and the world's leading center for rare-earth mining and processing.,https://thumb.wikimedia.org/wikipedia/commons/thumb/1/1f/Pingyao_Shilou_2013.08.25_07-01-33.jpg/500px-Pingyao_Shilou_2013.08.25_07-01-33.jpg?utm_source=en.wikipedia.org&utm_campaign=api&utm_content=thumbnail
linyi-cn,Linyi,"Linyi, China 🇨🇳",China,35.06306,118.34278,6,,"Linyi is a Shandong logistics hub with one of China's largest wholesale markets, and it is the birthplace of the strategist Zhuge Liang.",https://thumb.wikimedia.org/wikipedia/commons/thumb/b/b4/27427-Luoyang_%2849067744628%29.jpg/500px-27427-Luoyang_%2849067744628%29.jpg?utm_source=en.wikipedia.org&utm_campaign=api&utm_content=thumbnail
baoding-cn,Baoding,"Baoding, China 🇨🇳",China,38.87288,115.46246,5,,Baoding is a Hebei city famous for its donkey-meat burgers and once served as the provincial capital.,https://thumb.wikimedia.org/wikipedia/commons/thumb/2/22/Lugouqiao-2014.jpg/500px-Lugouqiao-2014.jpg?utm_source=en.wikipedia.org&utm_campaign=api&utm_content=thumbnail
kaohsiung-tw,Kaohsiung,"Kaohsiung, Taiwan 🇹🇼",Taiwan,22.61626,120.31333,2,,"Kaohsiung is Taiwan's biggest port city, known for the Lotus Pond's dragon and tiger pagodas and the Pier-2 art district.",https://thumb.wikimedia.org/wikipedia/commons/thumb/e/ea/Taipei_Skyline_2022.06.29.jpg/500px-Taipei_Skyline_2022.06.29.jpg?utm_source=en.wikipedia.org&utm_campaign=api&utm_content=thumbnail
brooklyn-us,Brooklyn,"Brooklyn, United States 🇺🇸",United States,40.6501,-73.94958,2,,"Brooklyn would be one of the largest cities in the US if it were independent, and it was its own city until it joined New York in 1898.",https://thumb.wikimedia.org/wikipedia/commons/thumb/f/f0/Brooklyn_Bridge_and_the_Lower_Manhattan_skyline_from_Pebble_Beach%2C_New_York.jpg/500px-Brooklyn_Bridge_and_the_Lower_Manhattan_skyline_from_Pebble_Beach%2C_New_York.jpg?utm_source=en.wikipedia.org&utm_campaign=api&utm_content=thumbnail
guayaquil-ec,Guayaquil,"Guayaquil, Ecuador 🇪🇨",Ecuador,-2.19616,-79.88621,2,,"Guayaquil is Ecuador's largest city and main port, with the Malecón 2000 riverfront along the Guayas River.",https://thumb.wikimedia.org/wikipedia/commons/thumb/b/b1/Cuenca_Cathedral_2020.jpg/500px-Cuenca_Cathedral_2020.jpg?utm_source=en.wikipedia.org&utm_campaign=api&utm_content=thumbnail
belo-horizonte-br,Belo Horizonte,"Belo Horizonte, Brazil 🇧🇷",Brazil,-19.92083,-43.93778,2,,Belo Horizonte was Brazil's first planned modern city and is known for its bar culture and Oscar Niemeyer's Pampulha complex.,https://thumb.wikimedia.org/wikipedia/commons/thumb/4/4d/Conjunto_arquitet%C3%B4nico_e_urban%C3%ADstico_de_Ouro_Preto.JPG/500px-Conjunto_arquitet%C3%B4nico_e_urban%C3%ADstico_de_Ouro_Preto.JPG?utm_source=en.wikipedia.org&utm_campaign=api&utm_content=thumbnail
minhang-cn,Minhang,"Minhang, China 🇨🇳",China,31.10881,121.37471,5,,Minhang is a large Shanghai district that includes the Qibao ancient water town and Shanghai Jiao Tong University's main campus.,https://thumb.wikimedia.org/wikipedia/commons/thumb/4/4c/Huangpu_Park_20124-Shanghai_%2832208802494%29.jpg/500px-Huangpu_Park_20124-Shanghai_%2832208802494%29.jpg
bazhong-cn,Bazhong,"Bazhong, China 🇨🇳",China,31.8694,106.74432,7,,Bazhong is a hilly Sichuan city known for its Tang-dynasty cliff carvings of Buddhist figures.,https://thumb.wikimedia.org/wikipedia/commons/thumb/3/32/City_wall_of_Xi%27an_51550-Xian_%2827959363326%29.jpg/500px-City_wall_of_Xi%27an_51550-Xian_%2827959363326%29.jpg?utm_source=en.wikipedia.org&utm_campaign=api&utm_content=thumbnail
salvador-br,Salvador,"Salvador, Brazil 🇧🇷",Brazil,-12.97563,-38.49096,2,,"Salvador was Brazil's first colonial capital and is the heart of Afro-Brazilian culture, with the colorful Pelourinho historic center.",https://thumb.wikimedia.org/wikipedia/commons/thumb/2/24/Centro_Hist%C3%B3rico_Salvador_Vista_A%C3%A9rea_2021-0933.jpg/500px-Centro_Hist%C3%B3rico_Salvador_Vista_A%C3%A9rea_2021-0933.jpg?utm_source=en.wikipedia.org&utm_campaign=api&utm_content=thumbnail
abuja-ng,Abuja,"Abuja, Nigeria 🇳🇬",Nigeria,9.05785,7.49508,2,,Abuja replaced Lagos as Nigeria's capital in 1991 and was built from scratch beneath the giant Aso Rock monolith.,https://commons.wikimedia.org/wiki/Special:Redirect/file/Kofar_Gadan_Kaya_-_Kano_City_Gate.jpg
gazipur-bd,Gazipur,"Gazipur, Bangladesh 🇧🇩",Bangladesh,23.99844,90.42234,6,,Gazipur sits just north of Dhaka and is one of Bangladesh's biggest garment-manufacturing hubs.,https://thumb.wikimedia.org/wikipedia/commons/thumb/b/b3/Tejgaon_Commercial_Area.jpg/500px-Tejgaon_Commercial_Area.jpg?utm_source=en.wikipedia.org&utm_campaign=api&utm_content=thumbnail
wenzhou-cn,Wenzhou,"Wenzhou, China 🇨🇳",China,27.99942,120.66682,5,,"Wenzhou is famous for its entrepreneurs, whose family businesses spread across China and Europe making shoes, lighters, and eyeglasses.",https://thumb.wikimedia.org/wikipedia/commons/thumb/6/6b/%E6%9D%AD%E5%B7%9E%E9%92%B1%E6%B1%9F%E6%96%B0%E5%9F%8E_4_%28cropped%29.jpg/500px-%E6%9D%AD%E5%B7%9E%E9%92%B1%E6%B1%9F%E6%96%B0%E5%9F%8E_4_%28cropped%29.jpg?utm_source=en.wikipedia.org&utm_campaign=api&utm_content=thumbnail
bekasi-id,Bekasi,"Bekasi, Indonesia 🇮🇩",Indonesia,-6.2349,106.9896,5,,"Bekasi is a large satellite city east of Jakarta, packed with industrial estates and commuter housing.",https://thumb.wikimedia.org/wikipedia/commons/thumb/9/9b/Bundaran_Hotel_Indonesia_%282025%29_%28cropped%29.jpg/500px-Bundaran_Hotel_Indonesia_%282025%29_%28cropped%29.jpg
haiphong-vn,Haiphong,"Haiphong, Vietnam 🇻🇳",Vietnam,20.86481,106.68345,4,,Haiphong is northern Vietnam's main seaport and is known as the 'City of Red Flamboyant Flowers'.,https://thumb.wikimedia.org/wikipedia/commons/thumb/7/79/Ha_Long_Bay_in_2019.jpg/500px-Ha_Long_Bay_in_2019.jpg?utm_source=en.wikipedia.org&utm_campaign=api&utm_content=thumbnail
yunfu-cn,Yunfu,"Yunfu, China 🇨🇳",China,22.92787,112.03809,7,,Yunfu is a western Guangdong city known as China's 'stone capital' for its marble and granite processing industry.,https://thumb.wikimedia.org/wikipedia/commons/thumb/b/b9/Victoria_Harbour_skyline%2C_Hong_Kong_%282008%29.jpg/1280px-Victoria_Harbour_skyline%2C_Hong_Kong_%282008%29.jpg
mogadishu-so,Mogadishu,"Mogadishu, Somalia 🇸🇴",Somalia,2.03711,45.34375,2,,"Mogadishu is Somalia's capital and an ancient Indian Ocean trading port that once dealt in gold, ivory, and spices.",https://thumb.wikimedia.org/wikipedia/commons/thumb/f/f0/Mombasa_Island.jpg/500px-Mombasa_Island.jpg?utm_source=en.wikipedia.org&utm_campaign=api&utm_content=thumbnail
bandung-id,Bandung,"Bandung, Indonesia 🇮🇩",Indonesia,-6.92222,107.60694,2,,Bandung is a cool highland city in West Java that hosted the 1955 Asian-African Conference.,https://thumb.wikimedia.org/wikipedia/commons/thumb/9/9b/Bundaran_Hotel_Indonesia_%282025%29_%28cropped%29.jpg/500px-Bundaran_Hotel_Indonesia_%282025%29_%28cropped%29.jpg
gujranwala-pk,Gujranwala,"Gujranwala, Pakistan 🇵🇰",Pakistan,32.15567,74.18705,5,,"Gujranwala is a Punjab city known for its wrestlers and its love of food, and it was the birthplace of Sikh ruler Maharaja Ranjit Singh.",https://thumb.wikimedia.org/wikipedia/commons/thumb/c/c8/Badshahi_Mosque_front_picture.jpg/500px-Badshahi_Mosque_front_picture.jpg?utm_source=en.wikipedia.org&utm_campaign=api&utm_content=thumbnail
medan-id,Medan,"Medan, Indonesia 🇮🇩",Indonesia,3.58333,98.66667,4,,Medan is Sumatra's largest city and a gateway to Lake Toba and the orangutans of Bukit Lawang.,https://thumb.wikimedia.org/wikipedia/commons/thumb/6/65/Skyline_of_George_Town%2C_Penang_at_night_Nov2024-29-17.jpg/500px-Skyline_of_George_Town%2C_Penang_at_night_Nov2024-29-17.jpg?utm_source=en.wikipedia.org&utm_campaign=api&utm_content=thumbnail
lucknow-in,Lucknow,"Lucknow, India 🇮🇳",India,26.83928,80.92313,4,,"Lucknow is the capital of Uttar Pradesh, famous for Awadhi cuisine, its kebabs, and the grand Bara Imambara.",https://thumb.wikimedia.org/wikipedia/commons/thumb/e/e7/1_Khajuraho.jpg/500px-1_Khajuraho.jpg?utm_source=en.wikipedia.org&utm_campaign=api&utm_content=thumbnail
xining-cn,Xining,"Xining, China 🇨🇳",China,36.62554,101.75739,5,,"Xining sits on the edge of the Tibetan Plateau at about 2,200 meters and is the gateway to Qinghai Lake and the Kumbum Monastery.",https://thumb.wikimedia.org/wikipedia/commons/thumb/3/32/City_wall_of_Xi%27an_51550-Xian_%2827959363326%29.jpg/500px-City_wall_of_Xi%27an_51550-Xian_%2827959363326%29.jpg?utm_source=en.wikipedia.org&utm_campaign=api&utm_content=thumbnail
nagpur-in,Nagpur,"Nagpur, India 🇮🇳",India,21.14631,79.08491,4,,Nagpur is known as India's 'Orange City' and lies close to the geographic center of the country.,https://thumb.wikimedia.org/wikipedia/commons/thumb/2/24/Taj-ul-Masjid%2C_Bhopal%2C_India.jpg/500px-Taj-ul-Masjid%2C_Bhopal%2C_India.jpg?utm_source=en.wikipedia.org&utm_campaign=api&utm_content=thumbnail
fortaleza-br,Fortaleza,"Fortaleza, Brazil 🇧🇷",Brazil,-3.71722,-38.54306,4,,Fortaleza is a beach city in northeastern Brazil famous for its jangada sailboats and lively forró music scene.,https://thumb.wikimedia.org/wikipedia/commons/thumb/2/2d/2010._Jijoca_de_Jericoacoara_%28CE%29_%283%29.JPG/500px-2010._Jijoca_de_Jericoacoara_%28CE%29_%283%29.JPG?utm_source=en.wikipedia.org&utm_campaign=api&utm_content=thumbnail
cali-co,Cali,"Cali, Colombia 🇨🇴",Colombia,3.43054,-76.5199,2,,Cali is known as the 'World Capital of Salsa' and hosts a huge salsa festival every December.,https://thumb.wikimedia.org/wikipedia/commons/thumb/a/ac/Desierto_de_la_Tatacoa_-_camilogaleano%28com%29.jpg/500px-Desierto_de_la_Tatacoa_-_camilogaleano%28com%29.jpg?utm_source=en.wikipedia.org&utm_campaign=api&utm_content=thumbnail
daegu-kr,Daegu,"Daegu, South Korea 🇰🇷",South Korea,35.87028,128.59111,3,,"Daegu is South Korea's fourth-largest city, historically famous for its apples and its traditional herbal medicine market.",https://thumb.wikimedia.org/wikipedia/commons/thumb/e/eb/Lotus_Flower_Bridge_and_Seven_Treasure_Bridge_at_Bulguksa_in_Gyeongju%2C_Korea.jpg/500px-Lotus_Flower_Bridge_and_Seven_Treasure_Bridge_at_Bulguksa_in_Gyeongju%2C_Korea.jpg?utm_source=en.wikipedia.org&utm_campaign=api&utm_content=thumbnail
nanchang-cn,Nanchang,"Nanchang, China 🇨🇳",China,28.68396,115.85306,5,,Nanchang is Jiangxi's capital and the site of the 1927 uprising regarded as the birth of China's People's Liberation Army.,https://thumb.wikimedia.org/wikipedia/commons/thumb/6/6b/%E6%9D%AD%E5%B7%9E%E9%92%B1%E6%B1%9F%E6%96%B0%E5%9F%8E_4_%28cropped%29.jpg/500px-%E6%9D%AD%E5%B7%9E%E9%92%B1%E6%B1%9F%E6%96%B0%E5%9F%8E_4_%28cropped%29.jpg?utm_source=en.wikipedia.org&utm_campaign=api&utm_content=thumbnail
nagoya-jp,Nagoya,"Nagoya, Japan 🇯🇵",Japan,35.18147,136.90641,3,,"Nagoya is the hub of Japan's car industry, with Toyota headquartered nearby, and is known for its golden-dolphin castle.",https://thumb.wikimedia.org/wikipedia/commons/thumb/6/6b/Kyoto%2C_Japan_%2849667780482%29.jpg/500px-Kyoto%2C_Japan_%2849667780482%29.jpg
queens-us,Queens,"Queens, United States 🇺🇸",United States,40.68149,-73.83652,3,,"Queens is often called the most ethnically diverse urban area on Earth, with well over 100 languages spoken.",https://thumb.wikimedia.org/wikipedia/commons/thumb/9/97/Belmont_Park_aerial_2021.jpg/500px-Belmont_Park_aerial_2021.jpg?utm_source=en.wikipedia.org&utm_campaign=api&utm_content=thumbnail
mashhad-ir,Mashhad,"Mashhad, Iran 🇮🇷",Iran,36.29807,59.60567,3,,"Mashhad is Iran's holiest city, home to the vast shrine of Imam Reza that draws millions of pilgrims each year.",https://thumb.wikimedia.org/wikipedia/commons/thumb/8/8a/Darvasa_gas_crater_panorama.jpg/500px-Darvasa_gas_crater_panorama.jpg?utm_source=en.wikipedia.org&utm_campaign=api&utm_content=thumbnail
shaoxing-cn,Shaoxing,"Shaoxing, China 🇨🇳",China,30.00237,120.57864,5,,Shaoxing is a canal town famous for its amber rice wine and as the hometown of writer Lu Xun.,https://thumb.wikimedia.org/wikipedia/commons/thumb/6/6b/%E6%9D%AD%E5%B7%9E%E9%92%B1%E6%B1%9F%E6%96%B0%E5%9F%8E_4_%28cropped%29.jpg/500px-%E6%9D%AD%E5%B7%9E%E9%92%B1%E6%B1%9F%E6%96%B0%E5%9F%8E_4_%28cropped%29.jpg?utm_source=en.wikipedia.org&utm_campaign=api&utm_content=thumbnail
nantong-cn,Nantong,"Nantong, China 🇨🇳",China,32.03028,120.87472,6,,"Nantong is a Jiangsu city on the north bank of the Yangtze estuary, linked to Shanghai by long river bridges.",https://thumb.wikimedia.org/wikipedia/commons/thumb/4/4c/Huangpu_Park_20124-Shanghai_%2832208802494%29.jpg/500px-Huangpu_Park_20124-Shanghai_%2832208802494%29.jpg
gaziantep-tr,Gaziantep,"Gaziantep, Turkey 🇹🇷",Turkey,37.05944,37.3825,3,,"Gaziantep is Turkey's pistachio capital and is celebrated for its baklava, which has protected geographical status.",https://thumb.wikimedia.org/wikipedia/commons/thumb/d/d5/G%C3%B6bekli_Tepe%2C_Urfa.jpg/500px-G%C3%B6bekli_Tepe%2C_Urfa.jpg?utm_source=en.wikipedia.org&utm_campaign=api&utm_content=thumbnail
lubumbashi-cd,Lubumbashi,"Lubumbashi, DR Congo 🇨🇩",DR Congo,-11.66089,27.47938,5,,"Lubumbashi is the copper-mining capital of the DR Congo's Katanga region, founded by Belgian colonists as Élisabethville.",https://thumb.wikimedia.org/wikipedia/commons/thumb/1/15/Downtown_Lusaka.JPG/500px-Downtown_Lusaka.JPG?utm_source=en.wikipedia.org&utm_campaign=api&utm_content=thumbnail
manaus-br,Manaus,"Manaus, Brazil 🇧🇷",Brazil,-3.10194,-60.025,3,Great Rivers,"Manaus is a city in the middle of the Amazon rainforest, famous for its grand rubber-boom opera house.",https://thumb.wikimedia.org/wikipedia/commons/thumb/4/42/Noite_no_Teatro_Amazonas_%28cropped%29.jpg/500px-Noite_no_Teatro_Amazonas_%28cropped%29.jpg?utm_source=en.wikipedia.org&utm_campaign=api&utm_content=thumbnail
brasilia-br,Brasília,"Brasília, Brazil 🇧🇷",Brazil,-15.77972,-47.92972,3,,"Brasília was built from scratch in the late 1950s, with a layout shaped like an airplane and buildings by Oscar Niemeyer.",https://thumb.wikimedia.org/wikipedia/commons/thumb/f/f6/Brasilia_National_Congress.JPG/1280px-Brasilia_National_Congress.JPG
zhuhai-cn,Zhuhai,"Zhuhai, China 🇨🇳",China,22.27694,113.56778,5,,Zhuhai borders Macau and is linked to Hong Kong by one of the world's longest sea bridges.,https://thumb.wikimedia.org/wikipedia/commons/thumb/b/b9/Victoria_Harbour_skyline%2C_Hong_Kong_%282008%29.jpg/1280px-Victoria_Harbour_skyline%2C_Hong_Kong_%282008%29.jpg
santo-domingo-do,Santo Domingo,"Santo Domingo, Dominican Republic 🇩🇴",Dominican Republic,18.47186,-69.89232,3,Caribbean; Colonial Towns,"Santo Domingo is the oldest continuously inhabited European city in the Americas, founded in 1496.",https://commons.wikimedia.org/wiki/Special:Redirect/file/Citadelle_Laferri%C3%A8re.jpg
lome-tg,Lomé,"Lomé, Togo 🇹🇬",Togo,6.12874,1.22154,3,,Lomé is Togo's capital and has a famous fetish market selling traditional voodoo remedies.,https://thumb.wikimedia.org/wikipedia/commons/thumb/0/0a/Acca.jpg/500px-Acca.jpg?utm_source=en.wikipedia.org&utm_campaign=api&utm_content=thumbnail
multan-pk,Multan,"Multan, Pakistan 🇵🇰",Pakistan,30.19679,71.47824,5,,Multan is known as the 'City of Saints' for its many Sufi shrines with blue-tiled domes.,https://thumb.wikimedia.org/wikipedia/commons/thumb/f/f9/Derawar_fort_Panorama.jpg/500px-Derawar_fort_Panorama.jpg
ordos-cn,Ordos,"Ordos, China 🇨🇳",China,39.6086,109.78157,6,,Ordos is a coal-rich Inner Mongolian city whose futuristic Kangbashi district became known as a 'ghost city' before it filled up.,https://thumb.wikimedia.org/wikipedia/commons/thumb/1/1f/Pingyao_Shilou_2013.08.25_07-01-33.jpg/500px-Pingyao_Shilou_2013.08.25_07-01-33.jpg?utm_source=en.wikipedia.org&utm_campaign=api&utm_content=thumbnail
coimbatore-in,Coimbatore,"Coimbatore, India 🇮🇳",India,11.00555,76.96612,5,,Coimbatore is a Tamil Nadu textile hub nicknamed the 'Manchester of South India'.,https://thumb.wikimedia.org/wikipedia/commons/thumb/e/ea/Adams_Bridge_aerial.jpg/500px-Adams_Bridge_aerial.jpg?utm_source=en.wikipedia.org&utm_campaign=api&utm_content=thumbnail
port-harcourt-ng,Port Harcourt,"Port Harcourt, Nigeria 🇳🇬",Nigeria,4.77742,7.0134,3,,Port Harcourt is the oil capital of Nigeria's Niger Delta and is nicknamed the 'Garden City'.,https://thumb.wikimedia.org/wikipedia/commons/thumb/b/bd/Mount_Cameroon_view_from_Buea_%28Soppo%29.jpg/500px-Mount_Cameroon_view_from_Buea_%28Soppo%29.jpg?utm_source=en.wikipedia.org&utm_campaign=api&utm_content=thumbnail
cordoba-ar,Córdoba,"Córdoba, Argentina 🇦🇷",Argentina,-31.40648,-64.18853,3,,"Córdoba is Argentina's second city and home to one of the oldest universities in the Americas, founded by Jesuits in 1613.",https://commons.wikimedia.org/wiki/Special:Redirect/file/Ruins_of_Quilmes_08.jpg
mbuji-mayi-cd,Mbuji-Mayi,"Mbuji-Mayi, DR Congo 🇨🇩",DR Congo,-6.13603,23.58979,7,,"Mbuji-Mayi is a city in the DR Congo built around diamond mining, one of the world's major sources of industrial diamonds.",https://thumb.wikimedia.org/wikipedia/commons/thumb/2/2d/High_Angle_View_Of_Kigali_City_Street_on_November_29%2C_2018._Emmanuel_Kwizera.jpg/500px-High_Angle_View_Of_Kigali_City_Street_on_November_29%2C_2018._Emmanuel_Kwizera.jpg?utm_source=en.wikipedia.org&utm_campaign=api&utm_content=thumbnail
aleppo-sy,Aleppo,"Aleppo, Syria 🇸🇾",Syria,36.20124,37.16117,3,,"Aleppo is one of the oldest continuously inhabited cities in the world, crowned by a massive medieval citadel.",https://thumb.wikimedia.org/wikipedia/commons/thumb/d/d5/G%C3%B6bekli_Tepe%2C_Urfa.jpg/500px-G%C3%B6bekli_Tepe%2C_Urfa.jpg?utm_source=en.wikipedia.org&utm_campaign=api&utm_content=thumbnail
kunshan-cn,Kunshan,"Kunshan, China 🇨🇳",China,31.37762,120.95431,6,,"Kunshan is a Jiangsu city between Shanghai and Suzhou, the birthplace of Kunqu opera and the water town of Zhouzhuang.",https://thumb.wikimedia.org/wikipedia/commons/thumb/4/4c/Huangpu_Park_20124-Shanghai_%2832208802494%29.jpg/500px-Huangpu_Park_20124-Shanghai_%2832208802494%29.jpg
zunyi-cn,Zunyi,"Zunyi, China 🇨🇳",China,27.68667,106.90722,6,,Zunyi is a Guizhou city where the 1935 Zunyi Conference made Mao Zedong leader of the Communist Party during the Long March.,https://thumb.wikimedia.org/wikipedia/commons/thumb/4/4c/36275-Leshan_%2849067653383%29.jpg/500px-36275-Leshan_%2849067653383%29.jpg?utm_source=en.wikipedia.org&utm_campaign=api&utm_content=thumbnail
lianyungang-cn,Lianyungang,"Lianyungang, China 🇨🇳",China,34.59845,119.21556,6,,Lianyungang is a Jiangsu port whose Huaguo Mountain is said to be the home of the Monkey King from Journey to the West.,https://thumb.wikimedia.org/wikipedia/commons/thumb/4/4c/Huangpu_Park_20124-Shanghai_%2832208802494%29.jpg/500px-Huangpu_Park_20124-Shanghai_%2832208802494%29.jpg
puning-cn,Puning,"Puning, China 🇨🇳",China,23.31072,116.16869,8,,Puning is a Chaoshan city in Guangdong that has grown into one of China's biggest garment-making centers.,https://thumb.wikimedia.org/wikipedia/commons/thumb/b/b9/Victoria_Harbour_skyline%2C_Hong_Kong_%282008%29.jpg/1280px-Victoria_Harbour_skyline%2C_Hong_Kong_%282008%29.jpg
indore-in,Indore,"Indore, India 🇮🇳",India,22.71792,75.8333,5,,Indore is a Madhya Pradesh city famous for its street food and has been ranked India's cleanest city for several years running.,https://thumb.wikimedia.org/wikipedia/commons/thumb/2/24/Taj-ul-Masjid%2C_Bhopal%2C_India.jpg/500px-Taj-ul-Masjid%2C_Bhopal%2C_India.jpg?utm_source=en.wikipedia.org&utm_campaign=api&utm_content=thumbnail
brazzaville-cg,Brazzaville,"Brazzaville, Congo 🇨🇬",Congo,-4.26613,15.28318,3,,"Brazzaville is the capital of the Republic of the Congo and faces Kinshasa across the Congo River, the closest pair of capitals in the world after Rome and Vatican City.",https://thumb.wikimedia.org/wikipedia/commons/thumb/7/71/Stade_Tata_Rapha%C3%ABl_lors_d%27un_de_l%27AS_V.CLUB.jpg/500px-Stade_Tata_Rapha%C3%ABl_lors_d%27un_de_l%27AS_V.CLUB.jpg?utm_source=en.wikipedia.org&utm_campaign=api&utm_content=thumbnail
ganzhou-cn,Ganzhou,"Ganzhou, China 🇨🇳",China,25.84664,114.9326,6,,Ganzhou is a Jiangxi city with one of the best-preserved Song-dynasty city walls and an ancient drainage system still in use.,https://thumb.wikimedia.org/wikipedia/commons/thumb/b/b9/Victoria_Harbour_skyline%2C_Hong_Kong_%282008%29.jpg/1280px-Victoria_Harbour_skyline%2C_Hong_Kong_%282008%29.jpg
songjiang-cn,Songjiang,"Songjiang, China 🇨🇳",China,31.03443,121.22326,6,,"Songjiang is a Shanghai district, older than Shanghai itself, known for its Square Pagoda and the English-style Thames Town.",https://thumb.wikimedia.org/wikipedia/commons/thumb/4/4c/Huangpu_Park_20124-Shanghai_%2832208802494%29.jpg/500px-Huangpu_Park_20124-Shanghai_%2832208802494%29.jpg
curitiba-br,Curitiba,"Curitiba, Brazil 🇧🇷",Brazil,-25.42778,-49.27306,3,,"Curitiba is famous worldwide for pioneering bus rapid transit, with tube-shaped boarding stations.",https://thumb.wikimedia.org/wikipedia/commons/thumb/9/91/Aerial_Foz_de_Igua%C3%A7u_26_Nov_2005.jpg/500px-Aerial_Foz_de_Igua%C3%A7u_26_Nov_2005.jpg?utm_source=en.wikipedia.org&utm_campaign=api&utm_content=thumbnail
sanaa-ye,Sanaa,"Sanaa, Yemen 🇾🇪",Yemen,15.35452,44.20646,3,Desert Cities,"Sanaa is Yemen's capital, and its Old City is known for multi-story rammed-earth tower houses decorated with white gypsum.",https://upload.wikimedia.org/wikipedia/commons/thumb/b/bf/Danakil_depression.jpg/500px-Danakil_depression.jpg
conakry-gn,Conakry,"Conakry, Guinea 🇬🇳",Guinea,9.53795,-13.67729,3,,Conakry is Guinea's capital and was originally built on the small Tombo Island off the Atlantic coast.,https://commons.wikimedia.org/wiki/Special:Redirect/file/Montane_rainforest_near_to_S%C3%A9r%C3%A9dou_(Northern_limit_of_Ziama_Massif).jpg
tangerang-id,Tangerang,"Tangerang, Indonesia 🇮🇩",Indonesia,-6.17806,106.63,5,,Tangerang is a city west of Jakarta that hosts Soekarno-Hatta International Airport.,https://thumb.wikimedia.org/wikipedia/commons/thumb/9/9b/Bundaran_Hotel_Indonesia_%282025%29_%28cropped%29.jpg/500px-Bundaran_Hotel_Indonesia_%282025%29_%28cropped%29.jpg
hyderabad-pk,Hyderabad,"Hyderabad, Pakistan 🇵🇰",Pakistan,25.39689,68.37718,5,,"Hyderabad is the second city of Sindh, on the Indus River, known for its glass bangles and old wind catchers on rooftops.",https://thumb.wikimedia.org/wikipedia/commons/thumb/2/20/Clifton_Karachi_View.jpg/500px-Clifton_Karachi_View.jpg?utm_source=en.wikipedia.org&utm_campaign=api&utm_content=thumbnail
jieyang-cn,Jieyang,"Jieyang, China 🇨🇳",China,23.5418,116.36581,7,,Jieyang is a Chaoshan city in eastern Guangdong known for its jade-carving market.,https://thumb.wikimedia.org/wikipedia/commons/thumb/b/b9/Victoria_Harbour_skyline%2C_Hong_Kong_%282008%29.jpg/1280px-Victoria_Harbour_skyline%2C_Hong_Kong_%282008%29.jpg
jilin-cn,Jilin,"Jilin, China 🇨🇳",China,43.84652,126.5608,5,,"Jilin City is famous for its winter rime, when frost coats the trees along the Songhua River in white crystals.",https://thumb.wikimedia.org/wikipedia/commons/thumb/6/62/Vladivostok._GUM_Department_Store_P8070703_2200.jpg/500px-Vladivostok._GUM_Department_Store_P8070703_2200.jpg?utm_source=en.wikipedia.org&utm_campaign=api&utm_content=thumbnail
jiading-cn,Jiading,"Jiading, China 🇨🇳",China,31.38575,121.24465,6,,"Jiading is a Shanghai district that hosts the Shanghai International Circuit, where the Chinese Formula One Grand Prix is held.",https://thumb.wikimedia.org/wikipedia/commons/thumb/4/4c/Huangpu_Park_20124-Shanghai_%2832208802494%29.jpg/500px-Huangpu_Park_20124-Shanghai_%2832208802494%29.jpg
kakamega-ke,Kakamega,"Kakamega, Kenya 🇰🇪",Kenya,0.28422,34.75229,6,,"Kakamega is a western Kenyan town next to Kakamega Forest, the country's last patch of Guineo-Congolian rainforest.",https://thumb.wikimedia.org/wikipedia/commons/thumb/8/87/Hell%27s_Gate%2C_Kenya.jpg/500px-Hell%27s_Gate%2C_Kenya.jpg?utm_source=en.wikipedia.org&utm_campaign=api&utm_content=thumbnail
shangqiu-cn,Shangqiu,"Shangqiu, China 🇨🇳",China,34.4143,115.65613,7,,"Shangqiu is a Henan city regarded as the birthplace of the Shang dynasty, with a well-preserved Ming-era walled old town.",https://thumb.wikimedia.org/wikipedia/commons/thumb/b/b4/27427-Luoyang_%2849067744628%29.jpg/500px-27427-Luoyang_%2849067744628%29.jpg?utm_source=en.wikipedia.org&utm_campaign=api&utm_content=thumbnail
nanchong-cn,Nanchong,"Nanchong, China 🇨🇳",China,30.79508,106.08473,7,,"Nanchong is a Sichuan city on the Jialing River, known historically for silk production.",https://thumb.wikimedia.org/wikipedia/commons/thumb/4/4c/36275-Leshan_%2849067653383%29.jpg/500px-36275-Leshan_%2849067653383%29.jpg?utm_source=en.wikipedia.org&utm_campaign=api&utm_content=thumbnail
tainan-tw,Tainan,"Tainan, Taiwan 🇹🇼",Taiwan,22.99083,120.21333,3,,"Tainan is Taiwan's oldest city and former capital, packed with temples and known as the island's street-food capital.",https://thumb.wikimedia.org/wikipedia/commons/thumb/e/ea/Taipei_Skyline_2022.06.29.jpg/500px-Taipei_Skyline_2022.06.29.jpg?utm_source=en.wikipedia.org&utm_campaign=api&utm_content=thumbnail
kaduna-ng,Kaduna,"Kaduna, Nigeria 🇳🇬",Nigeria,10.52641,7.43879,3,,Kaduna is a northern Nigerian city that served as the capital of the colonial Northern Region and is a textile and military center.,https://commons.wikimedia.org/wiki/Special:Redirect/file/Kofar_Gadan_Kaya_-_Kano_City_Gate.jpg
omdurman-sd,Omdurman,"Omdurman, Sudan 🇸🇩",Sudan,15.64453,32.47773,3,,"Omdurman lies across the Nile from Khartoum and was the capital of the Mahdist state, where the Mahdi's tomb still stands.",https://thumb.wikimedia.org/wikipedia/commons/thumb/b/b9/%C2%A9Nile-Project_-Sari_Omer_0025.jpg/500px-%C2%A9Nile-Project_-Sari_Omer_0025.jpg?utm_source=en.wikipedia.org&utm_campaign=api&utm_content=thumbnail
davao-ph,Davao,"Davao, Philippines 🇵🇭",Philippines,7.07306,125.61278,3,,"Davao City is one of the largest cities in the world by land area and sits at the foot of Mount Apo, the Philippines' highest peak.",https://thumb.wikimedia.org/wikipedia/commons/thumb/a/af/Chocolate_Hills_Bohol.JPG/500px-Chocolate_Hills_Bohol.JPG?utm_source=en.wikipedia.org&utm_campaign=api&utm_content=thumbnail
thane-in,Thāne,"Thāne, India 🇮🇳",India,19.19704,72.96355,5,,"Thane is a lake-studded city next to Mumbai, and the first passenger train in India ran from Bombay to Thane in 1853.",https://thumb.wikimedia.org/wikipedia/commons/thumb/2/2b/Mumbai_Bandra-Worli_Sea_Link.jpg/500px-Mumbai_Bandra-Worli_Sea_Link.jpg
iztapalapa-mx,Iztapalapa,"Iztapalapa, Mexico 🇲🇽",Mexico,19.35529,-99.06224,5,,"Iztapalapa is Mexico City's most populous borough, famous for its huge Holy Week Passion play reenactment.",https://thumb.wikimedia.org/wikipedia/commons/thumb/0/07/Vista_a%C3%A9rea_del_Estadio_Azteca_-_2026_-_02.jpg/500px-Vista_a%C3%A9rea_del_Estadio_Azteca_-_2026_-_02.jpg?utm_source=en.wikipedia.org&utm_campaign=api&utm_content=thumbnail
diyarbakr-tr,Diyarbakır,"Diyarbakır, Turkey 🇹🇷",Turkey,37.91363,40.21721,5,,"Diyarbakır is ringed by massive black basalt walls, among the longest and best-preserved in the world.",https://thumb.wikimedia.org/wikipedia/commons/thumb/d/d5/G%C3%B6bekli_Tepe%2C_Urfa.jpg/500px-G%C3%B6bekli_Tepe%2C_Urfa.jpg?utm_source=en.wikipedia.org&utm_campaign=api&utm_content=thumbnail
santa-cruz-de-la-sierra-bo,Santa Cruz de la Sierra,"Santa Cruz de la Sierra, Bolivia 🇧🇴",Bolivia,-17.78629,-63.18117,3,,"Santa Cruz de la Sierra is Bolivia's largest city and economic engine, sitting in the tropical eastern lowlands.",https://thumb.wikimedia.org/wikipedia/commons/thumb/9/93/Mission_Concepcion_San_Antonio.JPG/500px-Mission_Concepcion_San_Antonio.JPG?utm_source=en.wikipedia.org&utm_campaign=api&utm_content=thumbnail
vadodara-in,Vadodara,"Vadodara, India 🇮🇳",India,22.29941,73.20812,5,,"Vadodara is a Gujarat city famous for the Laxmi Vilas Palace, said to be four times the size of Buckingham Palace.",https://thumb.wikimedia.org/wikipedia/commons/thumb/3/30/The_drainage_system_at_Lothal_2.JPG/500px-The_drainage_system_at_Lothal_2.JPG?utm_source=en.wikipedia.org&utm_campaign=api&utm_content=thumbnail
adana-tr,Adana,"Adana, Turkey 🇹🇷",Turkey,36.98615,35.32531,3,,"Adana is a Turkish city on the Seyhan River, famous for its spicy minced-meat Adana kebab.",https://thumb.wikimedia.org/wikipedia/commons/thumb/5/59/Cappadocia_balloon_trip%2C_Ortahisar_Castle_%2811893715185%29.jpg/500px-Cappadocia_balloon_trip%2C_Ortahisar_Castle_%2811893715185%29.jpg
nanyang-cn,Nanyang,"Nanyang, China 🇨🇳",China,33.00524,112.54659,7,,Nanyang is a Henan city known as the hometown of the ancient physician Zhang Zhongjing and of the inventor Zhang Heng.,https://thumb.wikimedia.org/wikipedia/commons/thumb/b/b4/27427-Luoyang_%2849067744628%29.jpg/500px-27427-Luoyang_%2849067744628%29.jpg?utm_source=en.wikipedia.org&utm_campaign=api&utm_content=thumbnail
abu-dhabi-ae,Abu Dhabi,"Abu Dhabi, United Arab Emirates 🇦🇪",United Arab Emirates,24.45118,54.39696,3,,"Abu Dhabi is the capital of the UAE, home to the Sheikh Zayed Grand Mosque and the Louvre Abu Dhabi.",https://thumb.wikimedia.org/wikipedia/en/thumb/7/7d/Sheikh_Zayed_Mosque_view.jpg/500px-Sheikh_Zayed_Mosque_view.jpg?utm_source=en.wikipedia.org&utm_campaign=api&utm_content=thumbnail
palembang-id,Palembang,"Palembang, Indonesia 🇮🇩",Indonesia,-2.91673,104.7458,5,,Palembang was the seat of the Srivijaya maritime empire and is known for its Ampera Bridge across the Musi River.,https://thumb.wikimedia.org/wikipedia/commons/thumb/2/22/Anak_krakatau_sebelum_tsunami.jpg/500px-Anak_krakatau_sebelum_tsunami.jpg?utm_source=en.wikipedia.org&utm_campaign=api&utm_content=thumbnail
sharjah-ae,Sharjah,"Sharjah, United Arab Emirates 🇦🇪",United Arab Emirates,25.3342,55.41221,3,,"Sharjah is the UAE's cultural capital, known for its museums and as the only emirate with coasts on both the Gulf and the Gulf of Oman.",https://thumb.wikimedia.org/wikipedia/en/thumb/c/c7/Burj_Khalifa_2021.jpg/500px-Burj_Khalifa_2021.jpg
jiangmen-cn,Jiangmen,"Jiangmen, China 🇨🇳",China,22.58333,113.08333,6,,"Jiangmen is a Guangdong city known for the Kaiping Diaolou, fortified watchtowers built by returning overseas Chinese.",https://thumb.wikimedia.org/wikipedia/commons/thumb/b/b9/Victoria_Harbour_skyline%2C_Hong_Kong_%282008%29.jpg/1280px-Victoria_Harbour_skyline%2C_Hong_Kong_%282008%29.jpg
jiangyin-cn,Jiangyin,"Jiangyin, China 🇨🇳",China,31.91102,120.26302,7,,"Jiangyin is a wealthy Jiangsu county-level city on the Yangtze, home to the nearby Huaxi village, once dubbed China's richest village.",https://thumb.wikimedia.org/wikipedia/commons/thumb/4/4c/Huangpu_Park_20124-Shanghai_%2832208802494%29.jpg/500px-Huangpu_Park_20124-Shanghai_%2832208802494%29.jpg
fuyang-cn,Fuyang,"Fuyang, China 🇨🇳",China,32.9,115.81667,7,,Fuyang is a northern Anhui city on the plains of the Huai River basin and a major regional transport hub.,https://thumb.wikimedia.org/wikipedia/commons/thumb/b/b4/27427-Luoyang_%2849067744628%29.jpg/500px-27427-Luoyang_%2849067744628%29.jpg?utm_source=en.wikipedia.org&utm_campaign=api&utm_content=thumbnail
bayan-nur-cn,Bayan Nur,"Bayan Nur, China 🇨🇳",China,40.74143,107.38599,7,,"Bayan Nur is an Inner Mongolian city on the Hetao Plain, where Yellow River irrigation turns desert into sunflower farmland.",https://upload.wikimedia.org/wikipedia/commons/1/1d/Yoliinam.jpg?utm_source=en.wikipedia.org&utm_campaign=api&utm_content=thumbnail_unscaled
chengtangcun-cn,Chengtangcun,"Chengtangcun, China 🇨🇳",China,35.08357,117.19071,9,,Chengtangcun is a densely built locality in Guangdong's Pearl River Delta manufacturing belt.,https://thumb.wikimedia.org/wikipedia/commons/thumb/b/b4/27427-Luoyang_%2849067744628%29.jpg/500px-27427-Luoyang_%2849067744628%29.jpg?utm_source=en.wikipedia.org&utm_campaign=api&utm_content=thumbnail
chaozhou-cn,Chaozhou,"Chaozhou, China 🇨🇳",China,23.65396,116.62262,6,,"Chaozhou is the cultural heart of the Teochew people, known for Guangji Bridge, gongfu tea, and intricate wood carving.",https://thumb.wikimedia.org/wikipedia/commons/thumb/b/b9/Victoria_Harbour_skyline%2C_Hong_Kong_%282008%29.jpg/1280px-Victoria_Harbour_skyline%2C_Hong_Kong_%282008%29.jpg
qingyuan-cn,Qingyuan,"Qingyuan, China 🇨🇳",China,23.7,113.03333,6,,"Qingyuan is a Guangdong city on the Bei River, famous for its free-range chicken and rafting in nearby gorges.",https://thumb.wikimedia.org/wikipedia/commons/thumb/b/b9/Victoria_Harbour_skyline%2C_Hong_Kong_%282008%29.jpg/1280px-Victoria_Harbour_skyline%2C_Hong_Kong_%282008%29.jpg
taian-cn,Tai’an,"Tai’an, China 🇨🇳",China,36.18528,117.12,5,,"Tai'an sits at the foot of Mount Tai, the most sacred of China's Five Great Mountains, climbed by emperors for over 2,000 years.",https://thumb.wikimedia.org/wikipedia/commons/thumb/2/22/Lugouqiao-2014.jpg/500px-Lugouqiao-2014.jpg?utm_source=en.wikipedia.org&utm_campaign=api&utm_content=thumbnail
rasapudipalem-in,Rasapūdipalem,"Rasapūdipalem, India 🇮🇳",India,17.73308,83.31622,9,,"Rasapudipalem is a neighborhood within Visakhapatnam, the port city on India's Bay of Bengal coast.",https://thumb.wikimedia.org/wikipedia/commons/thumb/4/47/Konarka_Temple.jpg/500px-Konarka_Temple.jpg?utm_source=en.wikipedia.org&utm_campaign=api&utm_content=thumbnail
pimpri-chinchwad-in,Pimpri-Chinchwad,"Pimpri-Chinchwad, India 🇮🇳",India,18.61867,73.80375,6,,Pimpri-Chinchwad is Pune's industrial twin city and a center of India's automobile industry.,https://thumb.wikimedia.org/wikipedia/commons/thumb/2/2b/Mumbai_Bandra-Worli_Sea_Link.jpg/500px-Mumbai_Bandra-Worli_Sea_Link.jpg
caloocan-ph,Caloocan,"Caloocan, Philippines 🇵🇭",Philippines,14.64953,120.96788,5,,Caloocan is a Metro Manila city where the Katipunan revolutionary society launched its revolt against Spain in 1896.,https://thumb.wikimedia.org/wikipedia/commons/thumb/f/f7/Cityscape_of_Manila%2C_2025_%2801%29.jpg/500px-Cityscape_of_Manila%2C_2025_%2801%29.jpg?utm_source=en.wikipedia.org&utm_campaign=api&utm_content=thumbnail
semarang-id,Semarang,"Semarang, Indonesia 🇮🇩",Indonesia,-6.99306,110.42083,5,,"Semarang is Central Java's capital, known for its Dutch colonial Old Town and the Lawang Sewu building of a 'thousand doors'.",https://thumb.wikimedia.org/wikipedia/commons/thumb/2/25/Pradaksina.jpg/500px-Pradaksina.jpg?utm_source=en.wikipedia.org&utm_campaign=api&utm_content=thumbnail
patna-in,Patna,"Patna, India 🇮🇳",India,25.59408,85.13563,3,,"Patna, ancient Pataliputra, was the capital of the Maurya Empire and sits on the south bank of the Ganges.",https://thumb.wikimedia.org/wikipedia/commons/thumb/d/dd/Temple_No.-_3%2C_Nalanda_Archaeological_Site.jpg/500px-Temple_No.-_3%2C_Nalanda_Archaeological_Site.jpg?utm_source=en.wikipedia.org&utm_campaign=api&utm_content=thumbnail
mosul-iq,Mosul,"Mosul, Iraq 🇮🇶",Iraq,36.335,43.11889,3,,Mosul lies across the Tigris from the ruins of ancient Nineveh and gave its name to muslin cloth.,https://thumb.wikimedia.org/wikipedia/commons/thumb/1/1a/2018_Ford_Transit_Custom_300_Base_2.0_facelift.jpg/500px-2018_Ford_Transit_Custom_300_Base_2.0_facelift.jpg?utm_source=en.wikipedia.org&utm_campaign=api&utm_content=thumbnail
kallakurichi-in,Kallakurichi,"Kallakurichi, India 🇮🇳",India,11.73379,78.95925,8,,"Kallakurichi is a Tamil Nadu town surrounded by sugarcane farms, near the forested Kalvarayan Hills.",https://thumb.wikimedia.org/wikipedia/commons/thumb/e/ea/Adams_Bridge_aerial.jpg/500px-Adams_Bridge_aerial.jpg?utm_source=en.wikipedia.org&utm_campaign=api&utm_content=thumbnail
changshu-cn,Changshu,"Changshu, China 🇨🇳",China,31.64615,120.74221,7,,Changshu is a Jiangsu county-level city near Shanghai known for its Yushan hill and its clothing wholesale market.,https://thumb.wikimedia.org/wikipedia/commons/thumb/4/4c/Huangpu_Park_20124-Shanghai_%2832208802494%29.jpg/500px-Huangpu_Park_20124-Shanghai_%2832208802494%29.jpg
suzhou-cn,Suzhou,"Suzhou, China 🇨🇳",China,33.63611,116.97889,3,,"Suzhou is the 'Venice of the East,' with canals and UNESCO-listed classical gardens, and has been a silk center for centuries.",https://thumb.wikimedia.org/wikipedia/commons/thumb/b/b4/27427-Luoyang_%2849067744628%29.jpg/500px-27427-Luoyang_%2849067744628%29.jpg?utm_source=en.wikipedia.org&utm_campaign=api&utm_content=thumbnail
luan-cn,Lu’an,"Lu’an, China 🇨🇳",China,31.73561,116.51688,7,,"Lu'an is an Anhui city famous for Lu'an Guapian, a premium green tea.",https://thumb.wikimedia.org/wikipedia/commons/thumb/6/6b/%E6%9D%AD%E5%B7%9E%E9%92%B1%E6%B1%9F%E6%96%B0%E5%9F%8E_4_%28cropped%29.jpg/500px-%E6%9D%AD%E5%B7%9E%E9%92%B1%E6%B1%9F%E6%96%B0%E5%9F%8E_4_%28cropped%29.jpg?utm_source=en.wikipedia.org&utm_campaign=api&utm_content=thumbnail
ludhiana-in,Ludhiana,"Ludhiana, India 🇮🇳",India,30.91204,75.85379,5,,Ludhiana is Punjab's largest city and India's hosiery and bicycle-making capital.,https://thumb.wikimedia.org/wikipedia/commons/thumb/e/ea/Golden_Temple_Amritsar_Gurudwara_%28cropped%29.jpg/500px-Golden_Temple_Amritsar_Gurudwara_%28cropped%29.jpg?utm_source=en.wikipedia.org&utm_campaign=api&utm_content=thumbnail
yancheng-cn,Yancheng,"Yancheng, China 🇨🇳",China,33.3575,120.1573,6,,Yancheng is a coastal Jiangsu city whose wetlands are a key reserve for wild Père David's deer and red-crowned cranes.,https://thumb.wikimedia.org/wikipedia/commons/thumb/4/4c/Huangpu_Park_20124-Shanghai_%2832208802494%29.jpg/500px-Huangpu_Park_20124-Shanghai_%2832208802494%29.jpg
erbil-iq,Erbil,"Erbil, Iraq 🇮🇶",Iraq,36.19117,44.00943,3,,"Erbil is the capital of Iraqi Kurdistan, built around a citadel mound that has been inhabited for thousands of years.",https://thumb.wikimedia.org/wikipedia/commons/thumb/1/1a/2018_Ford_Transit_Custom_300_Base_2.0_facelift.jpg/500px-2018_Ford_Transit_Custom_300_Base_2.0_facelift.jpg?utm_source=en.wikipedia.org&utm_campaign=api&utm_content=thumbnail
fukuoka-jp,Fukuoka,"Fukuoka, Japan 🇯🇵",Japan,33.6,130.41667,4,,"Fukuoka is Kyushu's biggest city, famous for tonkotsu ramen served at riverside yatai food stalls.",https://thumb.wikimedia.org/wikipedia/commons/thumb/e/ef/Itsukushima_Shrine_Torii_Gate_%2813890465459%29.jpg/500px-Itsukushima_Shrine_Torii_Gate_%2813890465459%29.jpg?utm_source=en.wikipedia.org&utm_campaign=api&utm_content=thumbnail
taizhou-cn,Taizhou,"Taizhou, China 🇨🇳",China,32.49069,119.90812,7,,Taizhou is a coastal Zhejiang city known for the Buddhist Guoqing Temple on Mount Tiantai and a strong manufacturing base.,https://thumb.wikimedia.org/wikipedia/commons/thumb/4/4c/Huangpu_Park_20124-Shanghai_%2832208802494%29.jpg/500px-Huangpu_Park_20124-Shanghai_%2832208802494%29.jpg
daqing-cn,Daqing,"Daqing, China 🇨🇳",China,46.58333,125.0,6,,"Daqing grew up around China's largest oil field, discovered in 1959.",https://thumb.wikimedia.org/wikipedia/commons/thumb/6/62/Vladivostok._GUM_Department_Store_P8070703_2200.jpg/500px-Vladivostok._GUM_Department_Store_P8070703_2200.jpg?utm_source=en.wikipedia.org&utm_campaign=api&utm_content=thumbnail
wuhu-cn,Wuhu,"Wuhu, China 🇨🇳",China,31.35259,118.42947,6,,"Wuhu is an Anhui port on the Yangtze and home to Chery, one of China's biggest carmakers.",https://thumb.wikimedia.org/wikipedia/commons/thumb/6/6b/%E6%9D%AD%E5%B7%9E%E9%92%B1%E6%B1%9F%E6%96%B0%E5%9F%8E_4_%28cropped%29.jpg/500px-%E6%9D%AD%E5%B7%9E%E9%92%B1%E6%B1%9F%E6%96%B0%E5%9F%8E_4_%28cropped%29.jpg?utm_source=en.wikipedia.org&utm_campaign=api&utm_content=thumbnail
dazhou-cn,Dazhou,"Dazhou, China 🇨🇳",China,31.2106,107.46308,7,,Dazhou is a northeastern Sichuan city on the Zhou River and a hub for natural gas production.,https://thumb.wikimedia.org/wikipedia/commons/thumb/4/47/Zhangjiajie_National_Forest_Park.jpg/1280px-Zhangjiajie_National_Forest_Park.jpg
guilin-cn,Guilin,"Guilin, China 🇨🇳",China,25.28022,110.29639,4,,"Guilin is famous for its dramatic karst peaks along the Li River, the scenery printed on China's 20-yuan note.",https://thumb.wikimedia.org/wikipedia/commons/thumb/7/77/1_tianzishan_wulingyuan_zhangjiajie_2012.jpg/500px-1_tianzishan_wulingyuan_zhangjiajie_2012.jpg?utm_source=en.wikipedia.org&utm_campaign=api&utm_content=thumbnail
quetta-pk,Quetta,"Quetta, Pakistan 🇵🇰",Pakistan,30.18414,67.00141,4,,"Quetta is the capital of Balochistan, sitting in a high valley ringed by mountains and nicknamed the 'fruit garden of Pakistan'.",https://thumb.wikimedia.org/wikipedia/commons/thumb/1/1b/Aerial_view_of_a_section_of_Kandahar_in_2013.jpg/500px-Aerial_view_of_a_section_of_Kandahar_in_2013.jpg?utm_source=en.wikipedia.org&utm_campaign=api&utm_content=thumbnail
zhaoqing-cn,Zhaoqing,"Zhaoqing, China 🇨🇳",China,23.04893,112.46091,6,,Zhaoqing is a Guangdong city known for its Seven Star Crags and for Duan inkstones prized by calligraphers.,https://thumb.wikimedia.org/wikipedia/commons/thumb/b/b9/Victoria_Harbour_skyline%2C_Hong_Kong_%282008%29.jpg/1280px-Victoria_Harbour_skyline%2C_Hong_Kong_%282008%29.jpg
mianyang-cn,Mianyang,"Mianyang, China 🇨🇳",China,31.46784,104.68168,6,,Mianyang is a Sichuan city known as China's 'Science City' and the hometown of the poet Li Bai.,https://thumb.wikimedia.org/wikipedia/commons/thumb/4/4c/36275-Leshan_%2849067653383%29.jpg/500px-36275-Leshan_%2849067653383%29.jpg?utm_source=en.wikipedia.org&utm_campaign=api&utm_content=thumbnail
wanzhou-cn,Wanzhou,"Wanzhou, China 🇨🇳",China,30.76451,108.39586,7,,"Wanzhou is a district of Chongqing on the Yangtze, a major port in the Three Gorges reservoir area.",https://thumb.wikimedia.org/wikipedia/commons/thumb/4/47/Zhangjiajie_National_Forest_Park.jpg/1280px-Zhangjiajie_National_Forest_Park.jpg
astana-kz,Astana,"Astana, Kazakhstan 🇰🇿",Kazakhstan,51.1801,71.44598,4,,Astana became Kazakhstan's capital in 1997 and is known for futuristic architecture like the Bayterek Tower and the Khan Shatyr tent.,https://upload.wikimedia.org/wikipedia/commons/8/82/Meteorite_explosion_over_Chelyabinsk_on_February_15%2C_2013.gif?utm_source=en.wikipedia.org&utm_campaign=api&utm_content=thumbnail_unscaled
putian-cn,Putian,"Putian, China 🇨🇳",China,25.43944,119.01028,7,,"Putian is a Fujian city considered the home of the sea goddess Mazu, whose temple on Meizhou Island draws pilgrims.",https://thumb.wikimedia.org/wikipedia/commons/thumb/e/ea/Taipei_Skyline_2022.06.29.jpg/500px-Taipei_Skyline_2022.06.29.jpg?utm_source=en.wikipedia.org&utm_campaign=api&utm_content=thumbnail
kawasaki-jp,Kawasaki,"Kawasaki, Japan 🇯🇵",Japan,35.52056,139.71722,4,,"Kawasaki lies between Tokyo and Yokohama and hosts the Kanamara Matsuri, its quirky spring fertility festival.",https://thumb.wikimedia.org/wikipedia/commons/thumb/4/4a/Odaiba_close_up_-_2025_Jan_14_01-27PM.jpeg/500px-Odaiba_close_up_-_2025_Jan_14_01-27PM.jpeg?utm_source=en.wikipedia.org&utm_campaign=api&utm_content=thumbnail
kobe-jp,Kobe,"Kobe, Japan 🇯🇵",Japan,34.6913,135.183,4,,"Kobe is a port city between the mountains and the sea, famous worldwide for its marbled Kobe beef.",https://thumb.wikimedia.org/wikipedia/commons/thumb/c/ca/Osaka_Castle_03bs3200.jpg/500px-Osaka_Castle_03bs3200.jpg?utm_source=en.wikipedia.org&utm_campaign=api&utm_content=thumbnail
can-tho-vn,Cần Thơ,"Cần Thơ, Vietnam 🇻🇳",Vietnam,10.03711,105.78825,4,,"Cần Thơ is the largest city in the Mekong Delta, famous for the Cái Răng floating market.",https://thumb.wikimedia.org/wikipedia/commons/thumb/8/84/Phnom_Penh_skyline_from_TK_district_Dec_2024.jpg/500px-Phnom_Penh_skyline_from_TK_district_Dec_2024.jpg?utm_source=en.wikipedia.org&utm_campaign=api&utm_content=thumbnail
khulna-bd,Khulna,"Khulna, Bangladesh 🇧🇩",Bangladesh,22.80979,89.56439,4,,Khulna is Bangladesh's third-largest city and the main gateway to the Sundarbans mangrove forest.,https://thumb.wikimedia.org/wikipedia/commons/thumb/d/d7/Kolkata_maidan.jpg/500px-Kolkata_maidan.jpg?utm_source=en.wikipedia.org&utm_campaign=api&utm_content=thumbnail
nashik-in,Nashik,"Nashik, India 🇮🇳",India,19.99727,73.79096,4,Wine Country,Nashik is a holy city on the Godavari that hosts the Kumbh Mela and is the heart of India's wine country.,https://thumb.wikimedia.org/wikipedia/commons/thumb/2/2b/Mumbai_Bandra-Worli_Sea_Link.jpg/500px-Mumbai_Bandra-Worli_Sea_Link.jpg
yiwu-cn,Yiwu,"Yiwu, China 🇨🇳",China,29.31506,120.07676,6,,"Yiwu hosts the world's largest small-commodity wholesale market, where vast halls sell everything from toys to Christmas decorations.",https://thumb.wikimedia.org/wikipedia/commons/thumb/6/6b/%E6%9D%AD%E5%B7%9E%E9%92%B1%E6%B1%9F%E6%96%B0%E5%9F%8E_4_%28cropped%29.jpg/500px-%E6%9D%AD%E5%B7%9E%E9%92%B1%E6%B1%9F%E6%96%B0%E5%9F%8E_4_%28cropped%29.jpg?utm_source=en.wikipedia.org&utm_campaign=api&utm_content=thumbnail
makassar-id,Makassar,"Makassar, Indonesia 🇮🇩",Indonesia,-5.14861,119.43194,4,,"Makassar is the main city of Sulawesi and was a key spice-trade port, known for Fort Rotterdam and the Losari Beach waterfront.",https://thumb.wikimedia.org/wikipedia/commons/thumb/e/e3/Komodo_Island_north_aerial.jpg/500px-Komodo_Island_north_aerial.jpg?utm_source=en.wikipedia.org&utm_campaign=api&utm_content=thumbnail
quanzhou-cn,Quanzhou,"Quanzhou, China 🇨🇳",China,24.91389,118.58583,6,,Quanzhou was one of the world's busiest ports in the Song and Yuan eras and is the Zayton described by Marco Polo.,https://thumb.wikimedia.org/wikipedia/commons/thumb/e/ea/Taipei_Skyline_2022.06.29.jpg/500px-Taipei_Skyline_2022.06.29.jpg?utm_source=en.wikipedia.org&utm_campaign=api&utm_content=thumbnail
madurai-in,Madurai,"Madurai, India 🇮🇳",India,9.919,78.11953,4,,"Madurai is one of India's oldest cities, built around the Meenakshi Temple with its towering, colorfully carved gopurams.",https://thumb.wikimedia.org/wikipedia/commons/thumb/e/ea/Adams_Bridge_aerial.jpg/500px-Adams_Bridge_aerial.jpg?utm_source=en.wikipedia.org&utm_campaign=api&utm_content=thumbnail
cixi-cn,Cixi,"Cixi, China 🇨🇳",China,30.1764,121.2457,7,,Cixi is a Zhejiang county-level city near Ningbo known for making household appliances.,https://thumb.wikimedia.org/wikipedia/commons/thumb/6/6b/%E6%9D%AD%E5%B7%9E%E9%92%B1%E6%B1%9F%E6%96%B0%E5%9F%8E_4_%28cropped%29.jpg/500px-%E6%9D%AD%E5%B7%9E%E9%92%B1%E6%B1%9F%E6%96%B0%E5%9F%8E_4_%28cropped%29.jpg?utm_source=en.wikipedia.org&utm_campaign=api&utm_content=thumbnail
changde-cn,Changde,"Changde, China 🇨🇳",China,29.03205,111.69844,4,,"Changde is a Hunan city on the Yuan River, known for its long poetry wall along the river embankment.",https://thumb.wikimedia.org/wikipedia/commons/thumb/7/77/1_tianzishan_wulingyuan_zhangjiajie_2012.jpg/500px-1_tianzishan_wulingyuan_zhangjiajie_2012.jpg?utm_source=en.wikipedia.org&utm_campaign=api&utm_content=thumbnail
kaifeng-cn,Kaifeng,"Kaifeng, China 🇨🇳",China,34.7986,114.30742,4,,"Kaifeng was the capital of the Northern Song dynasty, when it was among the largest cities in the world.",https://thumb.wikimedia.org/wikipedia/commons/thumb/b/b4/27427-Luoyang_%2849067744628%29.jpg/500px-27427-Luoyang_%2849067744628%29.jpg?utm_source=en.wikipedia.org&utm_campaign=api&utm_content=thumbnail
karaj-ir,Karaj,"Karaj, Iran 🇮🇷",Iran,35.83266,50.99155,4,,"Karaj is a fast-growing city just west of Tehran, at the foot of the Alborz Mountains.",https://thumb.wikimedia.org/wikipedia/commons/thumb/a/ae/North_of_Tehran_Skyline_view.jpg/500px-North_of_Tehran_Skyline_view.jpg?utm_source=en.wikipedia.org&utm_campaign=api&utm_content=thumbnail
daejeon-kr,Daejeon,"Daejeon, South Korea 🇰🇷",South Korea,36.34913,127.38493,4,,"Daejeon is South Korea's science city, home to the Daedeok research hub and the 1993 Expo site.",https://thumb.wikimedia.org/wikipedia/commons/thumb/3/30/%EC%A4%91%ED%99%94%EC%A0%84%EC%9D%98_%EB%82%AE.jpg/500px-%EC%A4%91%ED%99%94%EC%A0%84%EC%9D%98_%EB%82%AE.jpg
baoji-cn,Baoji,"Baoji, China 🇨🇳",China,34.36775,107.23705,6,,"Baoji is a Shaanxi city where many ancient Zhou-dynasty bronzes were found, and it sits near the sacred Famen Temple.",https://thumb.wikimedia.org/wikipedia/commons/thumb/3/32/City_wall_of_Xi%27an_51550-Xian_%2827959363326%29.jpg/500px-City_wall_of_Xi%27an_51550-Xian_%2827959363326%29.jpg?utm_source=en.wikipedia.org&utm_campaign=api&utm_content=thumbnail
suqian-cn,Suqian,"Suqian, China 🇨🇳",China,33.94917,118.29583,7,,"Suqian is a northern Jiangsu city regarded as the hometown of Xiang Yu, the warlord who fought for China after the Qin dynasty.",https://thumb.wikimedia.org/wikipedia/commons/thumb/4/4c/Huangpu_Park_20124-Shanghai_%2832208802494%29.jpg/500px-Huangpu_Park_20124-Shanghai_%2832208802494%29.jpg
liuzhou-cn,Liuzhou,"Liuzhou, China 🇨🇳",China,24.32405,109.40698,6,,"Liuzhou is a Guangxi industrial city famous for luosifen, its pungent river-snail rice noodles.",https://thumb.wikimedia.org/wikipedia/commons/thumb/7/79/Ha_Long_Bay_in_2019.jpg/500px-Ha_Long_Bay_in_2019.jpg?utm_source=en.wikipedia.org&utm_campaign=api&utm_content=thumbnail
tirunelveli-in,Tirunelveli,"Tirunelveli, India 🇮🇳",India,8.72742,77.6838,6,,"Tirunelveli is a Tamil Nadu city on the Thamirabarani River, known for its sticky wheat halwa.",https://thumb.wikimedia.org/wikipedia/commons/thumb/5/5b/Vivekananda_Rock_Memorial%2C_Kanyakumari.jpg/500px-Vivekananda_Rock_Memorial%2C_Kanyakumari.jpg?utm_source=en.wikipedia.org&utm_campaign=api&utm_content=thumbnail
zhangjiagang-cn,Zhangjiagang,"Zhangjiagang, China 🇨🇳",China,31.865,120.53889,7,,Zhangjiagang is a Jiangsu port city on the south bank of the Yangtze known for its steel industry.,https://thumb.wikimedia.org/wikipedia/commons/thumb/4/4c/Huangpu_Park_20124-Shanghai_%2832208802494%29.jpg/500px-Huangpu_Park_20124-Shanghai_%2832208802494%29.jpg
agra-in,Agra,"Agra, India 🇮🇳",India,27.18333,78.01667,2,,"Agra is home to the Taj Mahal, built by Mughal emperor Shah Jahan as a tomb for his wife Mumtaz Mahal.",https://thumb.wikimedia.org/wikipedia/commons/thumb/1/1d/Taj_Mahal_%28Edited%29.jpeg/500px-Taj_Mahal_%28Edited%29.jpeg
south-tangerang-id,South Tangerang,"South Tangerang, Indonesia 🇮🇩",Indonesia,-6.28862,106.71789,6,,"South Tangerang is a suburban city southwest of Jakarta, filled with planned townships such as BSD City.",https://thumb.wikimedia.org/wikipedia/commons/thumb/9/9b/Bundaran_Hotel_Indonesia_%282025%29_%28cropped%29.jpg/500px-Bundaran_Hotel_Indonesia_%282025%29_%28cropped%29.jpg
tabriz-ir,Tabriz,"Tabriz, Iran 🇮🇷",Iran,38.08,46.2919,4,Silk Road,Tabriz has one of the oldest covered bazaars in the world and is a historic center of Persian carpet weaving.,https://commons.wikimedia.org/wiki/Special:Redirect/file/Tatev_Monastery%2C_Tatev%2C_Armenia.jpg
xinyang-cn,Xinyang,"Xinyang, China 🇨🇳",China,32.12278,114.06556,7,,Xinyang is a southern Henan city famous for Xinyang Maojian green tea.,https://thumb.wikimedia.org/wikipedia/commons/thumb/b/b4/27427-Luoyang_%2849067744628%29.jpg/500px-27427-Luoyang_%2849067744628%29.jpg?utm_source=en.wikipedia.org&utm_campaign=api&utm_content=thumbnail
jinjiang-cn,Jinjiang,"Jinjiang, China 🇨🇳",China,24.81978,118.57415,7,,"Jinjiang is a Fujian city where Anta, Xtep, and many other sportswear brands began.",https://thumb.wikimedia.org/wikipedia/commons/thumb/e/ea/Taipei_Skyline_2022.06.29.jpg/500px-Taipei_Skyline_2022.06.29.jpg?utm_source=en.wikipedia.org&utm_campaign=api&utm_content=thumbnail
faridabad-in,Faridabad,"Faridabad, India 🇮🇳",India,28.41124,77.31316,4,,"Faridabad is an industrial city in Haryana on Delhi's southern edge, founded in 1607 by Sheikh Farid.",https://thumb.wikimedia.org/wikipedia/commons/thumb/9/97/Birla_HouseGandhi_Smriti%2C_New_Delhi.jpg/500px-Birla_HouseGandhi_Smriti%2C_New_Delhi.jpg?utm_source=en.wikipedia.org&utm_campaign=api&utm_content=thumbnail
bozhou-cn,Bozhou,"Bozhou, China 🇨🇳",China,33.87722,115.77028,7,,Bozhou is home to one of China's largest traditional medicine markets and is the hometown of the warlord Cao Cao.,https://thumb.wikimedia.org/wikipedia/commons/thumb/b/b4/27427-Luoyang_%2849067744628%29.jpg/500px-27427-Luoyang_%2849067744628%29.jpg?utm_source=en.wikipedia.org&utm_campaign=api&utm_content=thumbnail
qujing-cn,Qujing,"Qujing, China 🇨🇳",China,25.48333,103.78333,7,,Qujing is an eastern Yunnan city regarded as the source of the Pearl River.,https://thumb.wikimedia.org/wikipedia/commons/thumb/4/4c/36275-Leshan_%2849067653383%29.jpg/500px-36275-Leshan_%2849067653383%29.jpg?utm_source=en.wikipedia.org&utm_campaign=api&utm_content=thumbnail
zhanjiang-cn,Zhanjiang,"Zhanjiang, China 🇨🇳",China,21.23391,110.38749,6,,"Zhanjiang is a port on the Leizhou Peninsula at China's southern tip, known for its seafood and oyster dishes.",https://thumb.wikimedia.org/wikipedia/commons/thumb/7/79/Ha_Long_Bay_in_2019.jpg/500px-Ha_Long_Bay_in_2019.jpg?utm_source=en.wikipedia.org&utm_campaign=api&utm_content=thumbnail
fushun-cn,Fushun,"Fushun, China 🇨🇳",China,41.88669,123.94363,6,,Fushun is a Liaoning coal city with one of the world's largest open-pit coal mines.,https://thumb.wikimedia.org/wikipedia/commons/thumb/e/e7/The_Arch_of_Triumph_%2811360607534%29.jpg/500px-The_Arch_of_Triumph_%2811360607534%29.jpg
rajkot-in,Rājkot,"Rājkot, India 🇮🇳",India,22.29161,70.79322,6,,Rajkot is a Gujarat city where Mahatma Gandhi spent his childhood and went to school.,https://thumb.wikimedia.org/wikipedia/commons/thumb/3/30/The_drainage_system_at_Lothal_2.JPG/500px-The_drainage_system_at_Lothal_2.JPG?utm_source=en.wikipedia.org&utm_campaign=api&utm_content=thumbnail
luoyang-cn,Luoyang,"Luoyang, China 🇨🇳",China,34.67345,112.43684,4,,"Luoyang served as capital for over a dozen Chinese dynasties and is near the Longmen Grottoes, packed with Buddhist carvings.",https://thumb.wikimedia.org/wikipedia/commons/thumb/b/b4/27427-Luoyang_%2849067744628%29.jpg/500px-27427-Luoyang_%2849067744628%29.jpg?utm_source=en.wikipedia.org&utm_campaign=api&utm_content=thumbnail
guankou-cn,Guankou,"Guankou, China 🇨🇳",China,28.15861,113.62709,9,,"Guankou is a small town in China's hill country, at the foot of local mountain ranges.",https://thumb.wikimedia.org/wikipedia/commons/thumb/7/77/1_tianzishan_wulingyuan_zhangjiajie_2012.jpg/500px-1_tianzishan_wulingyuan_zhangjiajie_2012.jpg?utm_source=en.wikipedia.org&utm_campaign=api&utm_content=thumbnail
hue-vn,Huế,"Huế, Vietnam 🇻🇳",Vietnam,16.4619,107.59546,4,,"Huế was the imperial capital of Vietnam's Nguyễn dynasty, and its walled citadel lies along the Perfume River.",https://commons.wikimedia.org/wiki/Special:Redirect/file/Old_Town_Hoi_An_003.JPG
najafgarh-in,Najafgarh,"Najafgarh, India 🇮🇳",India,28.60922,76.97982,7,,"Najafgarh is a large town in southwest Delhi, built around an old grain market and the Najafgarh drain.",https://thumb.wikimedia.org/wikipedia/commons/thumb/4/40/Jama_Masjid_2011.jpg/500px-Jama_Masjid_2011.jpg
lianjiang-cn,Lianjiang,"Lianjiang, China 🇨🇳",China,21.64673,110.28172,8,,Lianjiang is a Guangdong county-level city known for its orange and longan orchards.,https://thumb.wikimedia.org/wikipedia/commons/thumb/7/79/Ha_Long_Bay_in_2019.jpg/500px-Ha_Long_Bay_in_2019.jpg?utm_source=en.wikipedia.org&utm_campaign=api&utm_content=thumbnail
handan-cn,Handan,"Handan, China 🇨🇳",China,36.60999,114.48764,6,,"Handan is a Hebei city that has kept its name for nearly 3,000 years, the former capital of the Warring States kingdom of Zhao.",https://thumb.wikimedia.org/wikipedia/commons/thumb/1/1f/Pingyao_Shilou_2013.08.25_07-01-33.jpg/500px-Pingyao_Shilou_2013.08.25_07-01-33.jpg?utm_source=en.wikipedia.org&utm_campaign=api&utm_content=thumbnail
bannu-pk,Bannu,"Bannu, Pakistan 🇵🇰",Pakistan,32.98527,70.60403,7,,"Bannu is an old walled frontier city in Khyber Pakhtunkhwa, set in a fertile basin irrigated by the Kurram River.",https://thumb.wikimedia.org/wikipedia/commons/thumb/c/c8/Badshahi_Mosque_front_picture.jpg/500px-Badshahi_Mosque_front_picture.jpg?utm_source=en.wikipedia.org&utm_campaign=api&utm_content=thumbnail
yichang-cn,Yichang,"Yichang, China 🇨🇳",China,30.71444,111.28472,6,Great Rivers,"Yichang is a Hubei city on the Yangtze next to the Three Gorges Dam, the world's largest hydroelectric power station.",https://thumb.wikimedia.org/wikipedia/commons/thumb/4/47/Zhangjiajie_National_Forest_Park.jpg/1280px-Zhangjiajie_National_Forest_Park.jpg
heze-cn,Heze,"Heze, China 🇨🇳",China,35.23929,115.47358,7,,"Heze is a Shandong city known as China's 'peony capital', with vast peony gardens that bloom every April.",https://thumb.wikimedia.org/wikipedia/commons/thumb/b/b4/27427-Luoyang_%2849067744628%29.jpg/500px-27427-Luoyang_%2849067744628%29.jpg?utm_source=en.wikipedia.org&utm_campaign=api&utm_content=thumbnail
jamshedpur-in,Jamshedpur,"Jamshedpur, India 🇮🇳",India,22.80278,86.18545,4,,"Jamshedpur was founded as a company town by Tata Steel and is named after the company's founder, Jamsetji Tata.",https://thumb.wikimedia.org/wikipedia/commons/thumb/d/d7/Kolkata_maidan.jpg/500px-Kolkata_maidan.jpg?utm_source=en.wikipedia.org&utm_campaign=api&utm_content=thumbnail
basrah-iq,Basrah,"Basrah, Iraq 🇮🇶",Iraq,30.50852,47.7804,4,,"Basra is Iraq's main port, on the Shatt al-Arab, and is traditionally the home port of Sinbad the Sailor.",https://thumb.wikimedia.org/wikipedia/commons/thumb/0/0c/Naghshe_jahan_01.jpg/500px-Naghshe_jahan_01.jpg?utm_source=en.wikipedia.org&utm_campaign=api&utm_content=thumbnail
saitama-jp,Saitama,"Saitama, Japan 🇯🇵",Japan,35.90807,139.65657,4,,Saitama is a city north of Tokyo known for its bonsai village and for hosting the World Cup semifinal at Saitama Stadium in 2002.,https://thumb.wikimedia.org/wikipedia/commons/thumb/4/43/Sensoji_2023.jpg/500px-Sensoji_2023.jpg?utm_source=en.wikipedia.org&utm_campaign=api&utm_content=thumbnail
liupanshui-cn,Liupanshui,"Liupanshui, China 🇨🇳",China,26.59444,104.83333,7,,Liupanshui is a Guizhou mountain city nicknamed 'China's Cool City' for its mild summers.,https://thumb.wikimedia.org/wikipedia/commons/thumb/4/4c/36275-Leshan_%2849067653383%29.jpg/500px-36275-Leshan_%2849067653383%29.jpg?utm_source=en.wikipedia.org&utm_campaign=api&utm_content=thumbnail
taguig-ph,Taguig,"Taguig, Philippines 🇵🇭",Philippines,14.5243,121.0792,4,,"Taguig is a Metro Manila city that includes Bonifacio Global City, a business district built on a former army base.",https://thumb.wikimedia.org/wikipedia/commons/thumb/f/f7/Cityscape_of_Manila%2C_2025_%2801%29.jpg/500px-Cityscape_of_Manila%2C_2025_%2801%29.jpg?utm_source=en.wikipedia.org&utm_campaign=api&utm_content=thumbnail
maoming-cn,Maoming,"Maoming, China 🇨🇳",China,21.66625,110.91364,7,,Maoming is a Guangdong city with a large petrochemical industry and is famous for its lychees.,https://thumb.wikimedia.org/wikipedia/commons/thumb/b/b9/Victoria_Harbour_skyline%2C_Hong_Kong_%282008%29.jpg/1280px-Victoria_Harbour_skyline%2C_Hong_Kong_%282008%29.jpg
batam-id,Batam,"Batam, Indonesia 🇮🇩",Indonesia,1.14937,104.02491,4,,Batam is an Indonesian island city just across the strait from Singapore and is a major manufacturing hub.,https://thumb.wikimedia.org/wikipedia/commons/thumb/2/2e/Singapore_Skyline_2019-10.jpg/500px-Singapore_Skyline_2019-10.jpg?utm_source=en.wikipedia.org&utm_campaign=api&utm_content=thumbnail
qinzhou-cn,Qinzhou,"Qinzhou, China 🇨🇳",China,21.98247,108.65061,7,,"Qinzhou is a Guangxi port on the Gulf of Tonkin, known for its Nixing pottery and white dolphins in nearby Sanniang Bay.",https://thumb.wikimedia.org/wikipedia/commons/thumb/7/79/Ha_Long_Bay_in_2019.jpg/500px-Ha_Long_Bay_in_2019.jpg?utm_source=en.wikipedia.org&utm_campaign=api&utm_content=thumbnail
luohe-cn,Luohe,"Luohe, China 🇨🇳",China,33.57424,114.03261,7,,"Luohe is a Henan city that is a major food-processing center, home to the Shuanghui meat company.",https://thumb.wikimedia.org/wikipedia/commons/thumb/b/b4/27427-Luoyang_%2849067744628%29.jpg/500px-27427-Luoyang_%2849067744628%29.jpg?utm_source=en.wikipedia.org&utm_campaign=api&utm_content=thumbnail
xiangyang-cn,Xiangyang,"Xiangyang, China 🇨🇳",China,32.0422,112.14479,6,,Xiangyang is a Hubei city with an ancient moat and walls that has been a strategic military stronghold for centuries.,https://thumb.wikimedia.org/wikipedia/commons/thumb/b/b4/27427-Luoyang_%2849067744628%29.jpg/500px-27427-Luoyang_%2849067744628%29.jpg?utm_source=en.wikipedia.org&utm_campaign=api&utm_content=thumbnail
yangjiang-cn,Yangjiang,"Yangjiang, China 🇨🇳",China,21.85563,111.96272,7,,Yangjiang is a Guangdong city famous for knife making and for Hailing Island's beaches.,https://thumb.wikimedia.org/wikipedia/commons/thumb/b/b9/Victoria_Harbour_skyline%2C_Hong_Kong_%282008%29.jpg/1280px-Victoria_Harbour_skyline%2C_Hong_Kong_%282008%29.jpg
yixing-cn,Yixing,"Yixing, China 🇨🇳",China,31.36059,119.82016,6,,"Yixing is famous for its unglazed purple-clay teapots, prized by tea lovers for centuries.",https://thumb.wikimedia.org/wikipedia/commons/thumb/6/6b/%E6%9D%AD%E5%B7%9E%E9%92%B1%E6%B1%9F%E6%96%B0%E5%9F%8E_4_%28cropped%29.jpg/500px-%E6%9D%AD%E5%B7%9E%E9%92%B1%E6%B1%9F%E6%96%B0%E5%9F%8E_4_%28cropped%29.jpg?utm_source=en.wikipedia.org&utm_campaign=api&utm_content=thumbnail
da-nang-vn,Da Nang,"Da Nang, Vietnam 🇻🇳",Vietnam,16.06778,108.22083,4,,Đà Nẵng is a beach city in central Vietnam famous for the Dragon Bridge and the nearby Marble Mountains.,https://commons.wikimedia.org/wiki/Special:Redirect/file/Old_Town_Hoi_An_003.JPG
budta-ph,Budta,"Budta, Philippines 🇵🇭",Philippines,7.20417,124.43972,8,,Budta is a settlement in the marshy interior of Mindanao in the southern Philippines.,https://thumb.wikimedia.org/wikipedia/commons/thumb/a/af/Chocolate_Hills_Bohol.JPG/500px-Chocolate_Hills_Bohol.JPG?utm_source=en.wikipedia.org&utm_campaign=api&utm_content=thumbnail
bien-hoa-vn,Biên Hòa,"Biên Hòa, Vietnam 🇻🇳",Vietnam,10.94469,106.82432,6,,Biên Hòa is an industrial city just northeast of Ho Chi Minh City on the Đồng Nai River.,https://thumb.wikimedia.org/wikipedia/commons/thumb/8/84/Phnom_Penh_skyline_from_TK_district_Dec_2024.jpg/500px-Phnom_Penh_skyline_from_TK_district_Dec_2024.jpg?utm_source=en.wikipedia.org&utm_campaign=api&utm_content=thumbnail
qingpu-cn,Qingpu,"Qingpu, China 🇨🇳",China,31.15394,121.11408,6,,Qingpu is a Shanghai district that includes the canal town of Zhujiajiao and the huge National Exhibition and Convention Center.,https://thumb.wikimedia.org/wikipedia/commons/thumb/4/4c/Huangpu_Park_20124-Shanghai_%2832208802494%29.jpg/500px-Huangpu_Park_20124-Shanghai_%2832208802494%29.jpg
xuchang-cn,Xuchang,"Xuchang, China 🇨🇳",China,34.03189,113.86299,7,,Xuchang is a Henan city that was briefly the Han dynasty capital under Cao Cao and is now the world's largest hub for wigs and hair products.,https://thumb.wikimedia.org/wikipedia/commons/thumb/b/b4/27427-Luoyang_%2849067744628%29.jpg/500px-27427-Luoyang_%2849067744628%29.jpg?utm_source=en.wikipedia.org&utm_campaign=api&utm_content=thumbnail
kalyan-in,Kalyān,"Kalyān, India 🇮🇳",India,19.2437,73.13554,6,,"Kalyan is an old port town near Mumbai, a key junction on Mumbai's suburban rail network.",https://thumb.wikimedia.org/wikipedia/commons/thumb/2/2b/Mumbai_Bandra-Worli_Sea_Link.jpg/500px-Mumbai_Bandra-Worli_Sea_Link.jpg
zigong-cn,Zigong,"Zigong, China 🇨🇳",China,29.34162,104.77689,6,,"Zigong is a Sichuan city famous for its 2,000-year-old salt wells, dinosaur fossils, and lantern festival.",https://thumb.wikimedia.org/wikipedia/commons/thumb/4/4c/36275-Leshan_%2849067653383%29.jpg/500px-36275-Leshan_%2849067653383%29.jpg?utm_source=en.wikipedia.org&utm_campaign=api&utm_content=thumbnail
jepara-id,Jepara,"Jepara, Indonesia 🇮🇩",Indonesia,-6.5924,110.671,7,,Jepara is a Central Java town renowned for its carved teak furniture and as the birthplace of national heroine Kartini.,https://thumb.wikimedia.org/wikipedia/commons/thumb/2/25/Pradaksina.jpg/500px-Pradaksina.jpg?utm_source=en.wikipedia.org&utm_campaign=api&utm_content=thumbnail
xuzhou-cn,Xuzhou,"Xuzhou, China 🇨🇳",China,34.20442,117.28386,4,,Xuzhou is a Jiangsu city that holds the Han-dynasty terracotta warriors and tombs of Han princes.,https://thumb.wikimedia.org/wikipedia/commons/thumb/b/b4/27427-Luoyang_%2849067744628%29.jpg/500px-27427-Luoyang_%2849067744628%29.jpg?utm_source=en.wikipedia.org&utm_campaign=api&utm_content=thumbnail
dammam-sa,Dammam,"Dammam, Saudi Arabia 🇸🇦",Saudi Arabia,26.43442,50.10326,4,,"Dammam is the capital of Saudi Arabia's Eastern Province, close to where oil was first discovered in the kingdom in 1938.",https://thumb.wikimedia.org/wikipedia/commons/thumb/2/26/The_Pearl_Marina_in_Nov_2013.jpg/500px-The_Pearl_Marina_in_Nov_2013.jpg?utm_source=en.wikipedia.org&utm_campaign=api&utm_content=thumbnail
neijiang-cn,Neijiang,"Neijiang, China 🇨🇳",China,29.58354,105.06216,7,,Neijiang is a Sichuan city known as the 'Sweet City' for its sugarcane industry.,https://thumb.wikimedia.org/wikipedia/commons/thumb/4/4c/36275-Leshan_%2849067653383%29.jpg/500px-36275-Leshan_%2849067653383%29.jpg?utm_source=en.wikipedia.org&utm_campaign=api&utm_content=thumbnail
maracaibo-ve,Maracaibo,"Maracaibo, Venezuela 🇻🇪",Venezuela,10.64232,-71.61089,5,,"Maracaibo is Venezuela's oil capital on the shore of Lake Maracaibo, famous for the near-constant Catatumbo lightning storms nearby.",https://thumb.wikimedia.org/wikipedia/commons/thumb/3/39/CIUDAD_PERDIDA_2.jpg/500px-CIUDAD_PERDIDA_2.jpg?utm_source=en.wikipedia.org&utm_campaign=api&utm_content=thumbnail
goiania-br,Goiânia,"Goiânia, Brazil 🇧🇷",Brazil,-16.67861,-49.25389,5,,Goiânia is a planned Art Deco city in central Brazil and a heartland of sertanejo country music.,https://thumb.wikimedia.org/wikipedia/commons/thumb/f/f6/Brasilia_National_Congress.JPG/1280px-Brasilia_National_Congress.JPG
belem-br,Belém,"Belém, Brazil 🇧🇷",Brazil,-1.45583,-48.50444,5,Great Rivers,Belém is the gateway to the Amazon River mouth and is famous for the Ver-o-Peso market and açaí.,https://thumb.wikimedia.org/wikipedia/commons/thumb/a/a7/Len%C3%A7%C3%B3is_Maranhenses_2018.jpg/500px-Len%C3%A7%C3%B3is_Maranhenses_2018.jpg?utm_source=en.wikipedia.org&utm_campaign=api&utm_content=thumbnail
porto-alegre-br,Porto Alegre,"Porto Alegre, Brazil 🇧🇷",Brazil,-30.03283,-51.23019,5,,"Porto Alegre is the capital of Brazil's gaúcho south, famous for churrasco barbecue and chimarrão mate tea.",https://commons.wikimedia.org/wiki/Special:Redirect/file/San_Ignacio_Min%C3%AD.jpg
asuncion-py,Asunción,"Asunción, Paraguay 🇵🇾",Paraguay,-25.28646,-57.647,3,,"Asunción is one of South America's oldest cities, founded in 1537 on the Paraguay River.",https://commons.wikimedia.org/wiki/Special:Redirect/file/San_Ignacio_Min%C3%AD.jpg
guarulhos-br,Guarulhos,"Guarulhos, Brazil 🇧🇷",Brazil,-23.46278,-46.53333,5,,Guarulhos is a city in greater São Paulo that holds Brazil's busiest international airport.,https://thumb.wikimedia.org/wikipedia/commons/thumb/b/be/Paraty_05.JPG/500px-Paraty_05.JPG?utm_source=en.wikipedia.org&utm_campaign=api&utm_content=thumbnail
barquisimeto-ve,Barquisimeto,"Barquisimeto, Venezuela 🇻🇪",Venezuela,10.0647,-69.35703,5,,Barquisimeto is called Venezuela's 'Musical Capital' and holds a huge procession for the Divina Pastora every January.,https://thumb.wikimedia.org/wikipedia/commons/thumb/3/39/CIUDAD_PERDIDA_2.jpg/500px-CIUDAD_PERDIDA_2.jpg?utm_source=en.wikipedia.org&utm_campaign=api&utm_content=thumbnail
port-au-prince-ht,Port-au-Prince,"Port-au-Prince, Haiti 🇭🇹",Haiti,18.54349,-72.33881,3,Caribbean,"Port-au-Prince is Haiti's capital, set on a bay at the foot of steep mountains and known for its Iron Market.",https://commons.wikimedia.org/wiki/Special:Redirect/file/Citadelle_Laferri%C3%A8re.jpg
barranquilla-co,Barranquilla,"Barranquilla, Colombia 🇨🇴",Colombia,10.96854,-74.78132,5,,Barranquilla hosts one of the world's largest carnivals and is the hometown of Shakira.,https://thumb.wikimedia.org/wikipedia/commons/thumb/b/bc/Las_Cabezas_de_San_Juan_PR_Fajardo_IMG_2385_Laguna_Grande.JPG/500px-Las_Cabezas_de_San_Juan_PR_Fajardo_IMG_2385_Laguna_Grande.JPG?utm_source=en.wikipedia.org&utm_campaign=api&utm_content=thumbnail
santiago-de-los-caballeros-do,Santiago de los Caballeros,"Santiago de los Caballeros, Dominican Republic 🇩🇴",Dominican Republic,19.45036,-70.69085,5,,"Santiago de los Caballeros is the Dominican Republic's second city, the heart of its cigar industry and merengue típico music.",https://commons.wikimedia.org/wiki/Special:Redirect/file/Citadelle_Laferri%C3%A8re.jpg
trujillo-pe,Trujillo,"Trujillo, Peru 🇵🇪",Peru,-8.11599,-79.02998,5,,"Trujillo is near Chan Chan, the largest adobe city in the Americas, and is the home of Peru's marinera dance.",https://thumb.wikimedia.org/wikipedia/commons/thumb/e/e0/Chan_chan_view1.jpg/500px-Chan_chan_view1.jpg?utm_source=en.wikipedia.org&utm_campaign=api&utm_content=thumbnail
maceio-br,Maceió,"Maceió, Brazil 🇧🇷",Brazil,-9.66583,-35.73528,5,Beaches,Maceió is a northeastern Brazilian beach city famous for its turquoise natural pools that form at low tide.,https://thumb.wikimedia.org/wikipedia/commons/thumb/8/82/Antonio_Vaz_island_-_Recife%2C_Pernambuco%2C_Brazil_%28cropped%29.jpg/500px-Antonio_Vaz_island_-_Recife%2C_Pernambuco%2C_Brazil_%28cropped%29.jpg?utm_source=en.wikipedia.org&utm_campaign=api&utm_content=thumbnail
campinas-br,Campinas,"Campinas, Brazil 🇧🇷",Brazil,-22.90556,-47.06083,5,,"Campinas is a São Paulo state tech and university hub, sometimes called Brazil's Silicon Valley.",https://thumb.wikimedia.org/wikipedia/commons/thumb/b/be/Paraty_05.JPG/500px-Paraty_05.JPG?utm_source=en.wikipedia.org&utm_campaign=api&utm_content=thumbnail
guatemala-city-gt,Guatemala City,"Guatemala City, Guatemala 🇬🇹",Guatemala,14.64072,-90.51327,3,,Guatemala City is Central America's largest city and sits in a highland valley ringed by volcanoes.,https://thumb.wikimedia.org/wikipedia/commons/thumb/7/75/Tikal_3.jpg/500px-Tikal_3.jpg?utm_source=en.wikipedia.org&utm_campaign=api&utm_content=thumbnail
ciudad-guayana-ve,Ciudad Guayana,"Ciudad Guayana, Venezuela 🇻🇪",Venezuela,8.35122,-62.64102,5,,Ciudad Guayana was planned in the 1960s where the Caroní River meets the Orinoco and is Venezuela's center for steel and aluminum.,https://upload.wikimedia.org/wikipedia/commons/e/e9/SaltoAngel1.jpg?utm_source=en.wikipedia.org&utm_campaign=api&utm_content=thumbnail_unscaled
managua-ni,Managua,"Managua, Nicaragua 🇳🇮",Nicaragua,12.13282,-86.2504,3,,"Managua is Nicaragua's capital on the shore of Lake Xolotlán, rebuilt after a devastating 1972 earthquake.",https://commons.wikimedia.org/wiki/Special:Redirect/file/Cape_Gracias_a_Dios.jpg
rosario-ar,Rosario,"Rosario, Argentina 🇦🇷",Argentina,-32.94682,-60.63932,5,,Rosario is the birthplace of Lionel Messi and Che Guevara and is home to Argentina's National Flag Memorial.,https://thumb.wikimedia.org/wikipedia/commons/thumb/1/1e/Puerto_Madero%2C_Buenos_Aires_%2840689219792%29_%28cropped%29.jpg/500px-Puerto_Madero%2C_Buenos_Aires_%2840689219792%29_%28cropped%29.jpg
sao-luis-br,São Luís,"São Luís, Brazil 🇧🇷",Brazil,-2.52972,-44.30278,5,,"São Luís is the only Brazilian state capital founded by the French, and its colonial center is covered in Portuguese azulejo tiles.",https://thumb.wikimedia.org/wikipedia/commons/thumb/a/a7/Len%C3%A7%C3%B3is_Maranhenses_2018.jpg/500px-Len%C3%A7%C3%B3is_Maranhenses_2018.jpg?utm_source=en.wikipedia.org&utm_campaign=api&utm_content=thumbnail
campo-grande-br,Campo Grande,"Campo Grande, Brazil 🇧🇷",Brazil,-20.44278,-54.64639,5,,Campo Grande is the capital of Mato Grosso do Sul and the gateway to the Pantanal wetlands.,https://thumb.wikimedia.org/wikipedia/commons/thumb/2/26/Porto_Jofre.JPG/500px-Porto_Jofre.JPG?utm_source=en.wikipedia.org&utm_campaign=api&utm_content=thumbnail
natal-br,Natal,"Natal, Brazil 🇧🇷",Brazil,-5.795,-35.20944,5,Beaches,Natal is a northeastern Brazilian beach city known for its huge sand dunes and the star-shaped Forte dos Reis Magos.,https://thumb.wikimedia.org/wikipedia/commons/thumb/8/82/Antonio_Vaz_island_-_Recife%2C_Pernambuco%2C_Brazil_%28cropped%29.jpg/500px-Antonio_Vaz_island_-_Recife%2C_Pernambuco%2C_Brazil_%28cropped%29.jpg?utm_source=en.wikipedia.org&utm_campaign=api&utm_content=thumbnail
teresina-br,Teresina,"Teresina, Brazil 🇧🇷",Brazil,-5.08917,-42.80194,5,,"Teresina is the only northeastern Brazilian state capital that isn't on the coast, and it is one of the hottest cities in Brazil.",https://thumb.wikimedia.org/wikipedia/commons/thumb/f/fc/Lagoa_Len%C3%A7%C3%B3is_Maranhenses.JPG/1280px-Lagoa_Len%C3%A7%C3%B3is_Maranhenses.JPG
duque-de-caxias-br,Duque de Caxias,"Duque de Caxias, Brazil 🇧🇷",Brazil,-22.78556,-43.31167,5,,Duque de Caxias is a Rio de Janeiro suburb that is home to one of Brazil's largest oil refineries.,https://thumb.wikimedia.org/wikipedia/commons/thumb/a/a4/Maracana_2022.jpg/500px-Maracana_2022.jpg?utm_source=en.wikipedia.org&utm_campaign=api&utm_content=thumbnail
tegucigalpa-hn,Tegucigalpa,"Tegucigalpa, Honduras 🇭🇳",Honduras,14.0818,-87.20681,5,,"Tegucigalpa is Honduras's mountain capital, and its airport is known for one of the world's trickiest landing approaches.",https://commons.wikimedia.org/wiki/Special:Redirect/file/Cape_Gracias_a_Dios.jpg
nova-iguacu-br,Nova Iguaçu,"Nova Iguaçu, Brazil 🇧🇷",Brazil,-22.75917,-43.45111,5,,"Nova Iguaçu is one of the largest cities in Rio's Baixada Fluminense, once known for its orange groves.",https://thumb.wikimedia.org/wikipedia/commons/thumb/a/a4/Maracana_2022.jpg/500px-Maracana_2022.jpg?utm_source=en.wikipedia.org&utm_campaign=api&utm_content=thumbnail
cochabamba-bo,Cochabamba,"Cochabamba, Bolivia 🇧🇴",Bolivia,-17.38195,-66.15995,5,,Cochabamba is a Bolivian valley city topped by a Cristo de la Concordia statue that is taller than Rio's Christ the Redeemer.,https://thumb.wikimedia.org/wikipedia/commons/thumb/6/66/Casa_de_la_Libertad_Sucre.jpg/1280px-Casa_de_la_Libertad_Sucre.jpg
sao-bernardo-do-campo-br,São Bernardo do Campo,"São Bernardo do Campo, Brazil 🇧🇷",Brazil,-23.69389,-46.565,5,,"São Bernardo do Campo is the cradle of Brazil's auto industry, where Lula rose to prominence as a union leader.",https://thumb.wikimedia.org/wikipedia/commons/thumb/b/be/Paraty_05.JPG/500px-Paraty_05.JPG?utm_source=en.wikipedia.org&utm_campaign=api&utm_content=thumbnail
joao-pessoa-br,João Pessoa,"João Pessoa, Brazil 🇧🇷",Brazil,-7.115,-34.86306,5,,"João Pessoa is a leafy Brazilian beach city near Ponta do Seixas, the easternmost point of the Americas.",https://thumb.wikimedia.org/wikipedia/commons/thumb/8/82/Antonio_Vaz_island_-_Recife%2C_Pernambuco%2C_Brazil_%28cropped%29.jpg/500px-Antonio_Vaz_island_-_Recife%2C_Pernambuco%2C_Brazil_%28cropped%29.jpg?utm_source=en.wikipedia.org&utm_campaign=api&utm_content=thumbnail
san-pedro-sula-hn,San Pedro Sula,"San Pedro Sula, Honduras 🇭🇳",Honduras,15.50585,-88.02588,5,,"San Pedro Sula is Honduras's industrial and business hub, with a large textile and garment industry.",https://thumb.wikimedia.org/wikipedia/commons/thumb/7/75/Tikal_3.jpg/500px-Tikal_3.jpg?utm_source=en.wikipedia.org&utm_campaign=api&utm_content=thumbnail
cucuta-co,Cúcuta,"Cúcuta, Colombia 🇨🇴",Colombia,7.90745,-72.5049,5,,Cúcuta is a Colombian border city next to Venezuela and the place where Colombia's 1821 constitution was drafted.,https://commons.wikimedia.org/wiki/Special:Redirect/file/Catedral_de_Sal_de_Zipaquira.jpg
sorocaba-br,Sorocaba,"Sorocaba, Brazil 🇧🇷",Brazil,-23.50167,-47.45806,5,,Sorocaba is an industrial city in São Paulo state that was a colonial hub of the mule trade.,https://thumb.wikimedia.org/wikipedia/commons/thumb/b/be/Paraty_05.JPG/500px-Paraty_05.JPG?utm_source=en.wikipedia.org&utm_campaign=api&utm_content=thumbnail
uberlandia-br,Uberlândia,"Uberlândia, Brazil 🇧🇷",Brazil,-18.91861,-48.27722,5,,"Uberlândia is an agribusiness and logistics hub in Minas Gerais, in the heart of Brazil's cerrado.",https://thumb.wikimedia.org/wikipedia/commons/thumb/f/f6/Brasilia_National_Congress.JPG/1280px-Brasilia_National_Congress.JPG
osasco-br,Osasco,"Osasco, Brazil 🇧🇷",Brazil,-23.5325,-46.79167,5,,"Osasco is a city west of São Paulo, home to the headquarters of Bradesco, one of Brazil's biggest banks.",https://thumb.wikimedia.org/wikipedia/commons/thumb/b/be/Paraty_05.JPG/500px-Paraty_05.JPG?utm_source=en.wikipedia.org&utm_campaign=api&utm_content=thumbnail
sao-jose-dos-campos-br,São José dos Campos,"São José dos Campos, Brazil 🇧🇷",Brazil,-23.17944,-45.88694,5,,São José dos Campos is the center of Brazil's aerospace industry and home to plane maker Embraer.,https://thumb.wikimedia.org/wikipedia/commons/thumb/b/be/Paraty_05.JPG/500px-Paraty_05.JPG?utm_source=en.wikipedia.org&utm_campaign=api&utm_content=thumbnail
santo-domingo-oeste-do,Santo Domingo Oeste,"Santo Domingo Oeste, Dominican Republic 🇩🇴",Dominican Republic,18.5,-70.0,5,,"Santo Domingo Oeste is a municipality on the western side of greater Santo Domingo, along the Haina River.",https://commons.wikimedia.org/wiki/Special:Redirect/file/Citadelle_Laferri%C3%A8re.jpg
santo-domingo-este-do,Santo Domingo Este,"Santo Domingo Este, Dominican Republic 🇩🇴",Dominican Republic,18.48511,-69.84757,5,,"Santo Domingo Este holds the Columbus Lighthouse, a huge cross-shaped monument said to contain Columbus's remains.",https://commons.wikimedia.org/wiki/Special:Redirect/file/Citadelle_Laferri%C3%A8re.jpg
ribeirao-preto-br,Ribeirão Preto,"Ribeirão Preto, Brazil 🇧🇷",Brazil,-21.1775,-47.81028,5,,"Ribeirão Preto is Brazil's sugarcane and ethanol capital, nicknamed the 'California of Brazil'.",https://thumb.wikimedia.org/wikipedia/commons/thumb/b/be/Paraty_05.JPG/500px-Paraty_05.JPG?utm_source=en.wikipedia.org&utm_campaign=api&utm_content=thumbnail
aracaju-br,Aracaju,"Aracaju, Brazil 🇧🇷",Brazil,-10.91111,-37.07167,5,,"Aracaju is the capital of Sergipe, Brazil's smallest state, and is known for its long Atalaia beachfront.",https://thumb.wikimedia.org/wikipedia/commons/thumb/2/24/Centro_Hist%C3%B3rico_Salvador_Vista_A%C3%A9rea_2021-0933.jpg/500px-Centro_Hist%C3%B3rico_Salvador_Vista_A%C3%A9rea_2021-0933.jpg?utm_source=en.wikipedia.org&utm_campaign=api&utm_content=thumbnail
joinville-br,Joinville,"Joinville, Brazil 🇧🇷",Brazil,-26.30444,-48.84556,5,,"Joinville was founded by German, Swiss, and Norwegian immigrants and hosts a branch of Russia's Bolshoi Ballet school.",https://thumb.wikimedia.org/wikipedia/commons/thumb/b/be/Paraty_05.JPG/500px-Paraty_05.JPG?utm_source=en.wikipedia.org&utm_campaign=api&utm_content=thumbnail
santo-andre-br,Santo André,"Santo André, Brazil 🇧🇷",Brazil,-23.66389,-46.53833,5,,Santo André is one of the 'ABC' industrial cities on the southeast edge of greater São Paulo.,https://thumb.wikimedia.org/wikipedia/commons/thumb/b/be/Paraty_05.JPG/500px-Paraty_05.JPG?utm_source=en.wikipedia.org&utm_campaign=api&utm_content=thumbnail
soacha-co,Soacha,"Soacha, Colombia 🇨🇴",Colombia,4.57937,-74.21682,5,,Soacha borders Bogotá to the southwest and is near the Tequendama Falls on the Bogotá River.,https://thumb.wikimedia.org/wikipedia/commons/thumb/2/20/Bogota%2C_Colombia_%2836668708290%29.jpg/500px-Bogota%2C_Colombia_%2836668708290%29.jpg?utm_source=en.wikipedia.org&utm_campaign=api&utm_content=thumbnail
maturin-ve,Maturín,"Maturín, Venezuela 🇻🇪",Venezuela,9.74569,-63.18323,5,,Maturín is the capital of Venezuela's Monagas state and a center of the eastern oil fields.,https://upload.wikimedia.org/wikipedia/commons/e/e9/SaltoAngel1.jpg?utm_source=en.wikipedia.org&utm_campaign=api&utm_content=thumbnail_unscaled
jaboatao-dos-guararapes-br,Jaboatão dos Guararapes,"Jaboatão dos Guararapes, Brazil 🇧🇷",Brazil,-8.11278,-35.01472,5,,Jaboatão dos Guararapes is next to Recife and holds the hills where the Portuguese defeated the Dutch in 1648-49.,https://thumb.wikimedia.org/wikipedia/commons/thumb/8/82/Antonio_Vaz_island_-_Recife%2C_Pernambuco%2C_Brazil_%28cropped%29.jpg/500px-Antonio_Vaz_island_-_Recife%2C_Pernambuco%2C_Brazil_%28cropped%29.jpg?utm_source=en.wikipedia.org&utm_campaign=api&utm_content=thumbnail
piura-pe,Piura,"Piura, Peru 🇵🇪",Peru,-5.18192,-80.65715,5,,"Piura was the first Spanish city founded in South America, established in 1532 by Francisco Pizarro.",https://thumb.wikimedia.org/wikipedia/commons/thumb/e/e1/Punta_Veleros_2.jpg/1280px-Punta_Veleros_2.jpg
contagem-br,Contagem,"Contagem, Brazil 🇧🇷",Brazil,-19.93167,-44.05361,5,,Contagem is an industrial city next to Belo Horizonte and one of Minas Gerais's biggest manufacturing hubs.,https://thumb.wikimedia.org/wikipedia/commons/thumb/4/4d/Conjunto_arquitet%C3%B4nico_e_urban%C3%ADstico_de_Ouro_Preto.JPG/500px-Conjunto_arquitet%C3%B4nico_e_urban%C3%ADstico_de_Ouro_Preto.JPG?utm_source=en.wikipedia.org&utm_campaign=api&utm_content=thumbnail
villa-nueva-gt,Villa Nueva,"Villa Nueva, Guatemala 🇬🇹",Guatemala,14.52512,-90.58544,5,,"Villa Nueva is a fast-growing city on the southern edge of Guatemala City, near Lake Amatitlán.",https://thumb.wikimedia.org/wikipedia/commons/thumb/7/75/Tikal_3.jpg/500px-Tikal_3.jpg?utm_source=en.wikipedia.org&utm_campaign=api&utm_content=thumbnail
cuiaba-br,Cuiabá,"Cuiabá, Brazil 🇧🇷",Brazil,-15.59611,-56.09667,5,,Cuiabá is one of Brazil's hottest cities and sits at the geodesic center of South America.,https://thumb.wikimedia.org/wikipedia/commons/thumb/2/26/Porto_Jofre.JPG/500px-Porto_Jofre.JPG?utm_source=en.wikipedia.org&utm_campaign=api&utm_content=thumbnail
feira-de-santana-br,Feira de Santana,"Feira de Santana, Brazil 🇧🇷",Brazil,-12.26667,-38.96667,5,,Feira de Santana grew from a cattle fair into Bahia's second-largest city and a major highway crossroads.,https://thumb.wikimedia.org/wikipedia/commons/thumb/2/24/Centro_Hist%C3%B3rico_Salvador_Vista_A%C3%A9rea_2021-0933.jpg/500px-Centro_Hist%C3%B3rico_Salvador_Vista_A%C3%A9rea_2021-0933.jpg?utm_source=en.wikipedia.org&utm_campaign=api&utm_content=thumbnail
chiclayo-pe,Chiclayo,"Chiclayo, Peru 🇵🇪",Peru,-6.77008,-79.85495,5,,"Chiclayo is near the tomb of the Lord of Sipán, one of the richest unlooted burials ever found in the Americas.",https://thumb.wikimedia.org/wikipedia/commons/thumb/e/e0/Chan_chan_view1.jpg/500px-Chan_chan_view1.jpg?utm_source=en.wikipedia.org&utm_campaign=api&utm_content=thumbnail
mar-del-plata-ar,Mar del Plata,"Mar del Plata, Argentina 🇦🇷",Argentina,-38.00042,-57.5562,5,,"Mar del Plata is Argentina's top beach resort, known for its sea lion colony and huge casino.",https://thumb.wikimedia.org/wikipedia/commons/thumb/5/59/PALACIO_LEGISLATIVO_01.JPG/500px-PALACIO_LEGISLATIVO_01.JPG?utm_source=en.wikipedia.org&utm_campaign=api&utm_content=thumbnail
londrina-br,Londrina,"Londrina, Brazil 🇧🇷",Brazil,-23.31028,-51.16278,5,,Londrina was founded by a British company in the 1930s and became a coffee boomtown in Paraná.,https://thumb.wikimedia.org/wikipedia/commons/thumb/9/91/Aerial_Foz_de_Igua%C3%A7u_26_Nov_2005.jpg/500px-Aerial_Foz_de_Igua%C3%A7u_26_Nov_2005.jpg?utm_source=en.wikipedia.org&utm_campaign=api&utm_content=thumbnail
bucaramanga-co,Bucaramanga,"Bucaramanga, Colombia 🇨🇴",Colombia,7.125,-73.11895,5,,Bucaramanga is known as Colombia's 'City of Parks' and is famous for its fried hormigas culonas ants.,https://commons.wikimedia.org/wiki/Special:Redirect/file/Catedral_de_Sal_de_Zipaquira.jpg
puente-alto-cl,Puente Alto,"Puente Alto, Chile 🇨🇱",Chile,-33.61169,-70.57577,5,,"Puente Alto is Chile's most populous commune, at the foot of the Andes at the mouth of the Maipo Canyon.",https://thumb.wikimedia.org/wikipedia/commons/thumb/2/21/Palacio_de_La_Moneda_-_miguelreflex.jpg/500px-Palacio_de_La_Moneda_-_miguelreflex.jpg
santiago-de-cuba-cu,Santiago de Cuba,"Santiago de Cuba, Cuba 🇨🇺",Cuba,20.02287,-75.82171,5,Caribbean,Santiago de Cuba is the birthplace of son music and the city where Fidel Castro launched the revolution in 1953.,https://commons.wikimedia.org/wiki/Special:Redirect/file/Citadelle_Laferri%C3%A8re.jpg
porto-velho-br,Porto Velho,"Porto Velho, Brazil 🇧🇷",Brazil,-8.76194,-63.90389,5,,Porto Velho is the capital of Rondônia and grew up around the ill-fated Madeira-Mamoré Railway in the Amazon.,https://thumb.wikimedia.org/wikipedia/commons/thumb/4/42/Noite_no_Teatro_Amazonas_%28cropped%29.jpg/500px-Noite_no_Teatro_Amazonas_%28cropped%29.jpg?utm_source=en.wikipedia.org&utm_campaign=api&utm_content=thumbnail
san-miguel-de-tucuman-ar,San Miguel de Tucumán,"San Miguel de Tucumán, Argentina 🇦🇷",Argentina,-26.81601,-65.21051,5,,San Miguel de Tucumán is where Argentina declared its independence in 1816.,https://commons.wikimedia.org/wiki/Special:Redirect/file/Ruins_of_Quilmes_08.jpg
juiz-de-fora-br,Juiz de Fora,"Juiz de Fora, Brazil 🇧🇷",Brazil,-21.76417,-43.35028,5,,Juiz de Fora is a Minas Gerais city known for its universities and for the Mariano Procópio Museum.,https://thumb.wikimedia.org/wikipedia/commons/thumb/a/a4/Maracana_2022.jpg/500px-Maracana_2022.jpg?utm_source=en.wikipedia.org&utm_campaign=api&utm_content=thumbnail
ananindeua-br,Ananindeua,"Ananindeua, Brazil 🇧🇷",Brazil,-1.36556,-48.37222,5,,Ananindeua is a large city just outside Belém in the Amazonian state of Pará.,https://thumb.wikimedia.org/wikipedia/commons/thumb/a/a7/Len%C3%A7%C3%B3is_Maranhenses_2018.jpg/500px-Len%C3%A7%C3%B3is_Maranhenses_2018.jpg?utm_source=en.wikipedia.org&utm_campaign=api&utm_content=thumbnail
ibague-co,Ibagué,"Ibagué, Colombia 🇨🇴",Colombia,4.43573,-75.20289,5,,Ibagué is known as Colombia's 'Musical Capital' and hosts a big folk music festival.,https://thumb.wikimedia.org/wikipedia/commons/thumb/4/4f/Armero_-_Cambao.jpg/500px-Armero_-_Cambao.jpg?utm_source=en.wikipedia.org&utm_campaign=api&utm_content=thumbnail
aparecida-de-goiania-br,Aparecida de Goiânia,"Aparecida de Goiânia, Brazil 🇧🇷",Brazil,-16.82333,-49.24389,5,,Aparecida de Goiânia is Goiânia's fast-growing neighbor and one of central Brazil's largest industrial hubs.,https://thumb.wikimedia.org/wikipedia/commons/thumb/f/f6/Brasilia_National_Congress.JPG/1280px-Brasilia_National_Congress.JPG
san-salvador-sv,San Salvador,"San Salvador, El Salvador 🇸🇻",El Salvador,13.68935,-89.18718,3,,"San Salvador is El Salvador's capital, in a valley beneath the San Salvador volcano, and is famous for pupusas.",https://thumb.wikimedia.org/wikipedia/commons/thumb/7/75/Tikal_3.jpg/500px-Tikal_3.jpg?utm_source=en.wikipedia.org&utm_campaign=api&utm_content=thumbnail
salta-ar,Salta,"Salta, Argentina 🇦🇷",Argentina,-24.80645,-65.41999,5,,"Salta is a colonial Argentine city known as 'Salta la Linda,' where the Train to the Clouds climbs into the Andes.",https://thumb.wikimedia.org/wikipedia/commons/thumb/6/69/Pucar%C3%A1_de_Tilcara_01.JPG/500px-Pucar%C3%A1_de_Tilcara_01.JPG?utm_source=en.wikipedia.org&utm_campaign=api&utm_content=thumbnail
serra-br,Serra,"Serra, Brazil 🇧🇷",Brazil,-20.12861,-40.30778,5,,"Serra is a coastal city in Espírito Santo, just north of Vitória, with the Mestre Álvaro mountain rising above it.",https://thumb.wikimedia.org/wikipedia/commons/thumb/4/4d/Conjunto_arquitet%C3%B4nico_e_urban%C3%ADstico_de_Ouro_Preto.JPG/500px-Conjunto_arquitet%C3%B4nico_e_urban%C3%ADstico_de_Ouro_Preto.JPG?utm_source=en.wikipedia.org&utm_campaign=api&utm_content=thumbnail
belford-roxo-br,Belford Roxo,"Belford Roxo, Brazil 🇧🇷",Brazil,-22.76417,-43.39944,5,,"Belford Roxo is a city in the Baixada Fluminense north of Rio de Janeiro, built around a former chemical factory.",https://thumb.wikimedia.org/wikipedia/commons/thumb/a/a4/Maracana_2022.jpg/500px-Maracana_2022.jpg?utm_source=en.wikipedia.org&utm_campaign=api&utm_content=thumbnail
niteroi-br,Niterói,"Niterói, Brazil 🇧🇷",Brazil,-22.88333,-43.10361,3,,Niterói faces Rio across Guanabara Bay and is known for Oscar Niemeyer's flying-saucer-shaped Contemporary Art Museum.,https://thumb.wikimedia.org/wikipedia/commons/thumb/9/98/Cidade_Maravilhosa.jpg/500px-Cidade_Maravilhosa.jpg
macapa-br,Macapá,"Macapá, Brazil 🇧🇷",Brazil,0.03889,-51.06639,5,,Macapá is the only Brazilian state capital on the equator and sits on the Amazon River's northern channel.,https://thumb.wikimedia.org/wikipedia/commons/thumb/d/da/Cath%C3%A9dralestsauveur.jpg/500px-Cath%C3%A9dralestsauveur.jpg?utm_source=en.wikipedia.org&utm_campaign=api&utm_content=thumbnail
carrefour-ht,Carrefour,"Carrefour, Haiti 🇭🇹",Haiti,18.53333,-72.4,5,,Carrefour is a coastal city just southwest of Port-au-Prince and one of the areas hit hardest by the 2010 earthquake.,https://commons.wikimedia.org/wiki/Special:Redirect/file/Citadelle_Laferri%C3%A8re.jpg
florianopolis-br,Florianópolis,"Florianópolis, Brazil 🇧🇷",Brazil,-27.59667,-48.54917,5,,"Florianópolis is mostly on Santa Catarina Island and has over 40 beaches, making it a surfing and nightlife hotspot.",https://thumb.wikimedia.org/wikipedia/commons/thumb/b/be/Paraty_05.JPG/500px-Paraty_05.JPG?utm_source=en.wikipedia.org&utm_campaign=api&utm_content=thumbnail
maipu-cl,Maipú,"Maipú, Chile 🇨🇱",Chile,-33.51421,-70.7651,5,,"Maipú is a Santiago commune named after the 1818 battle that secured Chile's independence, marked by the Votive Temple.",https://thumb.wikimedia.org/wikipedia/commons/thumb/2/21/Palacio_de_La_Moneda_-_miguelreflex.jpg/500px-Palacio_de_La_Moneda_-_miguelreflex.jpg
santa-marta-co,Santa Marta,"Santa Marta, Colombia 🇨🇴",Colombia,11.23855,-74.19427,5,,Santa Marta is Colombia's oldest surviving city and the gateway to Tayrona National Park and the Lost City trek.,https://thumb.wikimedia.org/wikipedia/commons/thumb/b/bc/Las_Cabezas_de_San_Juan_PR_Fajardo_IMG_2385_Laguna_Grande.JPG/500px-Las_Cabezas_de_San_Juan_PR_Fajardo_IMG_2385_Laguna_Grande.JPG?utm_source=en.wikipedia.org&utm_campaign=api&utm_content=thumbnail
monteria-co,Montería,"Montería, Colombia 🇨🇴",Colombia,8.75081,-75.87823,5,,Montería is a cattle-ranching capital on the Sinú River in northern Colombia.,https://thumb.wikimedia.org/wikipedia/commons/thumb/3/30/Museo_Naval_del_Caribe.JPG/500px-Museo_Naval_del_Caribe.JPG?utm_source=en.wikipedia.org&utm_campaign=api&utm_content=thumbnail
valledupar-co,Valledupar,"Valledupar, Colombia 🇨🇴",Colombia,10.46538,-73.2531,5,,Valledupar is the home of vallenato music and hosts the yearly Vallenato Legend Festival.,https://thumb.wikimedia.org/wikipedia/commons/thumb/b/bc/Las_Cabezas_de_San_Juan_PR_Fajardo_IMG_2385_Laguna_Grande.JPG/500px-Las_Cabezas_de_San_Juan_PR_Fajardo_IMG_2385_Laguna_Grande.JPG?utm_source=en.wikipedia.org&utm_campaign=api&utm_content=thumbnail
campos-dos-goytacazes-br,Campos dos Goytacazes,"Campos dos Goytacazes, Brazil 🇧🇷",Brazil,-21.75227,-41.33044,5,,"Campos dos Goytacazes is a sugar and oil city in Rio de Janeiro state, near the offshore Campos Basin oil fields.",https://thumb.wikimedia.org/wikipedia/commons/thumb/9/98/Cidade_Maravilhosa.jpg/500px-Cidade_Maravilhosa.jpg
sao-jose-do-rio-preto-br,São José do Rio Preto,"São José do Rio Preto, Brazil 🇧🇷",Brazil,-20.81972,-49.37944,5,,São José do Rio Preto is an agribusiness hub in northwestern São Paulo state.,https://thumb.wikimedia.org/wikipedia/commons/thumb/b/be/Paraty_05.JPG/500px-Paraty_05.JPG?utm_source=en.wikipedia.org&utm_campaign=api&utm_content=thumbnail
caxias-do-sul-br,Caxias do Sul,"Caxias do Sul, Brazil 🇧🇷",Brazil,-29.16806,-51.17944,5,Wine Country,"Caxias do Sul was settled by Italian immigrants and is the center of Brazil's wine country, hosting a grape festival.",https://commons.wikimedia.org/wiki/Special:Redirect/file/San_Ignacio_Min%C3%AD.jpg
pereira-co,Pereira,"Pereira, Colombia 🇨🇴",Colombia,4.81428,-75.69488,6,,"Pereira is a city in Colombia's Coffee Triangle, known for its statue of a naked Bolívar on horseback.",https://thumb.wikimedia.org/wikipedia/commons/thumb/4/4f/Armero_-_Cambao.jpg/500px-Armero_-_Cambao.jpg?utm_source=en.wikipedia.org&utm_campaign=api&utm_content=thumbnail
sao-joao-de-meriti-br,São João de Meriti,"São João de Meriti, Brazil 🇧🇷",Brazil,-22.80389,-43.37222,6,,"São João de Meriti is one of the most densely populated cities in the Americas, on the northern edge of Rio.",https://thumb.wikimedia.org/wikipedia/commons/thumb/a/a4/Maracana_2022.jpg/500px-Maracana_2022.jpg?utm_source=en.wikipedia.org&utm_campaign=api&utm_content=thumbnail
mixco-gt,Mixco,"Mixco, Guatemala 🇬🇹",Guatemala,14.63077,-90.60711,6,,"Mixco is a city on the hills west of Guatemala City, known for the colonial-era church in its old town.",https://thumb.wikimedia.org/wikipedia/commons/thumb/7/75/Tikal_3.jpg/500px-Tikal_3.jpg?utm_source=en.wikipedia.org&utm_campaign=api&utm_content=thumbnail
maracay-ve,Maracay,"Maracay, Venezuela 🇻🇪",Venezuela,10.24972,-67.59475,6,,Maracay is called Venezuela's 'Garden City' and is the gateway to the cloud forests of Henri Pittier National Park.,https://thumb.wikimedia.org/wikipedia/commons/thumb/3/39/CIUDAD_PERDIDA_2.jpg/500px-CIUDAD_PERDIDA_2.jpg?utm_source=en.wikipedia.org&utm_campaign=api&utm_content=thumbnail
santo-domingo-de-los-colorados-ec,Santo Domingo de los Colorados,"Santo Domingo de los Colorados, Ecuador 🇪🇨",Ecuador,-0.25368,-79.17628,6,,"Santo Domingo de los Colorados takes its name from the Tsáchila people, who color their hair red with achiote.",https://thumb.wikimedia.org/wikipedia/commons/thumb/2/29/Panorama_quilotoa_crater_lake_ecuador.jpg/500px-Panorama_quilotoa_crater_lake_ecuador.jpg?utm_source=en.wikipedia.org&utm_campaign=api&utm_content=thumbnail
benin-city-ng,Benin City,"Benin City, Nigeria 🇳🇬",Nigeria,6.33815,5.62575,6,,"Benin City was the capital of the Kingdom of Benin, whose famous bronzes were looted by British troops in 1897.",https://thumb.wikimedia.org/wikipedia/commons/thumb/1/1f/Osun_groove_Osogbo.jpg/500px-Osun_groove_Osogbo.jpg?utm_source=en.wikipedia.org&utm_campaign=api&utm_content=thumbnail
soweto-za,Soweto,"Soweto, South Africa 🇿🇦",South Africa,-26.26781,27.85849,3,,"Soweto is the Johannesburg township where Nelson Mandela and Desmond Tutu both lived on the same street, Vilakazi Street.",https://thumb.wikimedia.org/wikipedia/commons/thumb/9/95/Johannesburg_skyline_2017.jpg/500px-Johannesburg_skyline_2017.jpg?utm_source=en.wikipedia.org&utm_campaign=api&utm_content=thumbnail
kisangani-cd,Kisangani,"Kisangani, DR Congo 🇨🇩",DR Congo,0.51528,25.19099,6,,"Kisangani is a DR Congo river port near Boyoma Falls, the inspiration for the setting of Conrad's Heart of Darkness.",https://thumb.wikimedia.org/wikipedia/commons/thumb/2/2d/High_Angle_View_Of_Kigali_City_Street_on_November_29%2C_2018._Emmanuel_Kwizera.jpg/500px-High_Angle_View_Of_Kigali_City_Street_on_November_29%2C_2018._Emmanuel_Kwizera.jpg?utm_source=en.wikipedia.org&utm_campaign=api&utm_content=thumbnail
onitsha-ng,Onitsha,"Onitsha, Nigeria 🇳🇬",Nigeria,6.14978,6.78569,6,,Onitsha is home to one of West Africa's largest markets and sits on the east bank of the Niger River.,https://thumb.wikimedia.org/wikipedia/commons/thumb/1/1f/Osun_groove_Osogbo.jpg/500px-Osun_groove_Osogbo.jpg?utm_source=en.wikipedia.org&utm_campaign=api&utm_content=thumbnail
monrovia-lr,Monrovia,"Monrovia, Liberia 🇱🇷",Liberia,6.30054,-10.7969,4,,Monrovia was founded by freed American slaves and is named after US President James Monroe.,https://commons.wikimedia.org/wiki/Special:Redirect/file/Montane_rainforest_near_to_S%C3%A9r%C3%A9dou_(Northern_limit_of_Ziama_Massif).jpg
n-djamena-td,N'Djamena,"N'Djamena, Chad 🇹🇩",Chad,12.10672,15.0444,4,,"N'Djamena is Chad's capital, set where the Chari and Logone rivers meet, right on the border with Cameroon.",https://commons.wikimedia.org/wiki/Special:Redirect/file/Kofar_Gadan_Kaya_-_Kano_City_Gate.jpg
abobo-ci,Abobo,"Abobo, Côte d'Ivoire 🇨🇮",Côte d'Ivoire,5.41613,-4.0159,4,,"Abobo is one of Abidjan's most populous communes, known for its sprawling markets.",https://thumb.wikimedia.org/wikipedia/commons/thumb/e/ef/Visite_du_mus%C3%A9e_de_civilisation_de_C%C3%B4te_d%27Ivoire_08.jpg/500px-Visite_du_mus%C3%A9e_de_civilisation_de_C%C3%B4te_d%27Ivoire_08.jpg?utm_source=en.wikipedia.org&utm_campaign=api&utm_content=thumbnail
douala-cm,Douala,"Douala, Cameroon 🇨🇲",Cameroon,4.04827,9.70428,6,,"Douala is Cameroon's largest city and its main port, near the mouth of the Wouri River.",https://thumb.wikimedia.org/wikipedia/commons/thumb/b/bd/Mount_Cameroon_view_from_Buea_%28Soppo%29.jpg/500px-Mount_Cameroon_view_from_Buea_%28Soppo%29.jpg?utm_source=en.wikipedia.org&utm_campaign=api&utm_content=thumbnail
niamey-ne,Niamey,"Niamey, Niger 🇳🇪",Niger,13.51366,2.1098,4,,Niamey is Niger's capital on the Niger River and hosts the Grand Mosque and the National Museum's zoo.,https://thumb.wikimedia.org/wikipedia/commons/thumb/f/f3/Ouagadougou_Skyline.jpg/500px-Ouagadougou_Skyline.jpg
yaounde-cm,Yaoundé,"Yaoundé, Cameroon 🇨🇲",Cameroon,3.86667,11.51667,4,,"Yaoundé is Cameroon's capital, built on seven hills in the country's forested south.",https://thumb.wikimedia.org/wikipedia/commons/thumb/b/bd/Mount_Cameroon_view_from_Buea_%28Soppo%29.jpg/500px-Mount_Cameroon_view_from_Buea_%28Soppo%29.jpg?utm_source=en.wikipedia.org&utm_campaign=api&utm_content=thumbnail
kananga-cd,Kananga,"Kananga, DR Congo 🇨🇩",DR Congo,-5.89624,22.41659,6,,Kananga is a DR Congo city in the Kasai region that grew around a railway and was the provincial seat.,https://thumb.wikimedia.org/wikipedia/commons/thumb/7/71/Stade_Tata_Rapha%C3%ABl_lors_d%27un_de_l%27AS_V.CLUB.jpg/500px-Stade_Tata_Rapha%C3%ABl_lors_d%27un_de_l%27AS_V.CLUB.jpg?utm_source=en.wikipedia.org&utm_campaign=api&utm_content=thumbnail
shubra-al-khaymah-eg,Shubrā al Khaymah,"Shubrā al Khaymah, Egypt 🇪🇬",Egypt,30.12511,31.25053,4,,"Shubra al-Khaymah is an industrial city on Cairo's northern edge, known for its textile mills.",https://thumb.wikimedia.org/wikipedia/commons/thumb/7/72/Cairo_Opera_House%2C_Al_Hurriyah_Park_and_the_Nile_river_%2814797782354%29.jpg/500px-Cairo_Opera_House%2C_Al_Hurriyah_Park_and_the_Nile_river_%2814797782354%29.jpg
matola-mz,Matola,"Matola, Mozambique 🇲🇿",Mozambique,-25.96222,32.45889,6,,"Matola is an industrial port city right next to Maputo, Mozambique's capital.",https://upload.wikimedia.org/wikipedia/commons/thumb/a/a0/Maputo_-_Panorama.jpg/500px-Maputo_-_Panorama.jpg
nouakchott-mr,Nouakchott,"Nouakchott, Mauritania 🇲🇷",Mauritania,18.08581,-15.9785,4,Desert Cities,"Nouakchott was a small village until it was chosen as Mauritania's capital in 1958, and it is now the largest city in the Sahara.",https://thumb.wikimedia.org/wikipedia/commons/thumb/4/46/Dakar-Ind%C3%A9pendance.jpg/500px-Dakar-Ind%C3%A9pendance.jpg?utm_source=en.wikipedia.org&utm_campaign=api&utm_content=thumbnail
pikine-sn,Pikine,"Pikine, Senegal 🇸🇳",Senegal,14.76457,-17.39071,4,,"Pikine is a large suburb of Dakar, created in the 1950s to resettle people from the city center.",https://thumb.wikimedia.org/wikipedia/commons/thumb/4/46/Dakar-Ind%C3%A9pendance.jpg/500px-Dakar-Ind%C3%A9pendance.jpg?utm_source=en.wikipedia.org&utm_campaign=api&utm_content=thumbnail
aba-ng,Aba,"Aba, Nigeria 🇳🇬",Nigeria,5.10658,7.36667,6,,Aba is an Igbo commercial city famous for its Ariaria Market and its tailors and shoemakers.,https://thumb.wikimedia.org/wikipedia/commons/thumb/b/bd/Mount_Cameroon_view_from_Buea_%28Soppo%29.jpg/500px-Mount_Cameroon_view_from_Buea_%28Soppo%29.jpg?utm_source=en.wikipedia.org&utm_campaign=api&utm_content=thumbnail
touba-sn,Touba,"Touba, Senegal 🇸🇳",Senegal,14.86229,-15.87532,6,,"Touba is the holy city of Senegal's Mouride Sufi brotherhood, whose yearly Grand Magal draws millions of pilgrims.",https://thumb.wikimedia.org/wikipedia/commons/thumb/5/5c/Ile-de-goree.jpg/500px-Ile-de-goree.jpg?utm_source=en.wikipedia.org&utm_campaign=api&utm_content=thumbnail
lilongwe-mw,Lilongwe,"Lilongwe, Malawi 🇲🇼",Malawi,-13.96692,33.78725,4,,Lilongwe became Malawi's capital in 1975 and is a spread-out garden city.,https://thumb.wikimedia.org/wikipedia/commons/thumb/4/45/ZmbziRvr.jpg/500px-ZmbziRvr.jpg?utm_source=en.wikipedia.org&utm_campaign=api&utm_content=thumbnail
maiduguri-ng,Maiduguri,"Maiduguri, Nigeria 🇳🇬",Nigeria,11.84692,13.15712,6,,Maiduguri is the largest city in northeastern Nigeria and a historic trading hub near Lake Chad.,https://commons.wikimedia.org/wiki/Special:Redirect/file/Kofar_Gadan_Kaya_-_Kano_City_Gate.jpg
mwanza-tz,Mwanza,"Mwanza, Tanzania 🇹🇿",Tanzania,-2.51667,32.9,6,,"Mwanza is Tanzania's port on Lake Victoria, known for the balancing Bismarck Rock in its harbor.",https://thumb.wikimedia.org/wikipedia/commons/thumb/6/6a/Wildebeest_Migration_in_Serengeti_National_Park%2C_Tanzania.jpg/1280px-Wildebeest_Migration_in_Serengeti_National_Park%2C_Tanzania.jpg
ilorin-ng,Ilorin,"Ilorin, Nigeria 🇳🇬",Nigeria,8.49664,4.54214,6,,"Ilorin is a Nigerian city where Yoruba and Hausa-Fulani cultures meet, known for its traditional pottery.",https://thumb.wikimedia.org/wikipedia/commons/thumb/1/1f/Osun_groove_Osogbo.jpg/500px-Osun_groove_Osogbo.jpg?utm_source=en.wikipedia.org&utm_campaign=api&utm_content=thumbnail
gqeberha-za,Gqeberha,"Gqeberha, South Africa 🇿🇦",South Africa,-33.96109,25.61494,6,,"Gqeberha, formerly Port Elizabeth, is a South African coastal city known as the 'Windy City' and the gateway to Addo Elephant Park.",https://thumb.wikimedia.org/wikipedia/commons/thumb/7/77/Thabana_Ntlenyana.jpeg/500px-Thabana_Ntlenyana.jpeg?utm_source=en.wikipedia.org&utm_campaign=api&utm_content=thumbnail
jos-ng,Jos,"Jos, Nigeria 🇳🇬",Nigeria,9.92849,8.89212,6,,"Jos is a Nigerian city on a high plateau with a cool climate, historically famous for tin mining.",https://commons.wikimedia.org/wiki/Special:Redirect/file/Kofar_Gadan_Kaya_-_Kano_City_Gate.jpg
sokoto-ng,Sokoto,"Sokoto, Nigeria 🇳🇬",Nigeria,13.06269,5.24322,6,,"Sokoto was the seat of the Sokoto Caliphate, founded by Usman dan Fodio in the early 1800s.",https://commons.wikimedia.org/wiki/Special:Redirect/file/Kofar_Gadan_Kaya_-_Kano_City_Gate.jpg
tangier-ma,Tangier,"Tangier, Morocco 🇲🇦",Morocco,35.76727,-5.79975,3,,"Tangier sits at the Strait of Gibraltar, where Africa is just 14 km from Europe, and once had international-zone status.",https://upload.wikimedia.org/wikipedia/commons/thumb/0/02/Rock_of_Gibraltar_South_View.jpg/500px-Rock_of_Gibraltar_South_View.jpg
pointe-noire-cg,Pointe-Noire,"Pointe-Noire, Congo 🇨🇬",Congo,-4.77609,11.86352,6,,Pointe-Noire is the Republic of the Congo's oil capital and only deep-water port.,https://thumb.wikimedia.org/wikipedia/commons/thumb/1/18/La_Gombe%2C_Kinshasa%2C_RDC_%28cropped%29.jpg/500px-La_Gombe%2C_Kinshasa%2C_RDC_%28cropped%29.jpg?utm_source=en.wikipedia.org&utm_campaign=api&utm_content=thumbnail
khartoum-north-sd,Khartoum North,"Khartoum North, Sudan 🇸🇩",Sudan,15.64925,32.53458,4,,"Khartoum North, also called Bahri, is the industrial third of Sudan's capital region, across the Blue Nile from Khartoum.",https://thumb.wikimedia.org/wikipedia/commons/thumb/b/b9/%C2%A9Nile-Project_-Sari_Omer_0025.jpg/500px-%C2%A9Nile-Project_-Sari_Omer_0025.jpg?utm_source=en.wikipedia.org&utm_campaign=api&utm_content=thumbnail
zaria-ng,Zaria,"Zaria, Nigeria 🇳🇬",Nigeria,11.11128,7.7227,6,,Zaria is an ancient Hausa city in northern Nigeria and home to Ahmadu Bello University.,https://commons.wikimedia.org/wiki/Special:Redirect/file/Kofar_Gadan_Kaya_-_Kano_City_Gate.jpg
sale-ma,Salé,"Salé, Morocco 🇲🇦",Morocco,34.0531,-6.79846,4,,Salé faces Rabat across the Bou Regreg river and was once a base for the infamous Salé Rovers pirates.,https://thumb.wikimedia.org/wikipedia/commons/thumb/7/7d/%22Eine_beeindruckende_Festung%22._09.jpg/500px-%22Eine_beeindruckende_Festung%22._09.jpg?utm_source=en.wikipedia.org&utm_campaign=api&utm_content=thumbnail
enugu-ng,Enugu,"Enugu, Nigeria 🇳🇬",Nigeria,6.44132,7.49883,6,,Enugu is known as Nigeria's 'Coal City' and was the capital of the breakaway Republic of Biafra.,https://thumb.wikimedia.org/wikipedia/commons/thumb/b/bd/Mount_Cameroon_view_from_Buea_%28Soppo%29.jpg/500px-Mount_Cameroon_view_from_Buea_%28Soppo%29.jpg?utm_source=en.wikipedia.org&utm_campaign=api&utm_content=thumbnail
warri-ng,Warri,"Warri, Nigeria 🇳🇬",Nigeria,5.51737,5.75006,6,,Warri is an oil city in the Niger Delta with a large refinery and is famous in Nigeria for its witty locals.,https://thumb.wikimedia.org/wikipedia/commons/thumb/1/1f/Osun_groove_Osogbo.jpg/500px-Osun_groove_Osogbo.jpg?utm_source=en.wikipedia.org&utm_campaign=api&utm_content=thumbnail
bobo-dioulasso-bf,Bobo-Dioulasso,"Bobo-Dioulasso, Burkina Faso 🇧🇫",Burkina Faso,11.18064,-4.29489,6,,"Bobo-Dioulasso is Burkina Faso's second city, known for its striking mud-brick Grand Mosque.",https://thumb.wikimedia.org/wikipedia/commons/thumb/7/75/Djenne_great_mud_mosque.jpg/500px-Djenne_great_mud_mosque.jpg?utm_source=en.wikipedia.org&utm_campaign=api&utm_content=thumbnail
blantyre-mw,Blantyre,"Blantyre, Malawi 🇲🇼",Malawi,-15.78499,35.00854,6,,"Blantyre is Malawi's commercial capital, named after David Livingstone's birthplace in Scotland.",https://thumb.wikimedia.org/wikipedia/commons/thumb/d/d0/Crowne_Plaza%2C_Harare.png/500px-Crowne_Plaza%2C_Harare.png?utm_source=en.wikipedia.org&utm_campaign=api&utm_content=thumbnail
mulenvos-ao,Mulenvos,"Mulenvos, Angola 🇦🇴",Angola,-8.86695,13.3344,6,,"Mulenvos is a fast-growing urban area on the northeastern edge of Luanda, Angola's capital.",https://thumb.wikimedia.org/wikipedia/commons/thumb/c/c3/Luanda_2025_focused_%28cropped%29.jpg/500px-Luanda_2025_focused_%28cropped%29.jpg?utm_source=en.wikipedia.org&utm_campaign=api&utm_content=thumbnail
soshanguve-za,Soshanguve,"Soshanguve, South Africa 🇿🇦",South Africa,-25.47288,28.09919,4,,"Soshanguve is a large township north of Pretoria, whose name combines several South African languages.",https://thumb.wikimedia.org/wikipedia/commons/thumb/6/6b/Uniegebou.jpg/500px-Uniegebou.jpg?utm_source=en.wikipedia.org&utm_campaign=api&utm_content=thumbnail
viana-ao,Viana,"Viana, Angola 🇦🇴",Angola,-8.90553,13.37499,6,,"Viana is an industrial municipality on Luanda's eastern edge, home to a big chunk of Angola's factories.",https://thumb.wikimedia.org/wikipedia/commons/thumb/c/c3/Luanda_2025_focused_%28cropped%29.jpg/500px-Luanda_2025_focused_%28cropped%29.jpg?utm_source=en.wikipedia.org&utm_campaign=api&utm_content=thumbnail
libreville-ga,Libreville,"Libreville, Gabon 🇬🇦",Gabon,0.39241,9.45356,4,,"Libreville was founded by freed slaves in 1849, and its name means 'free town' in French.",https://thumb.wikimedia.org/wikipedia/commons/thumb/b/bd/Mount_Cameroon_view_from_Buea_%28Soppo%29.jpg/500px-Mount_Cameroon_view_from_Buea_%28Soppo%29.jpg?utm_source=en.wikipedia.org&utm_campaign=api&utm_content=thumbnail
pietermaritzburg-za,Pietermaritzburg,"Pietermaritzburg, South Africa 🇿🇦",South Africa,-29.61679,30.39278,6,,"Pietermaritzburg is where a young Gandhi was thrown off a train in 1893, an event that shaped his activism.",https://thumb.wikimedia.org/wikipedia/commons/thumb/9/90/Durban_from_the_Balcony_%28Dennis_Sylvester_Hurd%29_1.jpg/500px-Durban_from_the_Balcony_%28Dennis_Sylvester_Hurd%29_1.jpg?utm_source=en.wikipedia.org&utm_campaign=api&utm_content=thumbnail
bouake-ci,Bouaké,"Bouaké, Côte d'Ivoire 🇨🇮",Côte d'Ivoire,7.69385,-5.03031,6,,Bouaké is Côte d'Ivoire's second-largest city and a key trade hub in the center of the country.,https://commons.wikimedia.org/wiki/Special:Redirect/file/Basilique_notre_Dame_de_la_Paix_de_Yamoussoukro.jpg
bukavu-cd,Bukavu,"Bukavu, DR Congo 🇨🇩",DR Congo,-2.49077,28.84281,6,,Bukavu sits on the southern shore of Lake Kivu and is a base for seeing eastern lowland gorillas in Kahuzi-Biega National Park.,https://thumb.wikimedia.org/wikipedia/commons/thumb/2/2d/High_Angle_View_Of_Kigali_City_Street_on_November_29%2C_2018._Emmanuel_Kwizera.jpg/500px-High_Angle_View_Of_Kigali_City_Street_on_November_29%2C_2018._Emmanuel_Kwizera.jpg?utm_source=en.wikipedia.org&utm_campaign=api&utm_content=thumbnail
bangui-cf,Bangui,"Bangui, Central African Republic 🇨🇫",Central African Republic,4.36122,18.55496,4,,"Bangui is the capital of the Central African Republic and sits on the Ubangi River, across from the DR Congo.",https://thumb.wikimedia.org/wikipedia/commons/thumb/7/71/Stade_Tata_Rapha%C3%ABl_lors_d%27un_de_l%27AS_V.CLUB.jpg/500px-Stade_Tata_Rapha%C3%ABl_lors_d%27un_de_l%27AS_V.CLUB.jpg?utm_source=en.wikipedia.org&utm_campaign=api&utm_content=thumbnail
oran-dz,Oran,"Oran, Algeria 🇩🇿",Algeria,35.69906,-0.63588,4,,"Oran is Algeria's second city and the birthplace of raï music, as well as the setting of Camus's The Plague.",https://thumb.wikimedia.org/wikipedia/commons/thumb/d/de/Dawn_Charles_V_Palace_Alhambra_Granada_Andalusia_Spain.jpg/500px-Dawn_Charles_V_Palace_Alhambra_Granada_Andalusia_Spain.jpg
freetown-sl,Freetown,"Freetown, Sierra Leone 🇸🇱",Sierra Leone,8.48714,-13.2356,4,,"Freetown was founded for freed slaves in 1792, and a famous old cotton tree stands at its heart.",https://commons.wikimedia.org/wiki/Special:Redirect/file/Montane_rainforest_near_to_S%C3%A9r%C3%A9dou_(Northern_limit_of_Ziama_Massif).jpg
kolwezi-cd,Kolwezi,"Kolwezi, DR Congo 🇨🇩",DR Congo,-10.71484,25.46674,6,Mining Towns,Kolwezi is a DR Congo mining city that produces a huge share of the world's cobalt.,https://thumb.wikimedia.org/wikipedia/commons/thumb/1/15/Downtown_Lusaka.JPG/500px-Downtown_Lusaka.JPG?utm_source=en.wikipedia.org&utm_campaign=api&utm_content=thumbnail
port-said-eg,Port Said,"Port Said, Egypt 🇪🇬",Egypt,31.26531,32.3019,3,,Port Said sits at the Mediterranean entrance of the Suez Canal and was founded when the canal was built in 1859.,https://thumb.wikimedia.org/wikipedia/commons/thumb/7/72/Cairo_Opera_House%2C_Al_Hurriyah_Park_and_the_Nile_river_%2814797782354%29.jpg/500px-Cairo_Opera_House%2C_Al_Hurriyah_Park_and_the_Nile_river_%2814797782354%29.jpg
nampula-mz,Nampula,"Nampula, Mozambique 🇲🇿",Mozambique,-15.11646,39.2666,6,,Nampula is northern Mozambique's biggest city and the gateway to the historic Island of Mozambique.,https://upload.wikimedia.org/wikipedia/commons/1/14/Fortaleza_de_S%C3%A3o_Sebasti%C3%A3o_-_detail.jpg
bujumbura-bi,Bujumbura,"Bujumbura, Burundi 🇧🇮",Burundi,-3.38193,29.36142,4,,Bujumbura is Burundi's main city on the northeastern shore of Lake Tanganyika.,https://thumb.wikimedia.org/wikipedia/commons/thumb/2/2d/High_Angle_View_Of_Kigali_City_Street_on_November_29%2C_2018._Emmanuel_Kwizera.jpg/500px-High_Angle_View_Of_Kigali_City_Street_on_November_29%2C_2018._Emmanuel_Kwizera.jpg?utm_source=en.wikipedia.org&utm_campaign=api&utm_content=thumbnail
dodoma-tz,Dodoma,"Dodoma, Tanzania 🇹🇿",Tanzania,-6.17221,35.73947,6,,Dodoma has been Tanzania's official capital since 1996 and is in the center of the country.,https://thumb.wikimedia.org/wikipedia/commons/thumb/9/9c/Kondoa_mchoro_mwambani_2012_Tamino.jpg/500px-Kondoa_mchoro_mwambani_2012_Tamino.jpg?utm_source=en.wikipedia.org&utm_campaign=api&utm_content=thumbnail
benghazi-ly,Benghazi,"Benghazi, Libya 🇱🇾",Libya,32.11486,20.06859,4,,Benghazi is Libya's second city and where the 2011 uprising against Gaddafi started.,https://thumb.wikimedia.org/wikipedia/commons/thumb/9/95/Boulders_Beach_Suedafrika.jpg/500px-Boulders_Beach_Suedafrika.jpg?utm_source=en.wikipedia.org&utm_campaign=api&utm_content=thumbnail
oyo-ng,Oyo,"Oyo, Nigeria 🇳🇬",Nigeria,7.85367,3.93235,6,,"Oyo was the heart of the Oyo Empire, one of the most powerful Yoruba states, and is still the seat of the Alaafin.",https://thumb.wikimedia.org/wikipedia/commons/thumb/1/1f/Osun_groove_Osogbo.jpg/500px-Osun_groove_Osogbo.jpg?utm_source=en.wikipedia.org&utm_campaign=api&utm_content=thumbnail
abeokuta-ng,Abeokuta,"Abeokuta, Nigeria 🇳🇬",Nigeria,7.15571,3.34509,6,,"Abeokuta is named for the Olumo Rock, which once sheltered the Egba people during the 19th-century wars.",https://thumb.wikimedia.org/wikipedia/commons/thumb/b/b6/Lagos-centre-from-executive-lounge-Continental-hotel-2026-IMG_7970.jpg/500px-Lagos-centre-from-executive-lounge-Continental-hotel-2026-IMG_7970.jpg
akure-ng,Akure,"Akure, Nigeria 🇳🇬",Nigeria,7.25256,5.19312,6,,Akure is the capital of Ondo State and is a center for cocoa farming in southwestern Nigeria.,https://thumb.wikimedia.org/wikipedia/commons/thumb/1/1f/Osun_groove_Osogbo.jpg/500px-Osun_groove_Osogbo.jpg?utm_source=en.wikipedia.org&utm_campaign=api&utm_content=thumbnail
kikolo-ao,Kikolo,"Kikolo, Angola 🇦🇴",Angola,-8.7815,13.33384,6,,"Kikolo is a busy neighborhood on Luanda's northern edge, known for its huge open-air market.",https://thumb.wikimedia.org/wikipedia/commons/thumb/c/c3/Luanda_2025_focused_%28cropped%29.jpg/500px-Luanda_2025_focused_%28cropped%29.jpg?utm_source=en.wikipedia.org&utm_campaign=api&utm_content=thumbnail
maianga-ao,Maianga,"Maianga, Angola 🇦🇴",Angola,-8.84693,13.23698,6,,Maianga is a central district of Luanda that contains the city's grand Independence Square.,https://thumb.wikimedia.org/wikipedia/commons/thumb/c/c3/Luanda_2025_focused_%28cropped%29.jpg/500px-Luanda_2025_focused_%28cropped%29.jpg?utm_source=en.wikipedia.org&utm_campaign=api&utm_content=thumbnail
evaton-za,Evaton,"Evaton, South Africa 🇿🇦",South Africa,-26.53333,27.85,6,,"Evaton is one of South Africa's oldest townships, in the Vaal Triangle south of Johannesburg.",https://thumb.wikimedia.org/wikipedia/commons/thumb/9/95/Johannesburg_skyline_2017.jpg/500px-Johannesburg_skyline_2017.jpg?utm_source=en.wikipedia.org&utm_campaign=api&utm_content=thumbnail
suez-eg,Suez,"Suez, Egypt 🇪🇬",Egypt,29.97371,32.52627,3,,"Suez is the port at the southern end of the Suez Canal, where the canal meets the Red Sea.",https://thumb.wikimedia.org/wikipedia/commons/thumb/7/72/Cairo_Opera_House%2C_Al_Hurriyah_Park_and_the_Nile_river_%2814797782354%29.jpg/500px-Cairo_Opera_House%2C_Al_Hurriyah_Park_and_the_Nile_river_%2814797782354%29.jpg
agadir-ma,Agadir,"Agadir, Morocco 🇲🇦",Morocco,30.42018,-9.59815,4,,"Agadir is a Moroccan beach resort that was rebuilt after a 1960 earthquake, with a kasbah ruin on the hill above it.",https://thumb.wikimedia.org/wikipedia/commons/thumb/4/49/Marokko0112_%28retouched%29.jpg/500px-Marokko0112_%28retouched%29.jpg?utm_source=en.wikipedia.org&utm_campaign=api&utm_content=thumbnail
bauchi-ng,Bauchi,"Bauchi, Nigeria 🇳🇬",Nigeria,10.31032,9.84388,6,,"Bauchi is the gateway to Yankari National Park, known for its elephants and the warm Wikki Springs.",https://commons.wikimedia.org/wiki/Special:Redirect/file/Kofar_Gadan_Kaya_-_Kano_City_Gate.jpg
beira-mz,Beira,"Beira, Mozambique 🇲🇿",Mozambique,-19.84361,34.83889,6,,"Beira is Mozambique's second port and the sea outlet for landlocked Zimbabwe, Zambia, and Malawi.",https://thumb.wikimedia.org/wikipedia/commons/thumb/d/d0/Crowne_Plaza%2C_Harare.png/500px-Crowne_Plaza%2C_Harare.png?utm_source=en.wikipedia.org&utm_campaign=api&utm_content=thumbnail
agege-ng,Agege,"Agege, Nigeria 🇳🇬",Nigeria,6.61563,3.33337,6,,"Agege is a busy Lagos district known for agege bread, a soft, sweet loaf popular across Nigeria.",https://thumb.wikimedia.org/wikipedia/commons/thumb/b/b6/Lagos-centre-from-executive-lounge-Continental-hotel-2026-IMG_7970.jpg/500px-Lagos-centre-from-executive-lounge-Continental-hotel-2026-IMG_7970.jpg
cotonou-bj,Cotonou,"Cotonou, Benin 🇧🇯",Benin,6.36536,2.41833,6,,"Cotonou is Benin's economic capital, with the vast Dantokpa market, one of West Africa's largest.",https://thumb.wikimedia.org/wikipedia/commons/thumb/b/b6/Lagos-centre-from-executive-lounge-Continental-hotel-2026-IMG_7970.jpg/500px-Lagos-centre-from-executive-lounge-Continental-hotel-2026-IMG_7970.jpg
katsina-ng,Katsina,"Katsina, Nigeria 🇳🇬",Nigeria,12.99082,7.60177,6,,Katsina is an ancient Hausa city famous for the Gobarau Minaret and its old city walls.,https://commons.wikimedia.org/wiki/Special:Redirect/file/Kofar_Gadan_Kaya_-_Kano_City_Gate.jpg
camama-ao,Camama,"Camama, Angola 🇦🇴",Angola,-8.93611,13.26518,6,,"Camama is a district on Luanda's southern outskirts, near the Kilamba satellite city.",https://thumb.wikimedia.org/wikipedia/commons/thumb/c/c3/Luanda_2025_focused_%28cropped%29.jpg/500px-Luanda_2025_focused_%28cropped%29.jpg?utm_source=en.wikipedia.org&utm_campaign=api&utm_content=thumbnail
kitwe-zm,Kitwe,"Kitwe, Zambia 🇿🇲",Zambia,-12.80243,28.21323,6,,Kitwe is the hub of Zambia's Copperbelt and the country's second-largest city.,https://thumb.wikimedia.org/wikipedia/commons/thumb/1/15/Downtown_Lusaka.JPG/500px-Downtown_Lusaka.JPG?utm_source=en.wikipedia.org&utm_campaign=api&utm_content=thumbnail
bulawayo-zw,Bulawayo,"Bulawayo, Zimbabwe 🇿🇼",Zimbabwe,-20.15,28.58333,6,,"Bulawayo is Zimbabwe's second city, with wide colonial streets built for ox-wagons to turn around, and is near Matobo Hills.",https://commons.wikimedia.org/wiki/Special:Redirect/file/ZW_Khami_Ruins.JPG
golfe-ao,Golfe,"Golfe, Angola 🇦🇴",Angola,-8.86639,13.26173,6,,"Golfe is a coastal neighborhood south of Luanda, around Benfica.",https://thumb.wikimedia.org/wikipedia/commons/thumb/c/c3/Luanda_2025_focused_%28cropped%29.jpg/500px-Luanda_2025_focused_%28cropped%29.jpg?utm_source=en.wikipedia.org&utm_campaign=api&utm_content=thumbnail
calumbo-ao,Calumbo,"Calumbo, Angola 🇦🇴",Angola,-9.14692,13.41936,6,,"Calumbo is a small settlement south of Luanda, on the banks of the Kwanza River.",https://thumb.wikimedia.org/wikipedia/commons/thumb/c/c3/Luanda_2025_focused_%28cropped%29.jpg/500px-Luanda_2025_focused_%28cropped%29.jpg?utm_source=en.wikipedia.org&utm_campaign=api&utm_content=thumbnail
hoji-ya-henda-ao,Hoji ya Henda,"Hoji ya Henda, Angola 🇦🇴",Angola,-8.80523,13.2897,6,,Hoji ya Henda is a Luanda neighborhood named after an Angolan anti-colonial hero.,https://thumb.wikimedia.org/wikipedia/commons/thumb/c/c3/Luanda_2025_focused_%28cropped%29.jpg/500px-Luanda_2025_focused_%28cropped%29.jpg?utm_source=en.wikipedia.org&utm_campaign=api&utm_content=thumbnail
likasi-cd,Likasi,"Likasi, DR Congo 🇨🇩",DR Congo,-10.98303,26.7384,6,,"Likasi is a DR Congo mining city in the Katanga copper belt, founded by the Belgians as Jadotville.",https://thumb.wikimedia.org/wikipedia/commons/thumb/1/15/Downtown_Lusaka.JPG/500px-Downtown_Lusaka.JPG?utm_source=en.wikipedia.org&utm_campaign=api&utm_content=thumbnail
tshikapa-cd,Tshikapa,"Tshikapa, DR Congo 🇨🇩",DR Congo,-6.41621,20.79995,6,,Tshikapa is a DR Congo diamond-mining city where the Tshikapa River meets the Kasai River.,https://thumb.wikimedia.org/wikipedia/commons/thumb/7/71/Stade_Tata_Rapha%C3%ABl_lors_d%27un_de_l%27AS_V.CLUB.jpg/500px-Stade_Tata_Rapha%C3%ABl_lors_d%27un_de_l%27AS_V.CLUB.jpg?utm_source=en.wikipedia.org&utm_campaign=api&utm_content=thumbnail
minsk-by,Minsk,"Minsk, Belarus 🇧🇾",Belarus,53.90019,27.56653,4,,Minsk was almost completely rebuilt after WWII in a grand Stalinist style along the wide Independence Avenue.,https://thumb.wikimedia.org/wikipedia/commons/thumb/2/2a/Vilnius_old_town_by_Augustas_Didzgalvis.jpg/500px-Vilnius_old_town_by_Augustas_Didzgalvis.jpg?utm_source=en.wikipedia.org&utm_campaign=api&utm_content=thumbnail
novosibirsk-ru,Novosibirsk,"Novosibirsk, Russia 🇷🇺",Russia,55.02259,82.93175,7,,Novosibirsk is Russia's third-largest city and was founded in 1893 at the point where the Trans-Siberian Railway crossed the Ob River.,https://thumb.wikimedia.org/wikipedia/commons/thumb/a/a4/Tunguska_Ereignis-1.jpg/500px-Tunguska_Ereignis-1.jpg?utm_source=en.wikipedia.org&utm_campaign=api&utm_content=thumbnail
yekaterinburg-ru,Yekaterinburg,"Yekaterinburg, Russia 🇷🇺",Russia,56.85733,60.61529,7,,"Yekaterinburg is where the last tsar, Nicholas II, and his family were executed in 1918, and it sits on the border of Europe and Asia.",https://upload.wikimedia.org/wikipedia/commons/8/82/Meteorite_explosion_over_Chelyabinsk_on_February_15%2C_2013.gif?utm_source=en.wikipedia.org&utm_campaign=api&utm_content=thumbnail_unscaled
kharkiv-ua,Kharkiv,"Kharkiv, Ukraine 🇺🇦",Ukraine,49.98177,36.25475,5,,"Kharkiv is Ukraine's second city and a university town, famous for the vast Freedom Square and the constructivist Derzhprom building.",https://thumb.wikimedia.org/wikipedia/commons/thumb/b/b2/%D0%91%D1%83%D0%B4%D0%B8%D0%BD%D0%BE%D0%BA_%D0%B7_%D1%85%D0%B8%D0%BC%D0%B5%D1%80%D0%B0%D0%BC%D0%B8%2C_%D1%81%D0%B5%D1%80%D0%BF%D0%B5%D0%BD%D1%8C_2019.jpg/500px-%D0%91%D1%83%D0%B4%D0%B8%D0%BD%D0%BE%D0%BA_%D0%B7_%D1%85%D0%B8%D0%BC%D0%B5%D1%80%D0%B0%D0%BC%D0%B8%2C_%D1%81%D0%B5%D1%80%D0%BF%D0%B5%D0%BD%D1%8C_2019.jpg?utm_source=en.wikipedia.org&utm_campaign=api&utm_content=thumbnail
nizhniy-novgorod-ru,Nizhniy Novgorod,"Nizhniy Novgorod, Russia 🇷🇺",Russia,56.32867,44.00205,7,Great Rivers,"Nizhny Novgorod is at the meeting of the Volga and Oka rivers, with a red-brick kremlin on the bluffs above.",https://thumb.wikimedia.org/wikipedia/commons/thumb/1/18/Saint_Basil%27s_Cathedral_in_Moscow.jpg/500px-Saint_Basil%27s_Cathedral_in_Moscow.jpg?utm_source=en.wikipedia.org&utm_campaign=api&utm_content=thumbnail
kazan-ru,Kazan,"Kazan, Russia 🇷🇺",Russia,55.78874,49.12214,7,,"Kazan is the capital of Tatarstan, where an Orthodox cathedral and the Kul Sharif mosque stand together inside the kremlin.",https://thumb.wikimedia.org/wikipedia/commons/thumb/1/18/Saint_Basil%27s_Cathedral_in_Moscow.jpg/500px-Saint_Basil%27s_Cathedral_in_Moscow.jpg?utm_source=en.wikipedia.org&utm_campaign=api&utm_content=thumbnail
chelyabinsk-ru,Chelyabinsk,"Chelyabinsk, Russia 🇷🇺",Russia,55.1611,61.42877,7,,Chelyabinsk is a Urals industrial city that made international headlines when a meteor exploded overhead in 2013.,https://upload.wikimedia.org/wikipedia/commons/8/82/Meteorite_explosion_over_Chelyabinsk_on_February_15%2C_2013.gif?utm_source=en.wikipedia.org&utm_campaign=api&utm_content=thumbnail_unscaled
omsk-ru,Omsk,"Omsk, Russia 🇷🇺",Russia,54.99244,73.36859,7,,Omsk is a Siberian city where Dostoevsky served four years of hard labor in a prison camp.,https://upload.wikimedia.org/wikipedia/commons/8/82/Meteorite_explosion_over_Chelyabinsk_on_February_15%2C_2013.gif?utm_source=en.wikipedia.org&utm_campaign=api&utm_content=thumbnail_unscaled
samara-ru,Samara,"Samara, Russia 🇷🇺",Russia,53.20767,50.13553,7,,Samara is a Volga city that served as the Soviet Union's backup capital during WWII and is known for Stalin's secret bunker.,https://upload.wikimedia.org/wikipedia/commons/8/82/Meteorite_explosion_over_Chelyabinsk_on_February_15%2C_2013.gif?utm_source=en.wikipedia.org&utm_campaign=api&utm_content=thumbnail_unscaled
birmingham-gb,Birmingham,"Birmingham, England",England,52.48142,-1.89983,3,,Birmingham was a powerhouse of the Industrial Revolution and claims to have more canals than Venice.,https://thumb.wikimedia.org/wikipedia/commons/thumb/3/3e/Museum_of_Oxford_%285652685943%29.jpg/500px-Museum_of_Oxford_%285652685943%29.jpg?utm_source=en.wikipedia.org&utm_campaign=api&utm_content=thumbnail
rostov-on-don-ru,Rostov-on-Don,"Rostov-on-Don, Russia 🇷🇺",Russia,47.21997,39.70769,7,,"Rostov-on-Don is a port near the mouth of the Don River, known as the 'Gateway to the Caucasus'.",https://thumb.wikimedia.org/wikipedia/commons/thumb/c/c0/Mount_Elbrus_%28cropped%29.jpg/500px-Mount_Elbrus_%28cropped%29.jpg?utm_source=en.wikipedia.org&utm_campaign=api&utm_content=thumbnail
ufa-ru,Ufa,"Ufa, Russia 🇷🇺",Russia,54.74306,55.96779,7,,"Ufa is the capital of Bashkortostan, known for its honey and the giant statue of the hero Salavat Yulaev.",https://upload.wikimedia.org/wikipedia/commons/8/82/Meteorite_explosion_over_Chelyabinsk_on_February_15%2C_2013.gif?utm_source=en.wikipedia.org&utm_campaign=api&utm_content=thumbnail_unscaled
krasnoyarsk-ru,Krasnoyarsk,"Krasnoyarsk, Russia 🇷🇺",Russia,56.03742,92.93136,7,,"Krasnoyarsk is a Siberian city on the Yenisei River next to the Stolby nature reserve, known for its giant rock pillars.",https://thumb.wikimedia.org/wikipedia/commons/thumb/a/a4/Tunguska_Ereignis-1.jpg/500px-Tunguska_Ereignis-1.jpg?utm_source=en.wikipedia.org&utm_campaign=api&utm_content=thumbnail
voronezh-ru,Voronezh,"Voronezh, Russia 🇷🇺",Russia,51.66833,39.19204,7,,Voronezh is where Peter the Great built the first ships for the Russian navy.,https://thumb.wikimedia.org/wikipedia/commons/thumb/1/18/Saint_Basil%27s_Cathedral_in_Moscow.jpg/500px-Saint_Basil%27s_Cathedral_in_Moscow.jpg?utm_source=en.wikipedia.org&utm_campaign=api&utm_content=thumbnail
volgograd-ru,Volgograd,"Volgograd, Russia 🇷🇺",Russia,48.71378,44.4976,7,,"Volgograd, formerly Stalingrad, was the site of the decisive WWII battle and is watched over by the colossal Motherland Calls statue.",https://thumb.wikimedia.org/wikipedia/commons/thumb/c/c0/Mount_Elbrus_%28cropped%29.jpg/500px-Mount_Elbrus_%28cropped%29.jpg?utm_source=en.wikipedia.org&utm_campaign=api&utm_content=thumbnail
odesa-ua,Odesa,"Odesa, Ukraine 🇺🇦",Ukraine,46.48572,30.74383,4,Port Cities,Odesa is a Black Sea port famous for its Potemkin Stairs and an opera house that is one of Europe's finest.,https://thumb.wikimedia.org/wikipedia/en/thumb/1/18/Bucharest_-_Palace_of_the_Parliament_%282024%29_%282%29.jpg/500px-Bucharest_-_Palace_of_the_Parliament_%282024%29_%282%29.jpg?utm_source=en.wikipedia.org&utm_campaign=api&utm_content=thumbnail
perm-ru,Perm,"Perm, Russia 🇷🇺",Russia,58.01046,56.25017,7,,"Perm is a city at the foot of the Urals, home to a former Gulag camp turned museum and a renowned ballet school.",https://thumb.wikimedia.org/wikipedia/commons/thumb/5/52/%D0%9F%D0%B0%D0%BC%D1%8F%D1%82%D0%BD%D0%B8%D0%BA_%D0%B4%D1%8F%D1%82%D0%BB%D0%BE%D0%B2%D1%86%D0%B0%D0%BC_%D0%BD%D0%B0_%D0%9C%D0%B8%D1%85%D0%B0%D0%B9%D0%BB%D0%BE%D0%B2%D1%81%D0%BA%D0%BE%D0%BC_%D0%BA%D0%BB%D0%B0%D0%B4%D0%B1%D0%B8%D1%89%D0%B5.jpg/500px-%D0%9F%D0%B0%D0%BC%D1%8F%D1%82%D0%BD%D0%B8%D0%BA_%D0%B4%D1%8F%D1%82%D0%BB%D0%BE%D0%B2%D1%86%D0%B0%D0%BC_%D0%BD%D0%B0_%D0%9C%D0%B8%D1%85%D0%B0%D0%B9%D0%BB%D0%BE%D0%B2%D1%81%D0%BA%D0%BE%D0%BC_%D0%BA%D0%BB%D0%B0%D0%B4%D0%B1%D0%B8%D1%89%D0%B5.jpg?utm_source=en.wikipedia.org&utm_campaign=api&utm_content=thumbnail
dnipro-ua,Dnipro,"Dnipro, Ukraine 🇺🇦",Ukraine,48.46664,35.04066,7,,"Dnipro is a major Ukrainian industrial city on the Dnieper River, once a closed city that built Soviet rockets.",https://thumb.wikimedia.org/wikipedia/commons/thumb/b/b2/%D0%91%D1%83%D0%B4%D0%B8%D0%BD%D0%BE%D0%BA_%D0%B7_%D1%85%D0%B8%D0%BC%D0%B5%D1%80%D0%B0%D0%BC%D0%B8%2C_%D1%81%D0%B5%D1%80%D0%BF%D0%B5%D0%BD%D1%8C_2019.jpg/500px-%D0%91%D1%83%D0%B4%D0%B8%D0%BD%D0%BE%D0%BA_%D0%B7_%D1%85%D0%B8%D0%BC%D0%B5%D1%80%D0%B0%D0%BC%D0%B8%2C_%D1%81%D0%B5%D1%80%D0%BF%D0%B5%D0%BD%D1%8C_2019.jpg?utm_source=en.wikipedia.org&utm_campaign=api&utm_content=thumbnail
donetsk-ua,Donetsk,"Donetsk, Ukraine 🇺🇦",Ukraine,48.023,37.80224,7,,Donetsk was founded by Welsh industrialist John Hughes in 1869 as a coal and steel town.,https://thumb.wikimedia.org/wikipedia/commons/thumb/b/b2/%D0%91%D1%83%D0%B4%D0%B8%D0%BD%D0%BE%D0%BA_%D0%B7_%D1%85%D0%B8%D0%BC%D0%B5%D1%80%D0%B0%D0%BC%D0%B8%2C_%D1%81%D0%B5%D1%80%D0%BF%D0%B5%D0%BD%D1%8C_2019.jpg/500px-%D0%91%D1%83%D0%B4%D0%B8%D0%BD%D0%BE%D0%BA_%D0%B7_%D1%85%D0%B8%D0%BC%D0%B5%D1%80%D0%B0%D0%BC%D0%B8%2C_%D1%81%D0%B5%D1%80%D0%BF%D0%B5%D0%BD%D1%8C_2019.jpg?utm_source=en.wikipedia.org&utm_campaign=api&utm_content=thumbnail
krasnodar-ru,Krasnodar,"Krasnodar, Russia 🇷🇺",Russia,45.04534,38.98178,7,,Krasnodar is the capital of Russia's fertile Kuban region and is known for its park built by billionaire Sergey Galitsky.,https://thumb.wikimedia.org/wikipedia/commons/thumb/c/c0/Mount_Elbrus_%28cropped%29.jpg/500px-Mount_Elbrus_%28cropped%29.jpg?utm_source=en.wikipedia.org&utm_campaign=api&utm_content=thumbnail
marseille-fr,Marseille,"Marseille, France 🇫🇷",France,43.29695,5.38107,2,,"Marseille is France's oldest city, founded by Greek sailors around 600 BC, and is the home of bouillabaisse.",https://thumb.wikimedia.org/wikipedia/commons/thumb/b/bb/Pont_du_Gard_panorama.jpg/500px-Pont_du_Gard_panorama.jpg
saratov-ru,Saratov,"Saratov, Russia 🇷🇺",Russia,51.54048,45.9901,7,,Saratov is a Volga city near where Yuri Gagarin landed after the first human spaceflight in 1961.,https://thumb.wikimedia.org/wikipedia/commons/thumb/1/18/Saint_Basil%27s_Cathedral_in_Moscow.jpg/500px-Saint_Basil%27s_Cathedral_in_Moscow.jpg?utm_source=en.wikipedia.org&utm_campaign=api&utm_content=thumbnail
valencia-es,Valencia,"Valencia, Spain 🇪🇸",Spain,39.47391,-0.37966,3,,"Valencia is the birthplace of paella and hosts Las Fallas, a festival where giant papier-mâché figures are burned.",https://thumb.wikimedia.org/wikipedia/commons/thumb/d/d5/Abbey_of_Montserrat_02.jpg/500px-Abbey_of_Montserrat_02.jpg?utm_source=en.wikipedia.org&utm_campaign=api&utm_content=thumbnail
tyumen-ru,Tyumen,"Tyumen, Russia 🇷🇺",Russia,57.15222,65.52722,7,,"Tyumen was the first Russian city founded in Siberia, in 1586, and is now an oil-industry hub.",https://upload.wikimedia.org/wikipedia/commons/8/82/Meteorite_explosion_over_Chelyabinsk_on_February_15%2C_2013.gif?utm_source=en.wikipedia.org&utm_campaign=api&utm_content=thumbnail_unscaled
lviv-ua,Lviv,"Lviv, Ukraine 🇺🇦",Ukraine,49.83826,24.02324,5,,Lviv is a western Ukrainian city whose UNESCO-listed old town is famous for its coffeehouses and chocolate shops.,https://thumb.wikimedia.org/wikipedia/commons/thumb/a/a3/Krakow_Rynek_Glowny_panorama_2.jpg/500px-Krakow_Rynek_Glowny_panorama_2.jpg?utm_source=en.wikipedia.org&utm_campaign=api&utm_content=thumbnail
zaporizhzhya-ua,Zaporizhzhya,"Zaporizhzhya, Ukraine 🇺🇦",Ukraine,47.85167,35.11714,7,,"Zaporizhzhia is home to Khortytsia, the Dnieper island that was the stronghold of the Zaporozhian Cossacks.",https://thumb.wikimedia.org/wikipedia/commons/thumb/b/b2/%D0%91%D1%83%D0%B4%D0%B8%D0%BD%D0%BE%D0%BA_%D0%B7_%D1%85%D0%B8%D0%BC%D0%B5%D1%80%D0%B0%D0%BC%D0%B8%2C_%D1%81%D0%B5%D1%80%D0%BF%D0%B5%D0%BD%D1%8C_2019.jpg/500px-%D0%91%D1%83%D0%B4%D0%B8%D0%BD%D0%BE%D0%BA_%D0%B7_%D1%85%D0%B8%D0%BC%D0%B5%D1%80%D0%B0%D0%BC%D0%B8%2C_%D1%81%D0%B5%D1%80%D0%BF%D0%B5%D0%BD%D1%8C_2019.jpg?utm_source=en.wikipedia.org&utm_campaign=api&utm_content=thumbnail
tolyatti-ru,Tolyatti,"Tolyatti, Russia 🇷🇺",Russia,53.5303,49.3461,7,,"Tolyatti is a Volga city built around the AvtoVAZ factory, maker of Lada cars, and is named after an Italian Communist leader.",https://upload.wikimedia.org/wikipedia/commons/8/82/Meteorite_explosion_over_Chelyabinsk_on_February_15%2C_2013.gif?utm_source=en.wikipedia.org&utm_campaign=api&utm_content=thumbnail_unscaled
sarajevo-ba,Sarajevo,"Sarajevo, Bosnia and Herzegovina 🇧🇦",Bosnia and Herzegovina,43.84864,18.35644,5,,"Sarajevo is where Archduke Franz Ferdinand was assassinated in 1914, sparking WWI, and it hosted the 1984 Winter Olympics.",https://thumb.wikimedia.org/wikipedia/commons/thumb/a/a7/Bergama_-_AKRAPOL_-_panoramio_%284%29.jpg/500px-Bergama_-_AKRAPOL_-_panoramio_%284%29.jpg?utm_source=en.wikipedia.org&utm_campaign=api&utm_content=thumbnail
zaragoza-es,Zaragoza,"Zaragoza, Spain 🇪🇸",Spain,41.65606,-0.87734,5,,Zaragoza is a city on the Ebro famous for the Basilica of Our Lady of the Pillar and the Moorish Aljafería Palace.,https://thumb.wikimedia.org/wikipedia/commons/thumb/d/d5/Abbey_of_Montserrat_02.jpg/500px-Abbey_of_Montserrat_02.jpg?utm_source=en.wikipedia.org&utm_campaign=api&utm_content=thumbnail
wrocaw-pl,Wrocław,"Wrocław, Poland 🇵🇱",Poland,51.10286,17.03006,7,,"Wrocław is a Polish city of bridges and islands, famous for the hundreds of small bronze dwarf statues around town.",https://thumb.wikimedia.org/wikipedia/commons/thumb/3/35/Auschwitz_I_%2822_May_2010%29_b.jpg/500px-Auschwitz_I_%2822_May_2010%29_b.jpg?utm_source=en.wikipedia.org&utm_campaign=api&utm_content=thumbnail
frankfurt-am-main-de,Frankfurt am Main,"Frankfurt am Main, Germany 🇩🇪",Germany,50.11552,8.68417,2,,"Frankfurt is the home of the European Central Bank and the birthplace of Goethe, with a skyline nicknamed 'Mainhattan'.",https://thumb.wikimedia.org/wikipedia/commons/thumb/c/c2/Thuringia_Eisenach_asv2020-07_img23_Wartburg_Castle.jpg/500px-Thuringia_Eisenach_asv2020-07_img23_Wartburg_Castle.jpg?utm_source=en.wikipedia.org&utm_campaign=api&utm_content=thumbnail
izhevsk-ru,Izhevsk,"Izhevsk, Russia 🇷🇺",Russia,56.85225,53.19862,7,,Izhevsk is the capital of Udmurtia and the city where the Kalashnikov rifle is made.,https://upload.wikimedia.org/wikipedia/commons/8/82/Meteorite_explosion_over_Chelyabinsk_on_February_15%2C_2013.gif?utm_source=en.wikipedia.org&utm_campaign=api&utm_content=thumbnail_unscaled
odz-pl,Łódź,"Łódź, Poland 🇵🇱",Poland,51.77058,19.47395,7,,"Łódź grew rich as a textile city in the 1800s and has one of Europe's longest shopping streets, Piotrkowska Street.",https://thumb.wikimedia.org/wikipedia/en/thumb/f/fd/Gorbunov_Palace_of_Culture.jpg/500px-Gorbunov_Palace_of_Culture.jpg?utm_source=en.wikipedia.org&utm_campaign=api&utm_content=thumbnail
chisinau-md,Chisinau,"Chisinau, Moldova 🇲🇩",Moldova,47.00902,28.85938,7,,"Chișinău is Moldova's capital and a very green city, and the nearby Mileștii Mici winery has one of the world's largest wine cellars.",https://thumb.wikimedia.org/wikipedia/commons/thumb/1/17/Castelul_Bran2.jpg/500px-Castelul_Bran2.jpg?utm_source=en.wikipedia.org&utm_campaign=api&utm_content=thumbnail
barnaul-ru,Barnaul,"Barnaul, Russia 🇷🇺",Russia,53.36199,83.72786,7,,Barnaul is a Siberian city on the Ob River and the gateway to the Altai Mountains.,https://thumb.wikimedia.org/wikipedia/commons/thumb/c/c1/Tanbaly.jpg/500px-Tanbaly.jpg?utm_source=en.wikipedia.org&utm_campaign=api&utm_content=thumbnail
ulyanovsk-ru,Ulyanovsk,"Ulyanovsk, Russia 🇷🇺",Russia,54.32824,48.38657,8,,"Ulyanovsk is the Volga city where Vladimir Lenin was born and is named after his family name, Ulyanov.",https://thumb.wikimedia.org/wikipedia/commons/thumb/1/18/Saint_Basil%27s_Cathedral_in_Moscow.jpg/500px-Saint_Basil%27s_Cathedral_in_Moscow.jpg?utm_source=en.wikipedia.org&utm_campaign=api&utm_content=thumbnail
irkutsk-ru,Irkutsk,"Irkutsk, Russia 🇷🇺",Russia,52.29566,104.29076,6,,"Irkutsk is the gateway to Lake Baikal, the world's deepest lake, and is known for its carved wooden houses.",https://thumb.wikimedia.org/wikipedia/commons/thumb/c/c2/UB_downtown.jpg/500px-UB_downtown.jpg
dusseldorf-de,Düsseldorf,"Düsseldorf, Germany 🇩🇪",Germany,51.22319,6.77927,4,,"Düsseldorf is known for fashion, Rhine riverside promenades, and its Altbier, a dark ale served in small glasses.",https://thumb.wikimedia.org/wikipedia/commons/thumb/0/04/K%C3%B6lner_Dom_-_Westfassade_2022_ohne_Ger%C3%BCst-0968_b.jpg/500px-K%C3%B6lner_Dom_-_Westfassade_2022_ohne_Ger%C3%BCst-0968_b.jpg?utm_source=en.wikipedia.org&utm_campaign=api&utm_content=thumbnail
khabarovsk-ru,Khabarovsk,"Khabarovsk, Russia 🇷🇺",Russia,48.46204,135.0971,8,,"Khabarovsk is a Russian Far East city on the Amur River, just across from China.",https://thumb.wikimedia.org/wikipedia/commons/thumb/6/62/Vladivostok._GUM_Department_Store_P8070703_2200.jpg/500px-Vladivostok._GUM_Department_Store_P8070703_2200.jpg?utm_source=en.wikipedia.org&utm_campaign=api&utm_content=thumbnail
stuttgart-de,Stuttgart,"Stuttgart, Germany 🇩🇪",Germany,48.78232,9.17702,4,,Stuttgart is the birthplace of the car and home to both Mercedes-Benz and Porsche.,https://thumb.wikimedia.org/wikipedia/commons/thumb/7/70/Burg_Hohenzollern_10-2016.jpg/500px-Burg_Hohenzollern_10-2016.jpg?utm_source=en.wikipedia.org&utm_campaign=api&utm_content=thumbnail
yaroslavl-ru,Yaroslavl,"Yaroslavl, Russia 🇷🇺",Russia,57.62987,39.87368,8,,Yaroslavl is one of the oldest cities on the Volga and part of Russia's Golden Ring of historic towns.,https://thumb.wikimedia.org/wikipedia/commons/thumb/8/85/Saint_Basil%27s_Cathedral_and_the_Red_Square.jpg/500px-Saint_Basil%27s_Cathedral_and_the_Red_Square.jpg
kryvyy-rih-ua,Kryvyy Rih,"Kryvyy Rih, Ukraine 🇺🇦",Ukraine,47.90572,33.39404,8,,"Kryvyi Rih is a Ukrainian iron-ore city stretching over 100 km, one of Europe's longest cities.",https://thumb.wikimedia.org/wikipedia/commons/thumb/b/b2/%D0%91%D1%83%D0%B4%D0%B8%D0%BD%D0%BE%D0%BA_%D0%B7_%D1%85%D0%B8%D0%BC%D0%B5%D1%80%D0%B0%D0%BC%D0%B8%2C_%D1%81%D0%B5%D1%80%D0%BF%D0%B5%D0%BD%D1%8C_2019.jpg/500px-%D0%91%D1%83%D0%B4%D0%B8%D0%BD%D0%BE%D0%BA_%D0%B7_%D1%85%D0%B8%D0%BC%D0%B5%D1%80%D0%B0%D0%BC%D0%B8%2C_%D1%81%D0%B5%D1%80%D0%BF%D0%B5%D0%BD%D1%8C_2019.jpg?utm_source=en.wikipedia.org&utm_campaign=api&utm_content=thumbnail
makhachkala-ru,Makhachkala,"Makhachkala, Russia 🇷🇺",Russia,42.97782,47.50027,8,,"Makhachkala is the capital of Dagestan, on the Caspian Sea coast, in one of Russia's most diverse regions.",https://thumb.wikimedia.org/wikipedia/commons/thumb/4/45/View_of_Tbilisi_from_Tabori_Church_2023-10-08-2.jpg/500px-View_of_Tbilisi_from_Tabori_Church_2023-10-08-2.jpg
essen-de,Essen,"Essen, Germany 🇩🇪",Germany,51.45657,7.01228,5,,"Essen was once Europe's biggest coal and steel city, and its Zollverein colliery is now a UNESCO World Heritage Site.",https://thumb.wikimedia.org/wikipedia/commons/thumb/0/04/K%C3%B6lner_Dom_-_Westfassade_2022_ohne_Ger%C3%BCst-0968_b.jpg/500px-K%C3%B6lner_Dom_-_Westfassade_2022_ohne_Ger%C3%BCst-0968_b.jpg?utm_source=en.wikipedia.org&utm_campaign=api&utm_content=thumbnail
dortmund-de,Dortmund,"Dortmund, Germany 🇩🇪",Germany,51.51494,7.466,5,,"Dortmund is famous for Borussia Dortmund and its 'Yellow Wall' stadium stand, one of the loudest in football.",https://thumb.wikimedia.org/wikipedia/commons/thumb/0/04/K%C3%B6lner_Dom_-_Westfassade_2022_ohne_Ger%C3%BCst-0968_b.jpg/500px-K%C3%B6lner_Dom_-_Westfassade_2022_ohne_Ger%C3%BCst-0968_b.jpg?utm_source=en.wikipedia.org&utm_campaign=api&utm_content=thumbnail
tomsk-ru,Tomsk,"Tomsk, Russia 🇷🇺",Russia,56.50049,84.98216,8,,Tomsk is a Siberian university city known for its ornate wooden houses decorated with carved lace-like designs.,https://thumb.wikimedia.org/wikipedia/commons/thumb/a/a4/Tunguska_Ereignis-1.jpg/500px-Tunguska_Ereignis-1.jpg?utm_source=en.wikipedia.org&utm_campaign=api&utm_content=thumbnail
orenburg-ru,Orenburg,"Orenburg, Russia 🇷🇺",Russia,51.76712,55.09883,8,,"Orenburg is on the Ural River near the border with Kazakhstan, and is famous for its delicate goat-down shawls.",https://upload.wikimedia.org/wikipedia/commons/8/82/Meteorite_explosion_over_Chelyabinsk_on_February_15%2C_2013.gif?utm_source=en.wikipedia.org&utm_campaign=api&utm_content=thumbnail_unscaled
kemerovo-ru,Kemerovo,"Kemerovo, Russia 🇷🇺",Russia,55.35417,86.10435,8,,"Kemerovo is the capital of the Kuzbass, one of the world's largest coal basins.",https://thumb.wikimedia.org/wikipedia/commons/thumb/a/a4/Tunguska_Ereignis-1.jpg/500px-Tunguska_Ereignis-1.jpg?utm_source=en.wikipedia.org&utm_campaign=api&utm_content=thumbnail
sheffield-gb,Sheffield,"Sheffield, England",England,53.38297,-1.4659,4,,Sheffield is known as the 'Steel City' and was where stainless steel was invented in 1913.,https://thumb.wikimedia.org/wikipedia/commons/thumb/f/f8/Sir_Ernest_Rutherford_LCCN2014716719_-_restoration1.jpg/500px-Sir_Ernest_Rutherford_LCCN2014716719_-_restoration1.jpg?utm_source=en.wikipedia.org&utm_campaign=api&utm_content=thumbnail
pristina-xk,Pristina,"Pristina, Kosovo 🇽🇰",Kosovo,42.67272,21.16688,6,,"Pristina is Kosovo's capital and is known for its unusual National Library, covered in a metal lattice and domes.",https://thumb.wikimedia.org/wikipedia/commons/thumb/2/2f/Panoramic_view_over_central_Sofia_and_the_Vitosha_Mountain_2017-10-08.jpg/500px-Panoramic_view_over_central_Sofia_and_the_Vitosha_Mountain_2017-10-08.jpg?utm_source=en.wikipedia.org&utm_campaign=api&utm_content=thumbnail
ecatepec-de-morelos-mx,Ecatepec de Morelos,"Ecatepec de Morelos, Mexico 🇲🇽",Mexico,19.60492,-99.06064,8,,"Ecatepec is one of Mexico's most populous municipalities, sprawling across the north of greater Mexico City.",https://thumb.wikimedia.org/wikipedia/commons/thumb/4/4f/Sobrevuelos_CDMX_HJ2A4913_%2825514321687%29_%28cropped%29.jpg/500px-Sobrevuelos_CDMX_HJ2A4913_%2825514321687%29_%28cropped%29.jpg
santiago-de-queretaro-mx,Santiago de Querétaro,"Santiago de Querétaro, Mexico 🇲🇽",Mexico,20.58806,-100.38806,6,,Querétaro is a colonial city where the plot for Mexico's independence was hatched and the 1917 constitution was signed.,https://thumb.wikimedia.org/wikipedia/commons/thumb/4/4f/Sobrevuelos_CDMX_HJ2A4913_%2825514321687%29_%28cropped%29.jpg/500px-Sobrevuelos_CDMX_HJ2A4913_%2825514321687%29_%28cropped%29.jpg
leon-de-los-aldama-mx,León de los Aldama,"León de los Aldama, Mexico 🇲🇽",Mexico,21.12183,-101.68253,6,,León is Mexico's leather and shoe capital and hosts a huge international hot-air balloon festival.,https://thumb.wikimedia.org/wikipedia/commons/thumb/3/38/Panor%C3%A1mica_Guadalajara_desde_edificio_Bansi_hacia_norte_%28cropped%29.jpg/500px-Panor%C3%A1mica_Guadalajara_desde_edificio_Bansi_hacia_norte_%28cropped%29.jpg?utm_source=en.wikipedia.org&utm_campaign=api&utm_content=thumbnail
ciudad-juarez-mx,Ciudad Juárez,"Ciudad Juárez, Mexico 🇲🇽",Mexico,31.72024,-106.46084,4,,"Ciudad Juárez sits across the Rio Grande from El Paso, Texas, and is said to be where the burrito was born.",https://thumb.wikimedia.org/wikipedia/commons/thumb/d/dd/Carlsbad_Interior_Formations.jpg/500px-Carlsbad_Interior_Formations.jpg?utm_source=en.wikipedia.org&utm_campaign=api&utm_content=thumbnail
zapopan-mx,Zapopan,"Zapopan, Mexico 🇲🇽",Mexico,20.72111,-103.38742,4,,Zapopan is part of greater Guadalajara and holds the Basilica of Our Lady of Zapopan and the Estadio Akron.,https://thumb.wikimedia.org/wikipedia/commons/thumb/3/38/Panor%C3%A1mica_Guadalajara_desde_edificio_Bansi_hacia_norte_%28cropped%29.jpg/500px-Panor%C3%A1mica_Guadalajara_desde_edificio_Bansi_hacia_norte_%28cropped%29.jpg?utm_source=en.wikipedia.org&utm_campaign=api&utm_content=thumbnail
merida-mx,Mérida,"Mérida, Mexico 🇲🇽",Mexico,20.967,-89.62318,5,,"Mérida is the capital of Yucatán, nicknamed the 'White City' and a gateway to Mayan ruins like Chichén Itzá.",https://thumb.wikimedia.org/wikipedia/commons/thumb/d/d2/Dzilam_de_Bravo%2C_Yucat%C3%A1n_%2804%29.JPG/500px-Dzilam_de_Bravo%2C_Yucat%C3%A1n_%2804%29.JPG?utm_source=en.wikipedia.org&utm_campaign=api&utm_content=thumbnail
gustavo-adolfo-madero-mx,Gustavo Adolfo Madero,"Gustavo Adolfo Madero, Mexico 🇲🇽",Mexico,19.49392,-99.11075,5,,"Gustavo A. Madero is a Mexico City borough that holds the Basilica of Our Lady of Guadalupe, one of the world's most visited Catholic shrines.",https://thumb.wikimedia.org/wikipedia/commons/thumb/4/4f/Sobrevuelos_CDMX_HJ2A4913_%2825514321687%29_%28cropped%29.jpg/500px-Sobrevuelos_CDMX_HJ2A4913_%2825514321687%29_%28cropped%29.jpg
ciudad-nezahualcoyotl-mx,Ciudad Nezahualcoyotl,"Ciudad Nezahualcoyotl, Mexico 🇲🇽",Mexico,19.40061,-99.01483,6,,Ciudad Nezahualcóyotl was built on the dried bed of Lake Texcoco and named after a famous Aztec poet-king.,https://thumb.wikimedia.org/wikipedia/commons/thumb/4/4f/Sobrevuelos_CDMX_HJ2A4913_%2825514321687%29_%28cropped%29.jpg/500px-Sobrevuelos_CDMX_HJ2A4913_%2825514321687%29_%28cropped%29.jpg
mexicali-mx,Mexicali,"Mexicali, Mexico 🇲🇽",Mexico,32.62781,-115.45446,5,,"Mexicali is the capital of Baja California, right on the US border, and has a large Chinese community and food scene.",https://thumb.wikimedia.org/wikipedia/commons/thumb/f/f5/Templo_Tijuana_Mexico_%28cropped%29.jpg/500px-Templo_Tijuana_Mexico_%28cropped%29.jpg?utm_source=en.wikipedia.org&utm_campaign=api&utm_content=thumbnail
chihuahua-mx,Chihuahua,"Chihuahua, Mexico 🇲🇽",Mexico,28.63528,-106.08889,6,,Chihuahua is the capital of Mexico's largest state and the city where independence hero Miguel Hidalgo was executed.,https://thumb.wikimedia.org/wikipedia/commons/thumb/6/66/Barranca_del_cobre_2.jpg/500px-Barranca_del_cobre_2.jpg?utm_source=en.wikipedia.org&utm_campaign=api&utm_content=thumbnail
naucalpan-de-juarez-mx,Naucalpan de Juárez,"Naucalpan de Juárez, Mexico 🇲🇽",Mexico,19.47851,-99.23963,8,,"Naucalpan is an industrial city in greater Mexico City, home to the Ciudad Satélite towers and the Toreo bullring site.",https://thumb.wikimedia.org/wikipedia/commons/thumb/4/4f/Sobrevuelos_CDMX_HJ2A4913_%2825514321687%29_%28cropped%29.jpg/500px-Sobrevuelos_CDMX_HJ2A4913_%2825514321687%29_%28cropped%29.jpg
hermosillo-mx,Hermosillo,"Hermosillo, Mexico 🇲🇽",Mexico,29.08874,-110.96677,8,,"Hermosillo is the capital of Sonora, set in the desert and known for its carne asada and very hot summers.",https://thumb.wikimedia.org/wikipedia/commons/thumb/6/66/Barranca_del_cobre_2.jpg/500px-Barranca_del_cobre_2.jpg?utm_source=en.wikipedia.org&utm_campaign=api&utm_content=thumbnail
culiacan-mx,Culiacán,"Culiacán, Mexico 🇲🇽",Mexico,24.80209,-107.39421,8,,"Culiacán is the capital of Sinaloa, in the middle of one of Mexico's richest farming regions.",https://thumb.wikimedia.org/wikipedia/commons/thumb/6/66/Barranca_del_cobre_2.jpg/500px-Barranca_del_cobre_2.jpg?utm_source=en.wikipedia.org&utm_campaign=api&utm_content=thumbnail
winnipeg-ca,Winnipeg,"Winnipeg, Canada 🇨🇦",Canada,49.8844,-97.14704,3,,Winnipeg is at the meeting of the Red and Assiniboine rivers and gave its name to the bear that inspired Winnie-the-Pooh.,https://thumb.wikimedia.org/wikipedia/commons/thumb/3/38/SarahLake.jpg/500px-SarahLake.jpg?utm_source=en.wikipedia.org&utm_campaign=api&utm_content=thumbnail
morelia-mx,Morelia,"Morelia, Mexico 🇲🇽",Mexico,19.70078,-101.18443,8,,Morelia is a colonial city built from pink stone and is a winter gateway to the monarch butterfly sanctuaries.,https://thumb.wikimedia.org/wikipedia/commons/thumb/f/f0/Estadio_Ol%C3%ADmpico_Universitario_-_2026_-_04.jpg/500px-Estadio_Ol%C3%ADmpico_Universitario_-_2026_-_04.jpg?utm_source=en.wikipedia.org&utm_campaign=api&utm_content=thumbnail
torreon-mx,Torreón,"Torreón, Mexico 🇲🇽",Mexico,25.54389,-103.41898,8,,"Torreón is an industrial city in northern Mexico, overlooked by a huge Cristo de las Noas statue.",https://thumb.wikimedia.org/wikipedia/commons/thumb/d/de/View_of_Monterrey_%282015%29.jpg/500px-View_of_Monterrey_%282015%29.jpg?utm_source=en.wikipedia.org&utm_campaign=api&utm_content=thumbnail
san-luis-potosi-mx,San Luis Potosí,"San Luis Potosí, Mexico 🇲🇽",Mexico,22.15234,-100.97135,8,Mining Towns,"San Luis Potosí grew rich on silver mining and is now a manufacturing hub, with a well-preserved colonial center.",https://thumb.wikimedia.org/wikipedia/commons/thumb/3/38/Panor%C3%A1mica_Guadalajara_desde_edificio_Bansi_hacia_norte_%28cropped%29.jpg/500px-Panor%C3%A1mica_Guadalajara_desde_edificio_Bansi_hacia_norte_%28cropped%29.jpg?utm_source=en.wikipedia.org&utm_campaign=api&utm_content=thumbnail
aguascalientes-mx,Aguascalientes,"Aguascalientes, Mexico 🇲🇽",Mexico,21.88262,-102.2843,8,,"Aguascalientes is named for its hot springs and hosts the San Marcos Fair, one of Mexico's biggest festivals.",https://thumb.wikimedia.org/wikipedia/commons/thumb/3/38/Panor%C3%A1mica_Guadalajara_desde_edificio_Bansi_hacia_norte_%28cropped%29.jpg/500px-Panor%C3%A1mica_Guadalajara_desde_edificio_Bansi_hacia_norte_%28cropped%29.jpg?utm_source=en.wikipedia.org&utm_campaign=api&utm_content=thumbnail
mississauga-ca,Mississauga,"Mississauga, Canada 🇨🇦",Canada,43.5789,-79.6583,4,,Mississauga is a large city west of Toronto that holds Toronto Pearson International Airport.,https://thumb.wikimedia.org/wikipedia/commons/thumb/4/48/CN_Tower_logo.png/500px-CN_Tower_logo.png?utm_source=en.wikipedia.org&utm_campaign=api&utm_content=thumbnail
saltillo-mx,Saltillo,"Saltillo, Mexico 🇲🇽",Mexico,25.42595,-100.97963,8,,"Saltillo is the capital of Coahuila, famous for its colorful sarape blankets and its auto-making industry.",https://thumb.wikimedia.org/wikipedia/commons/thumb/d/de/View_of_Monterrey_%282015%29.jpg/500px-View_of_Monterrey_%282015%29.jpg?utm_source=en.wikipedia.org&utm_campaign=api&utm_content=thumbnail
guadalupe-mx,Guadalupe,"Guadalupe, Mexico 🇲🇽",Mexico,25.67663,-100.25907,9,,"Guadalupe is part of greater Monterrey and holds Estadio BBVA, the home of the Rayados football club.",https://thumb.wikimedia.org/wikipedia/commons/thumb/d/de/View_of_Monterrey_%282015%29.jpg/500px-View_of_Monterrey_%282015%29.jpg?utm_source=en.wikipedia.org&utm_campaign=api&utm_content=thumbnail
acapulco-de-juarez-mx,Acapulco de Juárez,"Acapulco de Juárez, Mexico 🇲🇽",Mexico,16.84942,-99.90891,4,,Acapulco is a Pacific resort city famous for its La Quebrada cliff divers.,https://thumb.wikimedia.org/wikipedia/commons/thumb/0/07/Vista_a%C3%A9rea_del_Estadio_Azteca_-_2026_-_02.jpg/500px-Vista_a%C3%A9rea_del_Estadio_Azteca_-_2026_-_02.jpg?utm_source=en.wikipedia.org&utm_campaign=api&utm_content=thumbnail
brampton-ca,Brampton,"Brampton, Canada 🇨🇦",Canada,43.68341,-79.76633,4,,Brampton is a fast-growing city near Toronto with one of Canada's largest South Asian communities.,https://thumb.wikimedia.org/wikipedia/commons/thumb/4/48/CN_Tower_logo.png/500px-CN_Tower_logo.png?utm_source=en.wikipedia.org&utm_campaign=api&utm_content=thumbnail
tlalnepantla-mx,Tlalnepantla,"Tlalnepantla, Mexico 🇲🇽",Mexico,19.54005,-99.19538,6,,"Tlalnepantla is an industrial city on Mexico City's northern edge, with the Aztec pyramid of Tenayuca nearby.",https://thumb.wikimedia.org/wikipedia/commons/thumb/4/4f/Sobrevuelos_CDMX_HJ2A4913_%2825514321687%29_%28cropped%29.jpg/500px-Sobrevuelos_CDMX_HJ2A4913_%2825514321687%29_%28cropped%29.jpg
tlaquepaque-mx,Tlaquepaque,"Tlaquepaque, Mexico 🇲🇽",Mexico,20.64121,-103.29342,7,,"Tlaquepaque is part of greater Guadalajara, famous for its crafts, ceramics, and mariachi music.",https://thumb.wikimedia.org/wikipedia/commons/thumb/3/38/Panor%C3%A1mica_Guadalajara_desde_edificio_Bansi_hacia_norte_%28cropped%29.jpg/500px-Panor%C3%A1mica_Guadalajara_desde_edificio_Bansi_hacia_norte_%28cropped%29.jpg?utm_source=en.wikipedia.org&utm_campaign=api&utm_content=thumbnail
coyoacan-mx,Coyoacán,"Coyoacán, Mexico 🇲🇽",Mexico,19.3467,-99.16174,4,,Coyoacán is a leafy Mexico City borough where Frida Kahlo's Blue House stands.,https://thumb.wikimedia.org/wikipedia/commons/thumb/f/f0/Estadio_Ol%C3%ADmpico_Universitario_-_2026_-_04.jpg/500px-Estadio_Ol%C3%ADmpico_Universitario_-_2026_-_04.jpg?utm_source=en.wikipedia.org&utm_campaign=api&utm_content=thumbnail
tuxtla-mx,Tuxtla,"Tuxtla, Mexico 🇲🇽",Mexico,16.75357,-93.11578,6,,Tuxtla Gutiérrez is the capital of Chiapas and the gateway to the deep Sumidero Canyon.,https://thumb.wikimedia.org/wikipedia/commons/thumb/7/75/Tikal_3.jpg/500px-Tikal_3.jpg?utm_source=en.wikipedia.org&utm_campaign=api&utm_content=thumbnail
reynosa-mx,Reynosa,"Reynosa, Mexico 🇲🇽",Mexico,26.08005,-98.28456,6,,"Reynosa is a border city across the Rio Grande from McAllen, Texas, with many factories assembling goods for the US.",https://thumb.wikimedia.org/wikipedia/commons/thumb/d/de/View_of_Monterrey_%282015%29.jpg/500px-View_of_Monterrey_%282015%29.jpg?utm_source=en.wikipedia.org&utm_campaign=api&utm_content=thumbnail
hamilton-ca,Hamilton,"Hamilton, Canada 🇨🇦",Canada,43.25011,-79.84963,4,,"Hamilton is known as Canada's 'Steel City' and the 'Waterfall Capital of the World', with over 100 waterfalls.",https://thumb.wikimedia.org/wikipedia/commons/thumb/4/48/CN_Tower_logo.png/500px-CN_Tower_logo.png?utm_source=en.wikipedia.org&utm_campaign=api&utm_content=thumbnail
surrey-ca,Surrey,"Surrey, Canada 🇨🇦",Canada,49.10635,-122.82509,4,,Surrey is a fast-growing city in Metro Vancouver and is set to become British Columbia's largest city.,https://thumb.wikimedia.org/wikipedia/commons/thumb/3/33/Skyline_of_Vancouver%2C_Canada.jpg/500px-Skyline_of_Vancouver%2C_Canada.jpg?utm_source=en.wikipedia.org&utm_campaign=api&utm_content=thumbnail
cuautitlan-izcalli-mx,Cuautitlán Izcalli,"Cuautitlán Izcalli, Mexico 🇲🇽",Mexico,19.64388,-99.21598,7,,Cuautitlán Izcalli is a planned city founded in 1971 north of Mexico City.,https://thumb.wikimedia.org/wikipedia/commons/thumb/4/4f/Sobrevuelos_CDMX_HJ2A4913_%2825514321687%29_%28cropped%29.jpg/500px-Sobrevuelos_CDMX_HJ2A4913_%2825514321687%29_%28cropped%29.jpg
victoria-de-durango-mx,Victoria de Durango,"Victoria de Durango, Mexico 🇲🇽",Mexico,24.02032,-104.65756,9,,Durango is a colonial city in northern Mexico and a former filming location for many classic Western movies.,https://thumb.wikimedia.org/wikipedia/commons/thumb/3/38/Panor%C3%A1mica_Guadalajara_desde_edificio_Bansi_hacia_norte_%28cropped%29.jpg/500px-Panor%C3%A1mica_Guadalajara_desde_edificio_Bansi_hacia_norte_%28cropped%29.jpg?utm_source=en.wikipedia.org&utm_campaign=api&utm_content=thumbnail
heroica-matamoros-mx,Heroica Matamoros,"Heroica Matamoros, Mexico 🇲🇽",Mexico,25.87972,-97.50417,6,,"Matamoros sits across the Rio Grande from Brownsville, Texas, near the Gulf of Mexico.",https://thumb.wikimedia.org/wikipedia/commons/thumb/d/de/View_of_Monterrey_%282015%29.jpg/500px-View_of_Monterrey_%282015%29.jpg?utm_source=en.wikipedia.org&utm_campaign=api&utm_content=thumbnail
toluca-mx,Toluca,"Toluca, Mexico 🇲🇽",Mexico,19.28786,-99.65324,5,,"Toluca is one of the highest cities in North America at about 2,660 meters, famous for its chorizo and the Nevado de Toluca volcano.",https://thumb.wikimedia.org/wikipedia/commons/thumb/f/f0/Estadio_Ol%C3%ADmpico_Universitario_-_2026_-_04.jpg/500px-Estadio_Ol%C3%ADmpico_Universitario_-_2026_-_04.jpg?utm_source=en.wikipedia.org&utm_campaign=api&utm_content=thumbnail
ciudad-lopez-mateos-mx,Ciudad López Mateos,"Ciudad López Mateos, Mexico 🇲🇽",Mexico,19.55793,-99.25675,7,,"Ciudad López Mateos, part of Atizapán, is a suburb of Mexico City spread over hilly terrain.",https://thumb.wikimedia.org/wikipedia/commons/thumb/4/4f/Sobrevuelos_CDMX_HJ2A4913_%2825514321687%29_%28cropped%29.jpg/500px-Sobrevuelos_CDMX_HJ2A4913_%2825514321687%29_%28cropped%29.jpg
ciudad-apodaca-mx,Ciudad Apodaca,"Ciudad Apodaca, Mexico 🇲🇽",Mexico,25.78143,-100.18911,8,,Apodaca is part of greater Monterrey and holds the city's international airport.,https://thumb.wikimedia.org/wikipedia/commons/thumb/d/de/View_of_Monterrey_%282015%29.jpg/500px-View_of_Monterrey_%282015%29.jpg?utm_source=en.wikipedia.org&utm_campaign=api&utm_content=thumbnail
ciudad-general-escobedo-mx,Ciudad General Escobedo,"Ciudad General Escobedo, Mexico 🇲🇽",Mexico,25.79663,-100.31767,8,,General Escobedo is a fast-growing industrial municipality on the northern edge of Monterrey.,https://thumb.wikimedia.org/wikipedia/commons/thumb/d/de/View_of_Monterrey_%282015%29.jpg/500px-View_of_Monterrey_%282015%29.jpg?utm_source=en.wikipedia.org&utm_campaign=api&utm_content=thumbnail
ensenada-mx,Ensenada,"Ensenada, Mexico 🇲🇽",Mexico,31.87149,-116.60071,4,,Ensenada is a Baja California port famous for fish tacos and the nearby Valle de Guadalupe wine country.,https://thumb.wikimedia.org/wikipedia/commons/thumb/f/f5/Templo_Tijuana_Mexico_%28cropped%29.jpg/500px-Templo_Tijuana_Mexico_%28cropped%29.jpg?utm_source=en.wikipedia.org&utm_campaign=api&utm_content=thumbnail
xochimilco-mx,Xochimilco,"Xochimilco, Mexico 🇲🇽",Mexico,19.25465,-99.10356,4,,"Xochimilco is famous for its ancient canals and chinampas, where colorful trajinera boats carry mariachis and partygoers.",https://thumb.wikimedia.org/wikipedia/commons/thumb/0/07/Vista_a%C3%A9rea_del_Estadio_Azteca_-_2026_-_02.jpg/500px-Vista_a%C3%A9rea_del_Estadio_Azteca_-_2026_-_02.jpg?utm_source=en.wikipedia.org&utm_campaign=api&utm_content=thumbnail
laval-ca,Laval,"Laval, Canada 🇨🇦",Canada,45.56995,-73.692,3,,"Laval is a city on Île Jésus, just north of Montreal, and is Quebec's third-largest city.",https://thumb.wikimedia.org/wikipedia/commons/thumb/9/9f/Montreal%2C_Quebec_skyline.jpg/500px-Montreal%2C_Quebec_skyline.jpg?utm_source=en.wikipedia.org&utm_campaign=api&utm_content=thumbnail
veracruz-mx,Veracruz,"Veracruz, Mexico 🇲🇽",Mexico,19.18095,-96.1429,5,,"Veracruz was Mexico's first Spanish port, founded by Hernán Cortés in 1519, and is known for its lively carnival.",https://thumb.wikimedia.org/wikipedia/commons/thumb/a/a5/Mexico-Popocatepetl.jpg/500px-Mexico-Popocatepetl.jpg?utm_source=en.wikipedia.org&utm_campaign=api&utm_content=thumbnail
xalapa-de-enriquez-mx,Xalapa de Enríquez,"Xalapa de Enríquez, Mexico 🇲🇽",Mexico,19.53124,-96.91589,6,,Xalapa is the capital of Veracruz state and gave its name to the jalapeño pepper.,https://thumb.wikimedia.org/wikipedia/commons/thumb/a/a5/Mexico-Popocatepetl.jpg/500px-Mexico-Popocatepetl.jpg?utm_source=en.wikipedia.org&utm_campaign=api&utm_content=thumbnail
nuevo-laredo-mx,Nuevo Laredo,"Nuevo Laredo, Mexico 🇲🇽",Mexico,27.47629,-99.51639,3,,"Nuevo Laredo is across the Rio Grande from Laredo, Texas, and is the busiest land port for US-Mexico trade.",https://thumb.wikimedia.org/wikipedia/commons/thumb/d/de/View_of_Monterrey_%282015%29.jpg/500px-View_of_Monterrey_%282015%29.jpg?utm_source=en.wikipedia.org&utm_campaign=api&utm_content=thumbnail
azcapotzalco-mx,Azcapotzalco,"Azcapotzalco, Mexico 🇲🇽",Mexico,19.48698,-99.18594,5,,Azcapotzalco was the capital of the Tepanec kingdom before the Aztecs rose to power and is now a Mexico City borough.,https://thumb.wikimedia.org/wikipedia/commons/thumb/4/4f/Sobrevuelos_CDMX_HJ2A4913_%2825514321687%29_%28cropped%29.jpg/500px-Sobrevuelos_CDMX_HJ2A4913_%2825514321687%29_%28cropped%29.jpg
san-nicolas-de-los-garza-mx,San Nicolás de los Garza,"San Nicolás de los Garza, Mexico 🇲🇽",Mexico,25.74167,-100.30222,8,,San Nicolás de los Garza is part of greater Monterrey and home to the main campus of the Autonomous University of Nuevo León.,https://thumb.wikimedia.org/wikipedia/commons/thumb/d/de/View_of_Monterrey_%282015%29.jpg/500px-View_of_Monterrey_%282015%29.jpg?utm_source=en.wikipedia.org&utm_campaign=api&utm_content=thumbnail
ojo-de-agua-mx,Ojo de Agua,"Ojo de Agua, Mexico 🇲🇽",Mexico,19.68028,-99.01,7,,"Ojo de Agua is a fast-growing community in the State of Mexico, named after a natural spring.",https://thumb.wikimedia.org/wikipedia/commons/thumb/a/a7/ZA77_Teotihuac%C3%A1n_edo_de_mex_Herberto_de_la_rosa.jpg/500px-ZA77_Teotihuac%C3%A1n_edo_de_mex_Herberto_de_la_rosa.jpg?utm_source=en.wikipedia.org&utm_campaign=api&utm_content=thumbnail
iztacalco-mx,Iztacalco,"Iztacalco, Mexico 🇲🇽",Mexico,19.39528,-99.09778,5,,"Iztacalco is Mexico City's smallest borough and is home to the Autódromo Hermanos Rodríguez, where the Mexican Grand Prix is held.",https://thumb.wikimedia.org/wikipedia/commons/thumb/4/4f/Sobrevuelos_CDMX_HJ2A4913_%2825514321687%29_%28cropped%29.jpg/500px-Sobrevuelos_CDMX_HJ2A4913_%2825514321687%29_%28cropped%29.jpg
mazatlan-mx,Mazatlán,"Mazatlán, Mexico 🇲🇽",Mexico,23.22163,-106.41885,4,,Mazatlán is a Pacific resort known for its long Malecón boardwalk and a lively carnival.,https://thumb.wikimedia.org/wikipedia/commons/thumb/3/38/Panor%C3%A1mica_Guadalajara_desde_edificio_Bansi_hacia_norte_%28cropped%29.jpg/500px-Panor%C3%A1mica_Guadalajara_desde_edificio_Bansi_hacia_norte_%28cropped%29.jpg?utm_source=en.wikipedia.org&utm_campaign=api&utm_content=thumbnail
irapuato-mx,Irapuato,"Irapuato, Mexico 🇲🇽",Mexico,20.671,-101.35577,7,,Irapuato is known as Mexico's 'World Capital of Strawberries'.,https://thumb.wikimedia.org/wikipedia/commons/thumb/3/38/Panor%C3%A1mica_Guadalajara_desde_edificio_Bansi_hacia_norte_%28cropped%29.jpg/500px-Panor%C3%A1mica_Guadalajara_desde_edificio_Bansi_hacia_norte_%28cropped%29.jpg?utm_source=en.wikipedia.org&utm_campaign=api&utm_content=thumbnail
miguel-hidalgo-mx,Miguel Hidalgo,"Miguel Hidalgo, Mexico 🇲🇽",Mexico,19.43411,-99.20024,4,,"Miguel Hidalgo is a Mexico City borough that holds Chapultepec Park and Castle, as well as the wealthy Polanco neighborhood.",https://thumb.wikimedia.org/wikipedia/commons/thumb/4/4f/Sobrevuelos_CDMX_HJ2A4913_%2825514321687%29_%28cropped%29.jpg/500px-Sobrevuelos_CDMX_HJ2A4913_%2825514321687%29_%28cropped%29.jpg
mount-pinatubo,Mount Pinatubo,"Mount Pinatubo, Philippines 🇵🇭",Philippines,15.141667,120.35,5,Volcanoes,Its 1991 eruption was the twentieth century’s second-largest volcanic eruption and temporarily cooled the planet.,https://thumb.wikimedia.org/wikipedia/commons/thumb/4/48/Mt_Pinatubo_trekking_-_panoramio_%285%29.jpg/3840px-Mt_Pinatubo_trekking_-_panoramio_%285%29.jpg
geneva,Geneva,"Geneva, Switzerland 🇨🇭",Switzerland,46.201667,6.146944,1,,This lakeside city hosts the European headquarters of the United Nations and gave its name to the Geneva Conventions.,https://upload.wikimedia.org/wikipedia/commons/a/ab/Geneve_2005_001_Ork.ch.jpg
muscat,Muscat,"Muscat, Oman 🇴🇲",Oman,23.588889,58.408333,4,Middle East,This port between rugged mountains and the sea has been a trading crossroads for more than two millennia.,https://upload.wikimedia.org/wikipedia/commons/thumb/4/44/Al_Alam_Palace.jpg/3840px-Al_Alam_Palace.jpg
mount-rinjani,Mount Rinjani,"Mount Rinjani, Indonesia 🇮🇩",Indonesia,-8.414414,116.459767,6,Volcanoes,This active volcano rises above Lombok and contains a vast caldera lake surrounding a younger volcanic cone.,https://upload.wikimedia.org/wikipedia/commons/4/4c/KAGAGAHAN_RIJANI.jpg
macau,Macau,Macau 🇲🇴,China,22.19,113.54,1,,"A Portuguese-administered port until 1999, it is now famous for a casino economy larger than Las Vegas’s.",https://upload.wikimedia.org/wikipedia/commons/1/14/Macau_Skyline_%28157820121%29.jpeg
great-ocean-road,Great Ocean Road,"Great Ocean Road, Australia 🇦🇺",Australia,-38.733825,143.687269,1,,"Built by returning soldiers after World War I, this road follows a spectacular stretch of cliffs and surf.",https://upload.wikimedia.org/wikipedia/commons/4/40/2009-0825-GreatOceanRoadsign.jpg
nara,Nara,"Nara, Japan 🇯🇵",Japan,34.684444,135.805,1,,"Deer roam freely around this former imperial capital, whose great temple houses one of the world’s largest bronze Buddhas.",https://upload.wikimedia.org/wikipedia/commons/2/2f/T%C5%8Ddai-ji_Kon-d%C5%8D.jpg
gold-coast,Gold Coast,"Gold Coast, Australia 🇦🇺",Australia,-27.9983,153.3344,1,,Skyscrapers line long surf beaches in one of the Southern Hemisphere’s best-known resort destinations.,https://thumb.wikimedia.org/wikipedia/commons/thumb/a/aa/Gold_Coast_skyline_%28Unsplash%29.jpg/3840px-Gold_Coast_skyline_%28Unsplash%29.jpg
great-blue-hole,Great Blue Hole,"Great Blue Hole, Belize 🇧🇿",Belize,17.315278,-87.534444,4,Caribbean,This nearly circular underwater sinkhole is more than 300 meters across and became famous through Jacques Cousteau.,https://upload.wikimedia.org/wikipedia/commons/6/61/Great_Blue_Hole.jpg
suez-canal,Suez Canal,"Suez Canal, Egypt 🇪🇬",Egypt,30.705,32.344167,1,,"Opened in 1869, this sea-level canal lets ships travel between two major seas without sailing around Africa.",https://upload.wikimedia.org/wikipedia/commons/c/c9/Iss016e019375.jpg
mississippi-river-delta,Mississippi River Delta,"Mississippi River Delta, United States 🇺🇸",United States,29.151111,-89.253333,1,Great Rivers,"This great river drains much of the central United States and has shaped trade, music, literature, and settlement.",https://upload.wikimedia.org/wikipedia/commons/d/d2/Efmo_View_from_Fire_Point.jpg
mount-erebus,Mount Erebus,"Mount Erebus, Antarctica 🇦🇶",Antarctica,-77.529722,167.153333,7,Antarctic Outposts,Earth’s southernmost active volcano holds a persistent lava lake above the ice of a polar island.,https://upload.wikimedia.org/wikipedia/commons/4/4e/Mt_erebus.jpg
victoria-peak,Victoria Peak,"Victoria Peak, Hong Kong 🇭🇰",China,22.275556,114.143889,1,,"A historic funicular climbs to this summit, where one of Asia’s most photographed harbor panoramas unfolds.",https://upload.wikimedia.org/wikipedia/commons/7/7d/High_West_and_Victoria_Peak_from_Victoria_Gap_%28crop1%29.jpg
tel-aviv,Tel Aviv,"Tel Aviv, Israel 🇮🇱",Israel,32.08,34.78,1,,"Founded beside ancient Jaffa in 1909, it is known for beaches, nightlife, and thousands of Bauhaus-style buildings.",https://thumb.wikimedia.org/wikipedia/commons/thumb/6/69/Sarona_CBD_01_%28cropped%29.jpg/3840px-Sarona_CBD_01_%28cropped%29.jpg
luxembourg-city,Luxembourg City,"Luxembourg City, Luxembourg 🇱🇺",Luxembourg,49.611389,6.13,3,,Fortifications and deep river gorges give this small European capital a landscape unlike most financial centers.,https://thumb.wikimedia.org/wikipedia/commons/thumb/d/db/Luxembourg_Grand_Ducal_Palace_01.jpg/3840px-Luxembourg_Grand_Ducal_Palace_01.jpg
valletta,Valletta,"Valletta, Malta 🇲🇹",Malta,35.898333,14.5125,3,Mediterranean Islands,The Knights of St John built this compact walled capital after surviving a sixteenth-century siege.,https://thumb.wikimedia.org/wikipedia/commons/thumb/b/b7/St_Sebastian_Curtain_%28cropped%29.jpg/3840px-St_Sebastian_Curtain_%28cropped%29.jpg
belfast,Belfast,"Belfast, Northern Ireland",Northern Ireland,54.5967,-5.93,1,,"The Titanic was built in this former shipbuilding powerhouse, now known for its waterfront and political history.",https://upload.wikimedia.org/wikipedia/commons/thumb/c/c9/Custom_House%2C_River_Lagan%2C_Belfast.jpg/3840px-Custom_House%2C_River_Lagan%2C_Belfast.jpg
palma-de-mallorca,Palma de Mallorca,"Palma de Mallorca, Spain 🇪🇸",Spain,39.566667,2.65,3,Mediterranean Islands,A vast Gothic cathedral rises directly above the waterfront of this centuries-old Mediterranean port.,https://upload.wikimedia.org/wikipedia/commons/thumb/e/e7/Kathedrale_von_Palma.jpg/3840px-Kathedrale_von_Palma.jpg
franz-josef-glacier,Franz Josef Glacier,"Franz Josef Glacier, New Zealand 🇳🇿",New Zealand,-43.466944,170.191667,5,Fjords & Glaciers,"This glacier descends from high alpine ice toward temperate rainforest, an unusually dramatic meeting of climates.",https://upload.wikimedia.org/wikipedia/commons/3/3a/Franz_josef_Glacier_LC0250.jpg
nice,Nice,"Nice, France 🇫🇷",France,43.7034,7.2663,1,,Its palm-lined seafront helped turn the French Riviera into one of Europe’s best-known resort regions.,https://thumb.wikimedia.org/wikipedia/commons/thumb/b/ba/Promenade_des_Anglais_Nice_IMG_1255.jpg/3840px-Promenade_des_Anglais_Nice_IMG_1255.jpg
monaco,Monaco,Monaco 🇲🇨,Monaco,43.731111,7.42,1,,"This tiny principality is synonymous with Monte Carlo, the Grand Prix, royal glamour, and a harbor full of yachts.",https://upload.wikimedia.org/wikipedia/commons/d/da/Panorama_von_Monaco-La_Turbie.jpg
bay-of-islands,Bay of Islands,"Bay of Islands, New Zealand 🇳🇿",New Zealand,-35.2,174.166667,5,Pacific Islands,"More than 140 islands dot this subtropical bay, an early center of Māori-European contact and modern sailing.",https://upload.wikimedia.org/wikipedia/commons/3/31/00_4801_Dolphins_-_Bay_of_Islands.jpg
nuremberg,Nuremberg,"Nuremberg, Germany 🇩🇪",Germany,49.453889,11.0775,3,,"Its medieval walls, famous Christmas market, and pivotal twentieth-century trials give it exceptional name recognition.",https://thumb.wikimedia.org/wikipedia/commons/thumb/b/bf/N%C3%BCrnberger_Burg_im_Herbst_2013.jpg/3840px-N%C3%BCrnberger_Burg_im_Herbst_2013.jpg
panama-city,Panama City,"Panama City, Panama 🇵🇦",Panama,8.9711,-79.5347,1,,Its skyline stands beside the Pacific entrance to the canal that transformed global shipping.,https://upload.wikimedia.org/wikipedia/commons/0/02/Panama_Papers_%28148830809%29.jpeg
bering-strait,Bering Strait,Bering Strait,International Waters,65.75,-168.976944,1,,"Only about 82 kilometers separate two continents here, with the international date line running between them.",https://upload.wikimedia.org/wikipedia/commons/1/16/Bering_Strait.jpeg
san-juan,San Juan,"San Juan, Puerto Rico 🇵🇷",United States,18.406389,-66.063889,1,Caribbean,Massive seaside forts guard a colorful old quarter founded by Spanish colonists in the early sixteenth century.,https://thumb.wikimedia.org/wikipedia/commons/thumb/9/9d/2013_Old_San_Juan_01.JPG/3840px-2013_Old_San_Juan_01.JPG
strait-of-gibraltar,Strait of Gibraltar,Strait of Gibraltar,International Waters,35.95,-5.5,1,,"At its narrowest, only about 14 kilometers separate two continents at the entrance to an inland sea.",https://thumb.wikimedia.org/wikipedia/commons/thumb/e/e8/STS059-238-074_Strait_of_Gibraltar.jpg/3840px-STS059-238-074_Strait_of_Gibraltar.jpg
orlando,Orlando,"Orlando, United States 🇺🇸",United States,28.542222,-81.379167,1,,A once-modest inland city became one of the world’s busiest tourism hubs after major theme parks opened nearby.,https://thumb.wikimedia.org/wikipedia/commons/thumb/e/e8/Orlando%2C_Florida_%28cropped%29.jpg/3840px-Orlando%2C_Florida_%28cropped%29.jpg
baltimore,Baltimore,"Baltimore, United States 🇺🇸",United States,39.289444,-76.615278,3,,Its harbor inspired the words of the U.S. national anthem during the War of 1812.,https://upload.wikimedia.org/wikipedia/commons/2/26/Fell%27s_Point_Aerial_2022.jpg
pittsburgh,Pittsburgh,"Pittsburgh, United States 🇺🇸",United States,40.439722,-79.976389,3,,"Built where three rivers meet, the former steel capital reinvented itself around medicine, education, and technology.",https://thumb.wikimedia.org/wikipedia/commons/thumb/d/d6/Ascending_the_Duquesne_Incline.jpg/3840px-Ascending_the_Duquesne_Incline.jpg
kansas-city,Kansas City,"Kansas City, United States 🇺🇸",United States,39.099722,-94.578333,3,,"The city is famous for jazz, fountains, and a distinctive slow-smoked barbecue tradition.",https://upload.wikimedia.org/wikipedia/commons/7/79/Kansas_City_-_Downtown_-_panoramio_%2815%29.jpg
cincinnati,Cincinnati,"Cincinnati, United States 🇺🇸",United States,39.1,-84.5125,3,,This Ohio River city was once nicknamed Porkopolis for its enormous nineteenth-century meatpacking industry.,https://upload.wikimedia.org/wikipedia/commons/thumb/5/5c/Downtown_Cincinnati_viewed_from_Devou_Park_%28cropped%29.jpg/3840px-Downtown_Cincinnati_viewed_from_Devou_Park_%28cropped%29.jpg
milwaukee,Milwaukee,"Milwaukee, United States 🇺🇸",United States,43.05,-87.95,3,,"Brewing shaped this Lake Michigan city, whose name remains closely linked with major American beer brands.",https://upload.wikimedia.org/wikipedia/commons/b/b4/Milwaukee_Skyline_w_New_NW_Mutual_Building_2025_by_Isaac_Rowlett.jpg
salt-lake-city,Salt Lake City,"Salt Lake City, United States 🇺🇸",United States,40.760833,-111.891111,1,,Mormon pioneers founded this mountain-ringed city in 1847 beside the largest salt lake in the Western Hemisphere.,https://upload.wikimedia.org/wikipedia/commons/1/15/SLC_Skyline_2024.jpg
santa-fe,Santa Fe,"Santa Fe, United States 🇺🇸",United States,35.667222,-105.964444,3,US Road Trip,"Founded in 1610, it is the oldest state capital in the United States and is famed for adobe architecture.",https://thumb.wikimedia.org/wikipedia/commons/thumb/8/8d/Palace_of_the_Governors.jpg/3840px-Palace_of_the_Governors.jpg
savannah,Savannah,"Savannah, United States 🇺🇸",United States,32.081111,-81.091111,4,,Its oak-shaded squares and planned street grid date to the founding of colonial Georgia in 1733.,https://thumb.wikimedia.org/wikipedia/commons/thumb/b/b1/Savannah.tif/lossy-page1-3840px-Savannah.tif.jpg
charleston,Charleston,"Charleston, United States 🇺🇸",United States,32.813889,-79.931944,4,,"Pastel houses, church steeples, and a vast natural harbor define one of the best-preserved historic cities in the American South.",https://upload.wikimedia.org/wikipedia/commons/2/2e/East_Battery_Street_Charleston_Aug2010.jpg
key-west,Key West,"Key West, United States 🇺🇸",United States,24.555,-81.781944,1,Beaches,"The southernmost city in the continental United States has long drawn writers, artists, and treasure hunters.",https://upload.wikimedia.org/wikipedia/commons/thumb/3/37/Southernmost_point_buoy%2C_NE_view.jpg/3840px-Southernmost_point_buoy%2C_NE_view.jpg
victoria,Victoria,"Victoria, Canada 🇨🇦",Canada,48.428333,-123.364722,4,,Grand government buildings and gardens give this Pacific island capital a strong British character.,https://upload.wikimedia.org/wikipedia/commons/c/c3/Victoria_BC%2C_Canada_%28Johnson_Street%29_-_panoramio.jpg
banff,Banff,"Banff, Canada 🇨🇦",Canada,51.177778,-115.573611,3,,Canada’s highest townsite sits inside the country’s oldest national park amid turquoise lakes and Rocky Mountain peaks.,https://upload.wikimedia.org/wikipedia/commons/thumb/f/f8/Town_of_Banff_viewed_from_Sulphur_Mountain.jpg/3840px-Town_of_Banff_viewed_from_Sulphur_Mountain.jpg
darwin,Darwin,"Darwin, Australia 🇦🇺",Australia,-12.438056,130.841111,3,,Cyclones and wartime bombing repeatedly reshaped this tropical capital on Australia’s remote northern coast.,https://upload.wikimedia.org/wikipedia/commons/thumb/5/53/DarwinOct172024_02.jpg/3840px-DarwinOct172024_02.jpg
alice-springs,Alice Springs,"Alice Springs, Australia 🇦🇺",Australia,-23.7,133.87,3,,This outback town lies near Australia’s geographic center and is a gateway to the continent’s red desert interior.,https://upload.wikimedia.org/wikipedia/commons/e/e7/Alice_Springs%2C_2015_%2801%29.JPG
cairns,Cairns,"Cairns, Australia 🇦🇺",Australia,-16.92,145.78,3,,This tropical city is the main visitor gateway to both the Great Barrier Reef and ancient rainforests.,https://thumb.wikimedia.org/wikipedia/commons/thumb/5/54/Cairns_%28Queensland%29_%28cropped%29.jpg/3840px-Cairns_%28Queensland%29_%28cropped%29.jpg
horseshoe-bend,Horseshoe Bend,"Horseshoe Bend, United States 🇺🇸",United States,36.8792,-111.5107,3,Canyons & Gorges; US Road Trip,Its water carved immense canyons and now supports tens of millions of people across an arid region.,https://upload.wikimedia.org/wikipedia/commons/thumb/b/b9/Horseshoe_Bend_13_February_2023.jpg/3840px-Horseshoe_Bend_13_February_2023.jpg
rocky-mountains,Rocky Mountains,"Rocky Mountains, United States 🇺🇸",United States,44.15,-113.8,1,,"This vast range runs roughly 4,800 kilometers from western Canada to the southwestern United States.",https://thumb.wikimedia.org/wikipedia/commons/thumb/a/a9/Mount_Elbert_and_Surrounding_Sawatch_Range%2C_Colorado_%289179291029%29.jpg/3840px-Mount_Elbert_and_Surrounding_Sawatch_Range%2C_Colorado_%289179291029%29.jpg
gaborone,Gaborone,"Where is Gaborone, the capital of Botswana?",Botswana,-24.658056,25.912222,5,,A small administrative settlement grew into one of Africa’s fastest-developing capitals after independence in 1966.,https://upload.wikimedia.org/wikipedia/commons/3/31/View_from_I-Tower_SE_20200712.jpg
mount-etna,Mount Etna,"Mount Etna, Italy 🇮🇹",Italy,37.755,14.995,1,Volcanoes,"Mount Etna is an active volcano on the east coast of Sicily, Italy.",https://upload.wikimedia.org/wikipedia/commons/3/39/Mt_Etna_and_Catania1.jpg
mount-vesuvius,Mount Vesuvius,"Mount Vesuvius, Italy 🇮🇹",Italy,40.821389,14.426111,1,Volcanoes,"Mount Vesuvius is an active stratovolcano in the Gulf of Naples, Italy.",https://upload.wikimedia.org/wikipedia/commons/5/5e/Il_cratere_del_Vulcano_-_panoramio.jpg
mont-blanc,Mont Blanc,"Mont Blanc, Italy 🇮🇹",Italy,45.832778,6.865,1,Mountains,"Mont Blanc is the highest mountain in the Alps (4,806.m).",https://upload.wikimedia.org/wikipedia/commons/a/a2/Mont_Blanc_Aiguille.jpg
jungfrau,Jungfrau,"Jungfrau, Switzerland 🇨🇭",Switzerland,46.536806,7.962639,3,Mountains,"Jungfrau is a mountain summit in the Bernese Alps, between the Swiss cantons of Bern and Valais.",https://upload.wikimedia.org/wikipedia/commons/d/d7/Jungfrau03.jpg
lake-como,Lake Como,"Lake Como, Italy 🇮🇹",Italy,46,9.266667,1,Lakes,"Lake Como is a lake in Lombardy, Italy.",https://upload.wikimedia.org/wikipedia/commons/c/cc/Sentiero_del_Viandante_DSC_6340_%2814020554463%29.jpg
cliffs-of-moher,Cliffs of Moher,"Cliffs of Moher, Ireland 🇮🇪",Ireland,52.971751,-9.426334,3,,"Cliffs of Moher is a line of sea cliffs in County Clare, Ireland.",https://thumb.wikimedia.org/wikipedia/commons/thumb/d/d1/Cliffs-Of-Moher-OBriens-From-South.JPG/3840px-Cliffs-Of-Moher-OBriens-From-South.JPG
snowdon,Snowdon,"Snowdon, Wales",Wales,53.068497,-4.076231,3,Mountains,"Snowdon is a mountain in Snowdonia, Wales.",https://upload.wikimedia.org/wikipedia/commons/6/6c/Snowdon_massif.jpg
ben-nevis,Ben Nevis,"Ben Nevis, Scotland",Scotland,56.79685,-5.003508,3,Mountains,Ben Nevis is the highest mountain in the British Isles.,https://upload.wikimedia.org/wikipedia/commons/0/09/BenNevis2005.jpg
black-forest,Black Forest,"Black Forest, Germany 🇩🇪",Germany,48.25,8.05,1,,Black Forest is a mountain range in Germany.,https://upload.wikimedia.org/wikipedia/commons/thumb/6/66/Blick_vom_Hohfelsen.jpg/3840px-Blick_vom_Hohfelsen.jpg
rhine-falls,Rhine Falls,"Rhine Falls, Switzerland 🇨🇭",Switzerland,47.677222,8.615833,4,,Rhine Falls is the largest waterfall of Europe located in Switzerland.,https://upload.wikimedia.org/wikipedia/commons/thumb/2/26/SBB_RABe_514_DTZ_Rheinfall.jpg/3840px-SBB_RABe_514_DTZ_Rheinfall.jpg
danube-delta,Danube Delta,"Danube Delta, Romania 🇷🇴",Romania,45.2,29.5,3,Great Rivers,Danube Delta is a river delta in Europe.,https://upload.wikimedia.org/wikipedia/commons/thumb/3/37/Danube_Delta_ESA23450088.jpeg/3840px-Danube_Delta_ESA23450088.jpeg
lake-ohrid,Lake Ohrid,"Lake Ohrid, North Macedonia 🇲🇰",North Macedonia,41.03,20.72,6,Lakes,Lake Ohrid is international lake in North Macedonia and Albania.,https://upload.wikimedia.org/wikipedia/commons/f/f0/Lake_Ohrid%2C_Macedonia-Albania_viewed_from_a_NASA_satellite.jpg
mount-ararat,Mount Ararat,"Mount Ararat, Turkey 🇹🇷",Turkey,39.7019,44.2983,3,Mountains,Mount Ararat is the highest mountain in Turkey.,https://commons.wikimedia.org/wiki/Special:FilePath/Mount_Ararat_and_the_Yerevan_skyline.jpg?width=800
sahara,Sahara,"Where is the Sahara, the world's largest hot desert?",Libya,23,13,1,,Sahara is a desert on the African continent.,https://upload.wikimedia.org/wikipedia/commons/4/4a/Sahara_real_color.jpg
okavango-delta,Okavango Delta,"Okavango Delta, Botswana 🇧🇼",Botswana,-19.4,22.9,3,African Safari,"The Okavango Delta or Okavango Grassland is a vast inland delta in Botswana formed where the Okavango River reaches a tectonic trough at an elevation of 930–1,000 m (3,050–3,280 ft) in the central part of the endorheic basin of the Kalahari Desert.",https://upload.wikimedia.org/wikipedia/commons/e/e8/Okavango_Delta%2C_Botswana1.jpg
mount-nemrut,Mount Nemrut,"Mount Nemrut, Turkey 🇹🇷",Turkey,37.980556,38.740833,6,,"Mount Nemrut is a mountain in Adıyaman, Turkey.",https://thumb.wikimedia.org/wikipedia/commons/thumb/a/a3/Mount_Nemrut_-_East_Terrace_%284961323529%29.jpg/3840px-Mount_Nemrut_-_East_Terrace_%284961323529%29.jpg
mount-aso,Mount Aso,"Mount Aso, Japan 🇯🇵",Japan,32.884444,131.103889,5,,"Mount Aso is a volcano in Kumamoto Prefecture, Japan.",https://upload.wikimedia.org/wikipedia/commons/thumb/a/a1/20140516%E9%98%BF%E8%98%87%E5%B1%B1%E5%BA%83%E5%9F%9F.jpg/3840px-20140516%E9%98%BF%E8%98%87%E5%B1%B1%E5%BA%83%E5%9F%9F.jpg
jeju-island,Jeju Island,"Jeju Island, South Korea 🇰🇷",South Korea,33.38,126.53,2,,Jeju Island is an island of South Korea.,https://upload.wikimedia.org/wikipedia/commons/c/c6/Jeju_Island.jpg
mount-kailash,Mount Kailash,"Mount Kailash, China 🇨🇳",China,31.066667,81.3125,5,Himalaya,Mount Kailash is religious mountain in Tibet Autonomous Region.,https://upload.wikimedia.org/wikipedia/commons/e/e3/Kailash_north.JPG
mount-damavand,Mount Damavand,"Mount Damavand, Iran 🇮🇷",Iran,35.951,52.109,6,Mountains,Mount Damavand is the highest volcano in Asia.,https://upload.wikimedia.org/wikipedia/commons/8/8d/981012-Damavand-South-IMG_9861-2.jpg
zion-national-park,Zion National Park,"Zion National Park, United States 🇺🇸",United States,37.3,-113,2,US Road Trip,"Zion National Park is a national park in Utah, United States.",https://upload.wikimedia.org/wikipedia/commons/1/10/Zion_angels_landing_view.jpg
sequoia-national-park,Sequoia National Park,"Sequoia National Park, United States 🇺🇸",United States,36.564722,-118.772778,2,,"Sequoia National Park is a national park in California, United States.",https://upload.wikimedia.org/wikipedia/commons/d/d0/General_Sherman_Tree_in_Sequoia_National_Park_-_June_2022.jpg
redwood-national-and-state-parks,Redwood National and State Parks,"Redwood National and State Parks, United States 🇺🇸",United States,41.3,-124,2,,"Redwood National and State Parks is group of national and state parks in California, United States.",https://upload.wikimedia.org/wikipedia/commons/d/de/Redwood_National_Park%2C_fog_in_the_forest.jpg
rocky-mountain-national-park,Rocky Mountain National Park,"Rocky Mountain National Park, United States 🇺🇸",United States,40.3466,-105.7364,2,,"Rocky Mountain National Park is a national park in Colorado, United States.",https://upload.wikimedia.org/wikipedia/commons/3/3e/Rocky_Mountain_National_Park_in_September_2011_-_Glacier_Gorge_from_Bear_Lake.JPG
glacier-national-park,Glacier National Park,"Glacier National Park, United States 🇺🇸",United States,48.755,-113.8,2,,"Glacier National Park is a national park in Montana, United States.",https://thumb.wikimedia.org/wikipedia/commons/thumb/5/51/Mountain_Goat_at_Hidden_Lake.jpg/3840px-Mountain_Goat_at_Hidden_Lake.jpg
everglades-national-park,Everglades National Park,"Everglades National Park, United States 🇺🇸",United States,25.3125,-80.6875,2,,"Everglades National Park is a national park in Florida, United States.",https://upload.wikimedia.org/wikipedia/commons/thumb/2/2a/Sunset_over_the_River_of_Grass%2C_NPSphoto%2C_G.Gardner_%289255157507%29.jpg/3840px-Sunset_over_the_River_of_Grass%2C_NPSphoto%2C_G.Gardner_%289255157507%29.jpg
acadia-national-park,Acadia National Park,"Acadia National Park, United States 🇺🇸",United States,44.35,-68.216667,2,,"Acadia National Park is a national park in Maine, United States.",https://upload.wikimedia.org/wikipedia/commons/e/e9/Acadia_National_Park_02.JPG
joshua-tree-national-park,Joshua Tree National Park,"Joshua Tree National Park, United States 🇺🇸",United States,34.1,-116.27,2,,"Joshua Tree National Park is a national park in California, United States.",https://thumb.wikimedia.org/wikipedia/commons/thumb/f/f9/Joshua_Tree_-_Cyclops_%2B_Potato_Head_-_Sunrise.jpg/3840px-Joshua_Tree_-_Cyclops_%2B_Potato_Head_-_Sunrise.jpg
death-valley-national-park,Death Valley National Park,"Death Valley National Park, United States 🇺🇸",United States,36.45,-116.85,2,,"Death Valley National Park is a national park in California and Nevada, United States.",https://upload.wikimedia.org/wikipedia/commons/8/87/Mesquite_Sand_Dunes_in_Death_Valley.jpg
lake-tahoe,Lake Tahoe,"Lake Tahoe, United States 🇺🇸",United States,39,-120,2,Lakes,"Lake Tahoe is a lake in California and Nevada, United States.",https://upload.wikimedia.org/wikipedia/commons/thumb/d/da/Tahoe_North_Shore_from_the_East_Shore.jpg/3840px-Tahoe_North_Shore_from_the_East_Shore.jpg
mount-rainier,Mount Rainier,"Mount Rainier, United States 🇺🇸",United States,46.8517,-121.7603,2,Mountains,Mount Rainier is an active stratovolcano whose glaciers feed five major rivers and whose summit dominates the surrounding skyline.,https://thumb.wikimedia.org/wikipedia/commons/thumb/f/f9/Rainier20200906.jpg/3840px-Rainier20200906.jpg
denali,Denali,"Denali, United States 🇺🇸",United States,63.069167,-151.006389,2,Mountains,Denali is the highest mountain in North America.,https://upload.wikimedia.org/wikipedia/commons/9/91/Wonder_Lake_and_Denali.jpg
crater-lake,Crater Lake,"Crater Lake, United States 🇺🇸",United States,42.95,-122.1,2,,"Crater Lake is a caldera lake in Oregon, United States.",https://upload.wikimedia.org/wikipedia/commons/thumb/0/01/Crater_Lake_winter_pano2.jpg/3840px-Crater_Lake_winter_pano2.jpg
niagara-on-the-lake,Niagara-on-the-Lake,"Niagara-on-the-Lake, Canada 🇨🇦",Canada,43.255278,-79.071667,2,,"Niagara-on-the-Lake is a town in Ontario, Canada.",https://thumb.wikimedia.org/wikipedia/commons/thumb/3/36/Niagara_on_the_lake.jpg/3840px-Niagara_on_the_lake.jpg
banff-national-park,Banff National Park,"Banff National Park, Canada 🇨🇦",Canada,51.5,-116,2,,"Banff National Park is a national park in Alberta, Canada.",https://upload.wikimedia.org/wikipedia/commons/c/c5/Moraine_Lake_17092005.jpg
jasper-national-park,Jasper National Park,"Jasper National Park, Canada 🇨🇦",Canada,52.8,-117.9,2,,"Jasper National Park is a national park in Alberta, Canada.",https://upload.wikimedia.org/wikipedia/commons/thumb/4/4f/Mount_Andromeda_at_dusk%2C_Jasper_National_Park%2C_Alberta%2C_Canada.jpg/3840px-Mount_Andromeda_at_dusk%2C_Jasper_National_Park%2C_Alberta%2C_Canada.jpg
florida-keys,Florida Keys,"Florida Keys, United States 🇺🇸",United States,24.666944,-81.544167,2,,"Florida Keys is a coral cay archipelago in Florida, United States.",https://upload.wikimedia.org/wikipedia/commons/thumb/a/a4/U.S._Route_1%2C_Florida_Keys.jpg/3840px-U.S._Route_1%2C_Florida_Keys.jpg
cape-cod,Cape Cod,"Cape Cod, United States 🇺🇸",United States,41.68,-70.2,2,,"Cape Cod is peninsula in Massachusetts, United States.",https://upload.wikimedia.org/wikipedia/commons/thumb/9/96/White_Crest_Beach_Wellfleet.jpg/3840px-White_Crest_Beach_Wellfleet.jpg
outer-banks,Outer Banks,"Outer Banks, United States 🇺🇸",United States,35.233333,-75.530278,2,,"Outer Banks is barrier islands in North Carolina and Virginia, United States.",https://upload.wikimedia.org/wikipedia/commons/6/65/NCOuterBanks-EO.jpg
napa-valley-ava,Napa Valley AVA,"Napa Valley AVA, United States 🇺🇸",United States,38.401201,-122.330178,2,Wine Country,Napa Valley AVA is american Viticultural Area in California.,https://upload.wikimedia.org/wikipedia/commons/8/8d/Vineyards_of_Napa_Valley_panorama.jpg
waikiki,Waikiki,"Waikiki, United States 🇺🇸",United States,21.2752,-157.8312,2,Beaches,"Waikiki is neighborhood of Honolulu, Hawaii, United States.",https://upload.wikimedia.org/wikipedia/commons/thumb/f/fd/City_of_Waikiki_view.jpg/3840px-City_of_Waikiki_view.jpg
na-pali-coast-state-park,Nā Pali Coast State Park,"Nā Pali Coast State Park, United States 🇺🇸",United States,22.17552,-159.64362,2,,"Nā Pali Coast State Park is state park in Hawaii, United States.",https://upload.wikimedia.org/wikipedia/commons/7/7d/NaPali_overlook_Kalalau_Valley.jpg
disneyland,Disneyland,"Where is Disneyland, Walt Disney's original 1955 theme park in Anaheim?",United States,33.81,-117.92,2,,"Disneyland is theme park in Anaheim, California, US.",https://upload.wikimedia.org/wikipedia/commons/b/bd/Sleeping_Beauty_Castle_-_February_2024.png
graceland,Graceland,"Graceland, United States 🇺🇸",United States,35.045944,-90.022944,2,US Road Trip,"Graceland is the home of Elvis Presley in Memphis, Tennessee, US.",https://upload.wikimedia.org/wikipedia/commons/thumb/6/64/USA_Tour_2019_P095_Graceland.jpg/3840px-USA_Tour_2019_P095_Graceland.jpg
fenway-park,Fenway Park,"Fenway Park, United States 🇺🇸",United States,42.346389,-71.097778,2,,"Fenway Park is baseball stadium in Boston, Massachusetts.",https://upload.wikimedia.org/wikipedia/commons/4/4f/131023-F-PR861-033_Hanscom_participates_in_World_Series_pregame_events.jpg
wrigley-field,Wrigley Field,"Wrigley Field, United States 🇺🇸",United States,41.948056,-87.655556,2,,"Wrigley Field is baseball stadium in Chicago, Illinois, US.",https://upload.wikimedia.org/wikipedia/commons/c/c9/Wrigley_Field_in_line_with_sign.jpg
yankee-stadium,Yankee Stadium,"Where is Yankee Stadium, the Bronx home of baseball's most famous franchise?",United States,40.829167,-73.926389,2,,"Yankee Stadium is baseball stadium in the Bronx, New York City.",https://upload.wikimedia.org/wikipedia/commons/thumb/a/af/Yankee_Stadium_overhead_2010.jpg/3840px-Yankee_Stadium_overhead_2010.jpg
wembley-stadium,Wembley Stadium,"Wembley Stadium, England",England,51.5556,-0.2794,2,,"Wembley Stadium is a stadium in London, England.",https://thumb.wikimedia.org/wikipedia/commons/thumb/d/d2/London_Wembley.jpg/3840px-London_Wembley.jpg
indianapolis-motor-speedway,Indianapolis Motor Speedway,"Indianapolis Motor Speedway, United States 🇺🇸",United States,39.798333,-86.232778,2,,"Indianapolis Motor Speedway is historic motorsport track in Speedway, Indiana, US.",https://upload.wikimedia.org/wikipedia/commons/2/29/Indianapolis-motor-speedway-1848561.jpg
daytona-international-speedway,Daytona International Speedway,"Daytona International Speedway, United States 🇺🇸",United States,29.185556,-81.069444,2,,Daytona International Speedway is motorsport track in the United States.,https://upload.wikimedia.org/wikipedia/commons/7/74/Daytona_International_Speedway.jpg
augusta-national-golf-club,Augusta National Golf Club,"Augusta National Golf Club, United States 🇺🇸",United States,33.5025,-82.02,2,,"Augusta National Golf Club is golf course in Georgia, United States.",https://upload.wikimedia.org/wikipedia/commons/b/b6/AugustaNationalMastersLogoFlowers.jpg
churchill-downs,Churchill Downs,"Churchill Downs, United States 🇺🇸",United States,38.203056,-85.77,2,,"Churchill Downs is thoroughbred racetrack in Louisville, Kentucky, United States.",https://upload.wikimedia.org/wikipedia/commons/1/19/Churchill_Downs_-_Louisville_Kentucky.jpg
area-51,Area 51,"Area 51, United States 🇺🇸",United States,37.233333,-115.808333,2,US Road Trip,"Area 51 is a highly classified United States Air Force (USAF) facility within the Nevada Test and Training Range in southern Nevada, 83 miles (134 km) north-northwest of Las Vegas.",https://upload.wikimedia.org/wikipedia/commons/a/a6/Sentinel-Homey.png
mount-vernon,Mount Vernon,"Mount Vernon, United States 🇺🇸",United States,38.708,-77.0861,4,,Mount Vernon is plantation estate of George Washington.,https://upload.wikimedia.org/wikipedia/commons/e/e6/West_Face_of_Mansion%2C_Mount_Vernon%2C_Near_Alexandria%2C_Virginia_%282731038734%29.jpg
monticello,Monticello,"Monticello, United States 🇺🇸",United States,38.010306,-78.452333,5,,"Thomas Jefferson designed and repeatedly rebuilt this mountaintop home, which appears on the reverse of the U.S. nickel.",https://upload.wikimedia.org/wikipedia/commons/5/5a/Monticello_reflected.JPG
yellowstone-national-park,Yellowstone National Park,"Yellowstone National Park, United States 🇺🇸",United States,44.6,-110.5,2,US Road Trip,Yellowstone National Park is a national park in the western United States.,https://thumb.wikimedia.org/wikipedia/commons/thumb/6/60/Grand_Canyon_of_the_Yellowstone_Lower_Falls_%2895819p%29.jpg/3840px-Grand_Canyon_of_the_Yellowstone_Lower_Falls_%2895819p%29.jpg
central-park,Central Park,"Central Park, United States 🇺🇸",United States,40.782222,-73.965278,2,,"Central Park is a public park in Manhattan, New York.",https://thumb.wikimedia.org/wikipedia/commons/thumb/f/f1/Global_Citizen_Festival_Central_Park_New_York_City_from_NYonAir_%2815351915006%29.jpg/3840px-Global_Citizen_Festival_Central_Park_New_York_City_from_NYonAir_%2815351915006%29.jpg
south-beach,South Beach,"South Beach, United States 🇺🇸",United States,25.781875,-80.136262,2,Beaches,"South Beach is neighborhood in Miami-Dade County, Florida, United States.",https://upload.wikimedia.org/wikipedia/commons/thumb/b/bf/Ocean_drive_day_2009j.JPG/3840px-Ocean_drive_day_2009j.JPG
beverly-hills,Beverly Hills,"Beverly Hills, United States 🇺🇸",United States,34.073056,-118.399444,2,,"Beverly Hills is a city in California, United States.",https://upload.wikimedia.org/wikipedia/commons/c/c4/Beverly_Wilshire_Hotel_%2815676919512%29.jpg
santa-monica-pier,Santa Monica Pier,"Santa Monica Pier, United States 🇺🇸",United States,34.008611,-118.498611,2,,"Santa Monica Pier is pier in Santa Monica, California, United States.",https://upload.wikimedia.org/wikipedia/commons/3/36/Santa_monica_pier_entrance_evening.jpg
mall-of-america,Mall of America,"Mall of America, United States 🇺🇸",United States,44.854167,-93.242222,2,,"Mall of America is megamall with attractions in Hennepin County, Minnesota, U.S.",https://upload.wikimedia.org/wikipedia/commons/thumb/5/59/2018_Mall_of_America_01.jpg/3840px-2018_Mall_of_America_01.jpg
gateway-of-india,Gateway of India,"Gateway of India, India 🇮🇳",India,18.921983,72.834658,2,,"Gateway of India is landmark monument in Mumbai, India.",https://upload.wikimedia.org/wikipedia/commons/3/3a/Mumbai_03-2016_30_Gateway_of_India.jpg
lotus-temple,Lotus Temple,"Lotus Temple, India 🇮🇳",India,28.553328,77.258456,2,,"Lotus Temple is baháʼí House of Worship in New Delhi, India.",https://upload.wikimedia.org/wikipedia/commons/f/fc/LotusDelhi.jpg
burj-al-arab,Burj Al Arab,"Burj Al Arab, United Arab Emirates 🇦🇪",United Arab Emirates,25.141389,55.185278,2,,"Burj Al Arab is a luxury hotel in Dubai, United Arab Emirates.",https://upload.wikimedia.org/wikipedia/commons/7/71/Burj_Al_Arab%2C_Dubai.jpg
palm-jumeirah,Palm Jumeirah,"Palm Jumeirah, United Arab Emirates 🇦🇪",United Arab Emirates,25.118056,55.133333,2,,"Palm Jumeirah is a human-made archipelago in Dubai, UAE.",https://upload.wikimedia.org/wikipedia/commons/3/30/Artificial_Archipelagos%2C_Dubai%2C_United_Arab_Emirates_ISS022-E-024940_lrg_%28cropped%29.jpg
sea-of-galilee,Sea of Galilee,"Sea of Galilee, Israel 🇮🇱",Israel,32.833333,35.583333,2,,Sea of Galilee is a freshwater lake in Israel.,https://thumb.wikimedia.org/wikipedia/commons/thumb/f/f7/Kinneret_cropped.jpg/3840px-Kinneret_cropped.jpg
bethlehem,Bethlehem,"Bethlehem, Palestine 🇵🇸",Palestine,31.704444,35.206389,2,,"Bethlehem is a city in the West Bank, Palestine.",https://thumb.wikimedia.org/wikipedia/commons/thumb/6/61/Church_of_the_Nativity_%287703592746%29.jpg/3840px-Church_of_the_Nativity_%287703592746%29.jpg
nazareth,Nazareth,"Nazareth, Israel 🇮🇱",Israel,32.701944,35.303333,2,,Nazareth is the largest city in the Northern District of Israel.,https://upload.wikimedia.org/wikipedia/commons/3/3e/Nazareth_Panorama_Dafna_Tal_IMOT_%2814532097313%29.jpg
troy,Troy,"Troy, Turkey 🇹🇷",Turkey,39.9575,26.238889,2,Ancient Ruins,Troy is an ancient city in northwest Asia Minor.,https://upload.wikimedia.org/wikipedia/commons/e/e2/Walls_of_Troy_%282%29.jpg
ephesus,Ephesus,"Ephesus, Turkey 🇹🇷",Turkey,37.941111,27.341944,2,Ancient Ruins,Ephesus is an ancient Greek city in Anatolia.,https://thumb.wikimedia.org/wikipedia/commons/thumb/8/84/Ephesus_Celsus_Library_Fa%C3%A7ade.jpg/3840px-Ephesus_Celsus_Library_Fa%C3%A7ade.jpg
delphi,Delphi,"Delphi, Greece 🇬🇷",Greece,38.4823,22.5013,2,,Delphi is sacred site and oracle of Ancient Greece.,https://upload.wikimedia.org/wikipedia/commons/d/d5/Delphi%2C_Greece_-_panoramio.jpg
olympia-greece,"Olympia, Greece","Olympia, Greece, Greece 🇬🇷",Greece,37.638333,21.63,2,,"Olympia, Greece is a town in Elis, Greece.",https://upload.wikimedia.org/wikipedia/commons/c/cf/Ancient_Olympia%2C_Greece2.jpg
mount-athos,Mount Athos,"Mount Athos, Greece 🇬🇷",Greece,40.158333,24.327222,4,,Mount Athos is a mountain and peninsula in northeastern Greece.,https://upload.wikimedia.org/wikipedia/commons/1/14/Mt._Athos_%283939757657%29.jpg
knossos,Knossos,"Knossos, Greece 🇬🇷",Greece,35.298056,25.163056,2,Ancient Ruins; Mediterranean Islands,"Knossos is an archaeological site and Minoan palace complex in Heraklion, Crete.",https://upload.wikimedia.org/wikipedia/commons/8/84/Knossos_R01.jpg
temple-of-poseidon-at-sounion,Temple of Poseidon at Sounion,"Temple of Poseidon at Sounion, Greece 🇬🇷",Greece,37.6502,24.02455,2,,"Temple of Poseidon at Sounion is an ancient Greek temple in East Attica, Greece.",https://thumb.wikimedia.org/wikipedia/commons/thumb/4/45/Greece_Cape_Sounion_BW_2017-10-09_10-12-43.jpg/3840px-Greece_Cape_Sounion_BW_2017-10-09_10-12-43.jpg
lake-garda,Lake Garda,"Lake Garda, Italy 🇮🇹",Italy,45.633333,10.666667,2,Lakes,Lake Garda is a lake in Italy.,https://thumb.wikimedia.org/wikipedia/commons/thumb/2/24/La_Rocca_di_Manerba_del_Garda_con_l%27isola_dei_Conigli.jpg/3840px-La_Rocca_di_Manerba_del_Garda_con_l%27isola_dei_Conigli.jpg
mount-rigi,Mount Rigi,"Mount Rigi, Switzerland 🇨🇭",Switzerland,47.056667,8.485556,5,The Alps,Mount Rigi is a mountain in Switzerland.,https://upload.wikimedia.org/wikipedia/commons/e/e4/Lauerzersee.jpg
lascaux,Lascaux,"Lascaux, France 🇫🇷",France,45.053611,1.17,5,,Lascaux is a cave complex in France containing Paleolithic paintings.,https://upload.wikimedia.org/wikipedia/commons/1/1e/Lascaux_painting.jpg
chateau-de-chambord,Château de Chambord,"Château de Chambord, France 🇫🇷",France,47.616111,1.517222,4,,"Château de Chambord is castle in Chambord, France.",https://upload.wikimedia.org/wikipedia/commons/1/1f/Aerial_image_of_Ch%C3%A2teau_de_Chambord_%28view_from_the_southeast%29.jpg
palace-of-fontainebleau,Palace of Fontainebleau,"Palace of Fontainebleau, France 🇫🇷",France,48.4022,2.7006,2,,Palace of Fontainebleau is a French royal château.,https://upload.wikimedia.org/wikipedia/commons/thumb/d/da/Ch%C3%A2teau_de_Fontainebleau_%28Fontainebleau%29_edited_%281%29.jpg/3840px-Ch%C3%A2teau_de_Fontainebleau_%28Fontainebleau%29_edited_%281%29.jpg
normandy-american-cemetery-and-memorial,Normandy American Cemetery and Memorial,"Normandy American Cemetery and Memorial, France 🇫🇷",France,49.36,-0.8575,2,,Normandy American Cemetery and Memorial is military cemetery in Normandy.,https://upload.wikimedia.org/wikipedia/commons/6/60/Normandy_American_Cemetery.png
white-cliffs-of-dover,White Cliffs of Dover,"White Cliffs of Dover, England",England,51.107778,1.278611,2,,White Cliffs of Dover is an English cliff shore.,https://upload.wikimedia.org/wikipedia/commons/7/74/White_Cliffs_of_Dover_02.JPG
warwick-castle,Warwick Castle,"Warwick Castle, England",England,52.279444,-1.584722,4,Castles,"Warwick Castle is a medieval castle in Warwickshire, England.",https://thumb.wikimedia.org/wikipedia/commons/thumb/a/ae/Warwick_Castle_May_2016.jpg/3840px-Warwick_Castle_May_2016.jpg
tintagel-castle,Tintagel Castle,"Tintagel Castle, England",England,50.667974,-4.759928,5,Castles,"Tintagel Castle is a medieval fortification in North Cornwall, England.",https://upload.wikimedia.org/wikipedia/commons/thumb/4/49/Tintagel_Castle_-_May_2026.jpg/3840px-Tintagel_Castle_-_May_2026.jpg
fiordland-national-park,Fiordland National Park,"Fiordland National Park, New Zealand 🇳🇿",New Zealand,-45.416667,167.716667,2,,Fiordland National Park is a national park on the South Island of New Zealand.,https://upload.wikimedia.org/wikipedia/commons/thumb/c/c8/Hollyford_River_NZ_11.jpg/3840px-Hollyford_River_NZ_11.jpg
great-barrier-reef,Great Barrier Reef,"Great Barrier Reef, Australia 🇦🇺",Australia,-16.4,145.8,2,,"Great Barrier Reef is a coral reef system in Queensland, Australia.",https://upload.wikimedia.org/wikipedia/commons/4/4f/ISS-45_StoryOfWater%2C_Great_Barrier_Reef%2C_Australia.jpg
daintree-rainforest,Daintree Rainforest,"Daintree Rainforest, Australia 🇦🇺",Australia,-16.2,145.4,2,,Daintree Rainforest is a rainforest in Australia.,https://upload.wikimedia.org/wikipedia/commons/thumb/d/d3/Daintree_Rainforest%2C_Queensland_%28483855%29_%289440811465%29.jpg/3840px-Daintree_Rainforest%2C_Queensland_%28483855%29_%289440811465%29.jpg
kangaroo-island,Kangaroo Island,"Kangaroo Island, Australia 🇦🇺",Australia,-35.8,137.3,4,,Kangaroo Island is an island in South Australia.,https://upload.wikimedia.org/wikipedia/commons/thumb/9/9b/Flinders_Chase_National_Park_01.jpg/3840px-Flinders_Chase_National_Park_01.jpg
rottnest-island,Rottnest Island,"Rottnest Island, Australia 🇦🇺",Australia,-32.005,115.515,4,,Rottnest Island is an island off the coast of Western Australia.,https://upload.wikimedia.org/wikipedia/commons/2/27/Rottnest_Island.jpg
istanbul,Istanbul,"Istanbul, Turkey 🇹🇷",Turkey,41.01384,28.94966,2,Megacities,"Istanbul has served as the capital of the Roman, Byzantine, and Ottoman empires, and its Grand Bazaar is one of the oldest covered markets in the world.",https://thumb.wikimedia.org/wikipedia/commons/thumb/2/26/The_Pearl_Marina_in_Nov_2013.jpg/500px-The_Pearl_Marina_in_Nov_2013.jpg?utm_source=en.wikipedia.org&utm_campaign=api&utm_content=thumbnail
lagos,Lagos,"Lagos, Nigeria 🇳🇬",Nigeria,6.45407,3.39467,3,Megacities,"Lagos is Africa's largest city and Nigeria's commercial capital, famous for its Afrobeats music scene and crowded markets.",https://thumb.wikimedia.org/wikipedia/commons/thumb/b/b6/Potala_Palace_HQ.jpg/500px-Potala_Palace_HQ.jpg?utm_source=en.wikipedia.org&utm_campaign=api&utm_content=thumbnail
lahore,Lahore,"Lahore, Pakistan 🇵🇰",Pakistan,31.558,74.35071,3,,"Lahore is Pakistan's cultural capital, famous for its food streets and the Mughal-era Lahore Fort.",https://thumb.wikimedia.org/wikipedia/commons/thumb/a/af/Altstadt_Z%C3%BCrich_2015.jpg/500px-Altstadt_Z%C3%BCrich_2015.jpg?utm_source=en.wikipedia.org&utm_campaign=api&utm_content=thumbnail
hangzhou,Hangzhou,"Hangzhou, China 🇨🇳",China,30.29365,120.16142,3,,"Hangzhou is famous for Longjing (Dragon Well) green tea, which is grown in the hills around the city.",https://thumb.wikimedia.org/wikipedia/commons/thumb/3/37/Astronomical_Clock_%288341899828%29.jpg/500px-Astronomical_Clock_%288341899828%29.jpg?utm_source=en.wikipedia.org&utm_campaign=api&utm_content=thumbnail
delhi,Delhi,"Delhi, India 🇮🇳",India,28.65195,77.23149,2,Megacities,"Delhi has been the seat of empires for centuries, and its Chandni Chowk market dates back to the Mughal emperor Shah Jahan.",https://thumb.wikimedia.org/wikipedia/commons/thumb/8/8d/The_Battle_of_Bunker%27s_Hill_Bridgeman_Images.jpg/500px-The_Battle_of_Bunker%27s_Hill_Bridgeman_Images.jpg?utm_source=en.wikipedia.org&utm_campaign=api&utm_content=thumbnail
dhaka,Dhaka,"Dhaka, Bangladesh 🇧🇩",Bangladesh,23.7104,90.40744,3,Megacities,Dhaka is one of the most densely populated cities on Earth and is known as the 'City of Mosques'.,https://thumb.wikimedia.org/wikipedia/commons/thumb/c/c8/2017_Aerial_view_Hoover_Dam_4774.jpg/500px-2017_Aerial_view_Hoover_Dam_4774.jpg?utm_source=en.wikipedia.org&utm_campaign=api&utm_content=thumbnail
cairo,Cairo,"Cairo, Egypt 🇪🇬",Egypt,30.06263,31.24967,2,Megacities,"Cairo is the largest city in the Arab world, and its Al-Azhar University is one of the oldest continuously operating universities.",https://thumb.wikimedia.org/wikipedia/commons/thumb/9/9b/Adelaide_skyline%2C_December_2022_b.jpg/500px-Adelaide_skyline%2C_December_2022_b.jpg?utm_source=en.wikipedia.org&utm_campaign=api&utm_content=thumbnail
taipei,Taipei,"Taipei, Taiwan 🇹🇼",Taiwan,25.05306,121.52639,3,,"Taipei is famous for its night markets and the National Palace Museum, which holds a vast collection of Chinese imperial treasures.",https://thumb.wikimedia.org/wikipedia/commons/thumb/3/39/Two_Lovers_Point_from_Tumon_Bay.JPG/500px-Two_Lovers_Point_from_Tumon_Bay.JPG?utm_source=en.wikipedia.org&utm_campaign=api&utm_content=thumbnail
baghdad,Baghdad,"Baghdad, Iraq 🇮🇶",Iraq,33.34058,44.40088,3,Middle East,"Baghdad was founded in 762 as a round city and was home to the House of Wisdom, a great center of learning in the Islamic Golden Age.",https://thumb.wikimedia.org/wikipedia/commons/thumb/5/59/PALACIO_LEGISLATIVO_01.JPG/500px-PALACIO_LEGISLATIVO_01.JPG?utm_source=en.wikipedia.org&utm_campaign=api&utm_content=thumbnail
tehran,Tehran,"Tehran, Iran 🇮🇷",Iran,35.69439,51.42151,3,,"Tehran is Iran's capital and has one of the world's largest bazaars, along with a museum holding the Crown Jewels.",https://thumb.wikimedia.org/wikipedia/commons/thumb/4/47/El_Chalt%C3%A9n.jpg/500px-El_Chalt%C3%A9n.jpg?utm_source=en.wikipedia.org&utm_campaign=api&utm_content=thumbnail
dar-es-salaam,Dar es Salaam,"Dar es Salaam, Tanzania 🇹🇿",Tanzania,-6.82349,39.26951,3,Port Cities,"Dar es Salaam is Tanzania's largest city, and its name means 'haven of peace' in Arabic.",https://thumb.wikimedia.org/wikipedia/commons/thumb/c/cb/DomTorenUtrechtNederland.jpg/500px-DomTorenUtrechtNederland.jpg?utm_source=en.wikipedia.org&utm_campaign=api&utm_content=thumbnail
kano,Kano,"Kano, Nigeria 🇳🇬",Nigeria,12.00012,8.51672,3,,"Kano is one of the oldest cities in West Africa, with ancient dye pits that have been in use for over 500 years.",https://thumb.wikimedia.org/wikipedia/commons/thumb/d/d7/Florence%2C_Italy_-_panoramio_%28125%29.jpg/500px-Florence%2C_Italy_-_panoramio_%28125%29.jpg?utm_source=en.wikipedia.org&utm_campaign=api&utm_content=thumbnail
santiago,Santiago,"Santiago, Chile 🇨🇱",Chile,-33.45694,-70.64827,3,,"Santiago is Chile's capital, where you can ski in the Andes and visit Pacific beaches on the same day.",https://thumb.wikimedia.org/wikipedia/commons/thumb/b/b6/Trolltunga_2017.jpg/500px-Trolltunga_2017.jpg?utm_source=en.wikipedia.org&utm_campaign=api&utm_content=thumbnail
yangon,Yangon,"Yangon, Myanmar 🇲🇲",Myanmar,16.80528,96.15611,3,,Yangon is Myanmar's largest city and is famous for its many British colonial buildings.,https://thumb.wikimedia.org/wikipedia/commons/thumb/5/5f/Badwater_Basin_from_Dante%27s_View_Overlook.JPG/500px-Badwater_Basin_from_Dante%27s_View_Overlook.JPG?utm_source=en.wikipedia.org&utm_campaign=api&utm_content=thumbnail
bamako,Bamako,"Bamako, Mali 🇲🇱",Mali,12.60915,-7.97522,3,,"Bamako is Mali's capital and a hub of West African music, home to stars like Salif Keita and Amadou & Mariam.",https://commons.wikimedia.org/wiki/Special:Redirect/file/Montane_rainforest_near_to_S%C3%A9r%C3%A9dou_(Northern_limit_of_Ziama_Massif).jpg
riyadh,Riyadh,"Riyadh, Saudi Arabia 🇸🇦",Saudi Arabia,24.68773,46.72185,3,Desert Cities,"Riyadh is Saudi Arabia's capital, which grew from a small walled mud-brick town into a sprawling desert metropolis.",https://thumb.wikimedia.org/wikipedia/commons/thumb/4/4a/Valledelaluna-lapaz-bolivia.jpg/500px-Valledelaluna-lapaz-bolivia.jpg?utm_source=en.wikipedia.org&utm_campaign=api&utm_content=thumbnail
fuzhou,Fuzhou,"Fuzhou, China 🇨🇳",China,26.06139,119.30611,3,,"Fuzhou is the capital of Fujian, famous for its Three Lanes and Seven Alleys historic district and for jasmine tea.",https://thumb.wikimedia.org/wikipedia/commons/thumb/3/33/Downtown_Grise_Fiord.jpg/500px-Downtown_Grise_Fiord.jpg?utm_source=en.wikipedia.org&utm_campaign=api&utm_content=thumbnail
new-territories,New Territories,"New Territories, Hong Kong 🇭🇰",China,22.42441,114.11095,3,,"The New Territories make up most of Hong Kong's land and include country parks, walled villages, and hiking trails.",https://thumb.wikimedia.org/wikipedia/commons/thumb/b/b8/Caleta_Tortel_03.JPG/500px-Caleta_Tortel_03.JPG?utm_source=en.wikipedia.org&utm_campaign=api&utm_content=thumbnail
zhongshan,Zhongshan,"Zhongshan, China 🇨🇳",China,22.52306,113.37912,3,,"Zhongshan is named after Sun Yat-sen, the founding father of modern China, who was born in the city's Cuiheng village.",https://thumb.wikimedia.org/wikipedia/commons/thumb/a/a4/Tunguska_Ereignis-1.jpg/500px-Tunguska_Ereignis-1.jpg?utm_source=en.wikipedia.org&utm_campaign=api&utm_content=thumbnail
dubai,Dubai,"Dubai, United Arab Emirates 🇦🇪",United Arab Emirates,25.07725,55.30927,1,Desert Cities,"Dubai grew from a small pearl-diving and fishing port into a global city, famous for its skyscrapers and man-made islands.",https://thumb.wikimedia.org/wikipedia/commons/thumb/6/68/Connollystra%C3%9Fe_GO-2.jpg/500px-Connollystra%C3%9Fe_GO-2.jpg?utm_source=en.wikipedia.org&utm_campaign=api&utm_content=thumbnail
casablanca,Casablanca,"Casablanca, Morocco 🇲🇦",Morocco,33.58831,-7.61138,3,,"Casablanca is Morocco's largest city and economic hub, home to the Hassan II Mosque on the Atlantic shore.",https://commons.wikimedia.org/wiki/Special:Redirect/file/Cathedral_of_Ani.jpg
busan,Busan,"Busan, South Korea 🇰🇷",South Korea,35.10168,129.03004,3,,"Busan is South Korea's largest port and hosts Asia's biggest film festival, the Busan International Film Festival.",https://thumb.wikimedia.org/wikipedia/commons/thumb/7/79/Ha_Long_Bay_in_2019.jpg/500px-Ha_Long_Bay_in_2019.jpg?utm_source=en.wikipedia.org&utm_campaign=api&utm_content=thumbnail
datong,Datong,"Datong, China 🇨🇳",China,40.09361,113.29139,5,,"Datong is near the Hanging Temple, which clings to a cliff face and has done so for about 1,500 years.",https://thumb.wikimedia.org/wikipedia/commons/thumb/4/4c/Huangpu_Park_20124-Shanghai_%2832208802494%29.jpg/500px-Huangpu_Park_20124-Shanghai_%2832208802494%29.jpg
changsha,Changsha,"Changsha, China 🇨🇳",China,28.19874,112.97087,3,,"Changsha is the capital of Hunan, famous for its spicy food and for 'stinky tofu'.",https://thumb.wikimedia.org/wikipedia/commons/thumb/a/ac/Desierto_de_la_Tatacoa_-_camilogaleano%28com%29.jpg/500px-Desierto_de_la_Tatacoa_-_camilogaleano%28com%29.jpg?utm_source=en.wikipedia.org&utm_campaign=api&utm_content=thumbnail
haikou,Haikou,"Haikou, China 🇨🇳",China,20.03421,110.34651,3,,"Haikou is the capital of Hainan, China's tropical island province, and is known for its old arcade-lined Qilou street.",https://thumb.wikimedia.org/wikipedia/commons/thumb/4/4c/Huangpu_Park_20124-Shanghai_%2832208802494%29.jpg/500px-Huangpu_Park_20124-Shanghai_%2832208802494%29.jpg
toronto,Toronto,"Toronto, Canada 🇨🇦",Canada,43.70643,-79.39864,2,,Toronto is Canada's largest city and is often ranked among the most multicultural cities in the world.,https://thumb.wikimedia.org/wikipedia/commons/thumb/4/4c/Huangpu_Park_20124-Shanghai_%2832208802494%29.jpg/500px-Huangpu_Park_20124-Shanghai_%2832208802494%29.jpg
quito,Quito,"Quito, Ecuador 🇪🇨",Ecuador,-0.22985,-78.52495,3,Colonial Towns,Quito has one of the best-preserved colonial centers in Latin America and was among the first places named a UNESCO World Heritage Site.,https://thumb.wikimedia.org/wikipedia/commons/thumb/e/ea/Taipei_Skyline_2022.06.29.jpg/500px-Taipei_Skyline_2022.06.29.jpg?utm_source=en.wikipedia.org&utm_campaign=api&utm_content=thumbnail
chicago,Chicago,"Chicago, United States 🇺🇸",United States,41.85003,-87.65005,2,,Chicago is the birthplace of the skyscraper and is famous for deep-dish pizza and its blues music.,https://thumb.wikimedia.org/wikipedia/commons/thumb/b/b4/27427-Luoyang_%2849067744628%29.jpg/500px-27427-Luoyang_%2849067744628%29.jpg?utm_source=en.wikipedia.org&utm_campaign=api&utm_content=thumbnail
dakar,Dakar,"Dakar, Senegal 🇸🇳",Senegal,14.6937,-17.44406,3,,"Dakar is Senegal's capital, just off the coast from Gorée Island, a former slave-trading post.",https://commons.wikimedia.org/wiki/Special:Redirect/file/Citadelle_Laferri%C3%A8re.jpg
navi-mumbai,Navi Mumbai,"Navi Mumbai, India 🇮🇳",India,19.03681,73.01582,3,,"Navi Mumbai is one of the world's largest planned cities, built across the harbor from Mumbai.",https://thumb.wikimedia.org/wikipedia/commons/thumb/b/bc/Las_Cabezas_de_San_Juan_PR_Fajardo_IMG_2385_Laguna_Grande.JPG/500px-Las_Cabezas_de_San_Juan_PR_Fajardo_IMG_2385_Laguna_Grande.JPG?utm_source=en.wikipedia.org&utm_campaign=api&utm_content=thumbnail
algiers,Algiers,"Algiers, Algeria 🇩🇿",Algeria,36.73225,3.08746,3,,"Algiers is Algeria's capital, and its old Casbah is a UNESCO-listed maze of narrow streets.",https://thumb.wikimedia.org/wikipedia/commons/thumb/7/7d/%22Eine_beeindruckende_Festung%22._09.jpg/500px-%22Eine_beeindruckende_Festung%22._09.jpg?utm_source=en.wikipedia.org&utm_campaign=api&utm_content=thumbnail
baku,Baku,"Baku, Azerbaijan 🇦🇿",Azerbaijan,40.37767,49.89201,3,,"Baku is Azerbaijan's capital, where oil was being drilled industrially as early as the 1840s.",https://thumb.wikimedia.org/wikipedia/commons/thumb/c/c3/Luanda_2025_focused_%28cropped%29.jpg/500px-Luanda_2025_focused_%28cropped%29.jpg?utm_source=en.wikipedia.org&utm_campaign=api&utm_content=thumbnail
baoshan,Baoshan,"Baoshan, China 🇨🇳",China,31.40845,121.48956,3,,"Baoshan is a Shanghai district that is home to Baosteel, one of the world's largest steelmakers.",https://thumb.wikimedia.org/wikipedia/en/thumb/f/fd/Gorbunov_Palace_of_Culture.jpg/500px-Gorbunov_Palace_of_Culture.jpg?utm_source=en.wikipedia.org&utm_campaign=api&utm_content=thumbnail
lusaka,Lusaka,"Lusaka, Zambia 🇿🇲",Zambia,-15.40669,28.28713,3,,Lusaka is Zambia's capital and one of the fastest-growing cities in southern Africa.,https://thumb.wikimedia.org/wikipedia/commons/thumb/d/de/View_of_Monterrey_%282015%29.jpg/500px-View_of_Monterrey_%282015%29.jpg?utm_source=en.wikipedia.org&utm_campaign=api&utm_content=thumbnail
havana,Havana,"Havana, Cuba 🇨🇺",Cuba,23.13302,-82.38304,3,Caribbean,"Havana's old town is a UNESCO World Heritage Site, and the city is the birthplace of the mojito and the daiquiri.",https://thumb.wikimedia.org/wikipedia/commons/thumb/0/04/Reykjav%C3%ADk%2C_view_from_Hallgr%C3%ADmskirkja_%282%29.jpg/500px-Reykjav%C3%ADk%2C_view_from_Hallgr%C3%ADmskirkja_%282%29.jpg?utm_source=en.wikipedia.org&utm_campaign=api&utm_content=thumbnail
depok,Depok,"Depok, Indonesia 🇮🇩",Indonesia,-6.4,106.81861,3,,Depok is a satellite city south of Jakarta that hosts the main campus of the University of Indonesia.,https://thumb.wikimedia.org/wikipedia/commons/thumb/5/51/Chichen_Itza_3.jpg/500px-Chichen_Itza_3.jpg
pretoria,Pretoria,"Pretoria, South Africa 🇿🇦",South Africa,-25.74486,28.18783,3,,Pretoria is one of South Africa's three capitals and is called the 'Jacaranda City' for the thousands of purple trees that bloom in spring.,https://thumb.wikimedia.org/wikipedia/commons/thumb/c/c2/UB_downtown.jpg/500px-UB_downtown.jpg
tashkent,Tashkent,"Tashkent, Uzbekistan 🇺🇿",Uzbekistan,41.26465,69.21627,3,Silk Road,"Tashkent is Uzbekistan's capital and the largest city in Central Asia, with a famous Chorsu Bazaar under a giant blue dome.",https://thumb.wikimedia.org/wikipedia/commons/thumb/c/c1/Oymyakon_-_190228_DSC_5642.jpg/500px-Oymyakon_-_190228_DSC_5642.jpg
almaty,Almaty,"Almaty, Kazakhstan 🇰🇿",Kazakhstan,43.25249,76.9115,3,,"Almaty is Kazakhstan's largest city, nestled at the foot of the Tian Shan mountains, and is considered the home of the wild apple.",https://thumb.wikimedia.org/wikipedia/commons/thumb/6/69/Rome_Stele.jpg/500px-Rome_Stele.jpg?utm_source=en.wikipedia.org&utm_campaign=api&utm_content=thumbnail
khartoum,Khartoum,"Khartoum, Sudan 🇸🇩",Sudan,15.55177,32.53241,3,,"Khartoum is Sudan's capital, where the Blue Nile and the White Nile come together to form the Nile.",https://thumb.wikimedia.org/wikipedia/commons/thumb/0/03/Valley_of_the_Queens_by_Zureks.jpg/500px-Valley_of_the_Queens_by_Zureks.jpg?utm_source=en.wikipedia.org&utm_campaign=api&utm_content=thumbnail
accra,Accra,"Accra, Ghana 🇬🇭",Ghana,5.55602,-0.1969,3,,"Accra is Ghana's capital and is known for its fantasy coffins, which are shaped like fish, cars, and other objects.",https://thumb.wikimedia.org/wikipedia/commons/thumb/6/65/Skyline_of_George_Town%2C_Penang_at_night_Nov2024-29-17.jpg/500px-Skyline_of_George_Town%2C_Penang_at_night_Nov2024-29-17.jpg?utm_source=en.wikipedia.org&utm_campaign=api&utm_content=thumbnail
tijuana,Tijuana,"Tijuana, Mexico 🇲🇽",Mexico,32.5027,-117.00371,3,,Tijuana is a border city next to San Diego and is often credited as the birthplace of the Caesar salad.,https://thumb.wikimedia.org/wikipedia/commons/thumb/8/89/DHOLAVIRA_SITE_%2824%29.jpg/500px-DHOLAVIRA_SITE_%2824%29.jpg?utm_source=en.wikipedia.org&utm_campaign=api&utm_content=thumbnail
kampala,Kampala,"Kampala, Uganda 🇺🇬",Uganda,0.31628,32.58219,3,,"Kampala is Uganda's capital, originally built on seven hills, and is famous for its boda-boda motorcycle taxis.",https://thumb.wikimedia.org/wikipedia/commons/thumb/9/91/Salzburg_%2848489551981%29.jpg/500px-Salzburg_%2848489551981%29.jpg?utm_source=en.wikipedia.org&utm_campaign=api&utm_content=thumbnail
kayseri,Kayseri,"Kayseri, Turkey 🇹🇷",Turkey,38.73222,35.48528,5,,"Kayseri is a central Turkish city known for pastırma, a cured beef, and its savory mantı dumplings.",https://thumb.wikimedia.org/wikipedia/commons/thumb/c/c0/Mount_Elbrus_%28cropped%29.jpg/500px-Mount_Elbrus_%28cropped%29.jpg?utm_source=en.wikipedia.org&utm_campaign=api&utm_content=thumbnail
konya,Konya,"Konya, Turkey 🇹🇷",Turkey,37.87135,32.48464,3,,"Konya was the capital of the Seljuk Sultanate of Rum and is home to the Mevlana Museum, the tomb of the poet Rumi.",https://thumb.wikimedia.org/wikipedia/commons/thumb/c/cb/New_Orleans_from_the_Air_September_2019_-_Central_Business_District_Skyline_%28cropped%29.jpg/500px-New_Orleans_from_the_Air_September_2019_-_Central_Business_District_Skyline_%28cropped%29.jpg?utm_source=en.wikipedia.org&utm_campaign=api&utm_content=thumbnail
gwangju,Gwangju,"Gwangju, South Korea 🇰🇷",South Korea,35.15472,126.91556,5,,"Gwangju is a South Korean city known as a center of arts and democracy, and it hosts the Gwangju Biennale.",https://thumb.wikimedia.org/wikipedia/commons/thumb/0/00/FortSumter2009.jpg/500px-FortSumter2009.jpg?utm_source=en.wikipedia.org&utm_campaign=api&utm_content=thumbnail
the-bronx,The Bronx,"The Bronx, United States 🇺🇸",United States,40.84985,-73.86641,3,,"The Bronx is home to Yankee Stadium and the Bronx Zoo, one of the largest city zoos in the world.",https://thumb.wikimedia.org/wikipedia/commons/thumb/7/79/Bondi_from_above.jpg/500px-Bondi_from_above.jpg?utm_source=en.wikipedia.org&utm_campaign=api&utm_content=thumbnail
antananarivo,Antananarivo,"Antananarivo, Madagascar 🇲🇬",Madagascar,-18.91368,47.53613,3,,"Antananarivo is Madagascar's capital, built on a ridge in the central highlands at about 1,280 meters.",https://thumb.wikimedia.org/wikipedia/commons/thumb/0/04/Makapuu_Point_2.jpeg/500px-Makapuu_Point_2.jpeg?utm_source=en.wikipedia.org&utm_campaign=api&utm_content=thumbnail
antalya,Antalya,"Antalya, Turkey 🇹🇷",Turkey,36.90812,30.69556,3,,"Antalya is a major Turkish resort city on the Mediterranean, known for its old Kaleiçi quarter and nearby beaches.",https://thumb.wikimedia.org/wikipedia/commons/thumb/d/d9/Chivay%2C_2023_%28cropped%29.jpg/500px-Chivay%2C_2023_%28cropped%29.jpg?utm_source=en.wikipedia.org&utm_campaign=api&utm_content=thumbnail
belgrade,Belgrade,"Belgrade, Serbia 🇷🇸",Serbia,44.80401,20.46513,3,Balkans,"Belgrade is Serbia's capital and one of Europe's oldest cities, known for its lively nightlife on river barges called splavovi.",https://thumb.wikimedia.org/wikipedia/commons/thumb/6/69/Pucar%C3%A1_de_Tilcara_01.JPG/500px-Pucar%C3%A1_de_Tilcara_01.JPG?utm_source=en.wikipedia.org&utm_campaign=api&utm_content=thumbnail
shiraz,Shiraz,"Shiraz, Iran 🇮🇷",Iran,29.61031,52.53113,3,,"Shiraz is the Iranian city of poetry and gardens, and the nearby Pink Mosque glows with colored light through stained-glass windows.",https://thumb.wikimedia.org/wikipedia/commons/thumb/7/70/Milan_Cathedral_from_Piazza_del_Duomo.jpg/500px-Milan_Cathedral_from_Piazza_del_Duomo.jpg?utm_source=en.wikipedia.org&utm_campaign=api&utm_content=thumbnail
dombivali,Dombivali,"Dombivali, India 🇮🇳",India,19.21667,73.08333,6,,"Dombivli is a busy town in the Mumbai Metropolitan Region, known for its large Marathi middle-class community.",https://thumb.wikimedia.org/wikipedia/commons/thumb/c/c7/Ljubljana_Old_Town%2C_Slovenia_%28Old_Camera%29_%2833286165680%29.jpg/500px-Ljubljana_Old_Town%2C_Slovenia_%28Old_Camera%29_%2833286165680%29.jpg?utm_source=en.wikipedia.org&utm_campaign=api&utm_content=thumbnail
suwon,Suwon,"Suwon, South Korea 🇰🇷",South Korea,37.29111,127.00889,3,,"Suwon is home to the Hwaseong Fortress, built in the 1790s by King Jeongjo, and is famous for its marinated galbi ribs.",https://thumb.wikimedia.org/wikipedia/commons/thumb/4/42/Universidade_de_Coimbra_-_panoramio.jpg/1280px-Universidade_de_Coimbra_-_panoramio.jpg
meerut,Meerut,"Meerut, India 🇮🇳",India,28.98002,77.70636,3,,"Meerut is a city in Uttar Pradesh where the Indian Rebellion of 1857 broke out, and it is now known for making sports goods.",https://thumb.wikimedia.org/wikipedia/commons/thumb/5/56/Naha_Okinawa_Japan_Shuri-Castle-01.jpg/500px-Naha_Okinawa_Japan_Shuri-Castle-01.jpg?utm_source=en.wikipedia.org&utm_campaign=api&utm_content=thumbnail
virar,Virār,"Virār, India 🇮🇳",India,19.45591,72.81136,6,,"Virar is a suburb at the northern end of Mumbai's Western Railway line, known for its crowded commuter trains.",https://thumb.wikimedia.org/wikipedia/commons/thumb/5/51/Baikonur_Cosmodrome_Soyuz_launch_pad.jpg/500px-Baikonur_Cosmodrome_Soyuz_launch_pad.jpg?utm_source=en.wikipedia.org&utm_campaign=api&utm_content=thumbnail
nowrangapur,Nowrangapur,"Nowrangapur, India 🇮🇳",India,19.23114,82.54826,8,,"Nabarangpur is a town in southern Odisha, set amid forests and tribal villages on a high plateau.",https://thumb.wikimedia.org/wikipedia/commons/thumb/6/66/Vestmannaeyjar018.JPG/500px-Vestmannaeyjar018.JPG?utm_source=en.wikipedia.org&utm_campaign=api&utm_content=thumbnail
karbala,Karbala,"Karbala, Iraq 🇮🇶",Iraq,32.61603,44.02488,3,,"Karbala is a Shia holy city in Iraq, home to the Shrine of Imam Husayn, which draws millions of pilgrims during Arbaeen.",https://thumb.wikimedia.org/wikipedia/commons/thumb/a/a0/Kiritimati-EO.jpg/500px-Kiritimati-EO.jpg?utm_source=en.wikipedia.org&utm_campaign=api&utm_content=thumbnail
sadr-city,Sadr City,"Sadr City, Iraq 🇮🇶",Iraq,33.3889,44.4583,3,,"Sadr City is a densely packed district of Baghdad, built in 1959 and later named after a Shia cleric.",https://thumb.wikimedia.org/wikipedia/commons/thumb/6/68/Antarctica_base%28Japan%29_English_ver.png/500px-Antarctica_base%28Japan%29_English_ver.png?utm_source=en.wikipedia.org&utm_campaign=api&utm_content=thumbnail
mandalay,Mandalay,"Mandalay, Myanmar 🇲🇲",Myanmar,21.97473,96.08359,3,,"Mandalay is the last royal capital of Burma and is a center of Burmese Buddhism, with the Mahamuni Buddha covered in gold leaf.",https://upload.wikimedia.org/wikipedia/commons/9/94/Partner-marsh.png?utm_source=en.wikipedia.org&utm_campaign=api&utm_content=thumbnail_unscaled
srinagar,Srinagar,"Srinagar, India 🇮🇳",India,34.08565,74.80555,3,,"Srinagar is the summer capital of Jammu and Kashmir, known for its Mughal gardens and houseboats on Dal Lake.",https://thumb.wikimedia.org/wikipedia/commons/thumb/f/f0/Estadio_Ol%C3%ADmpico_Universitario_-_2026_-_04.jpg/500px-Estadio_Ol%C3%ADmpico_Universitario_-_2026_-_04.jpg?utm_source=en.wikipedia.org&utm_campaign=api&utm_content=thumbnail
shymkent,Shymkent,"Shymkent, Kazakhstan 🇰🇿",Kazakhstan,42.30988,69.60042,3,,Shymkent is Kazakhstan's third-largest city and lies on the ancient Silk Road near the Uzbek border.,https://thumb.wikimedia.org/wikipedia/commons/thumb/7/78/Predjama_Castle%2C_Slovenia%2C_20240502_0831_7409.jpg/500px-Predjama_Castle%2C_Slovenia%2C_20240502_0831_7409.jpg
ghaziabad,Ghāziābād,"Ghāziābād, India 🇮🇳",India,28.66535,77.43915,3,,"Ghaziabad is an industrial city just east of Delhi, sometimes called the 'Gateway of Uttar Pradesh'.",https://thumb.wikimedia.org/wikipedia/commons/thumb/5/5f/Temple_of_Heaven_20160323_01.jpg/500px-Temple_of_Heaven_20160323_01.jpg?utm_source=en.wikipedia.org&utm_campaign=api&utm_content=thumbnail
pekanbaru,Pekanbaru,"Pekanbaru, Indonesia 🇮🇩",Indonesia,0.51667,101.44167,3,,Pekanbaru is the capital of Riau province in Sumatra and a center for Indonesia's oil and palm oil industries.,https://thumb.wikimedia.org/wikipedia/commons/thumb/f/f0/Brooklyn_Bridge_and_the_Lower_Manhattan_skyline_from_Pebble_Beach%2C_New_York.jpg/500px-Brooklyn_Bridge_and_the_Lower_Manhattan_skyline_from_Pebble_Beach%2C_New_York.jpg?utm_source=en.wikipedia.org&utm_campaign=api&utm_content=thumbnail
bandar-lampung,Bandar Lampung,"Bandar Lampung, Indonesia 🇮🇩",Indonesia,-5.42917,105.26111,3,,"Bandar Lampung is a Sumatran port city at the southern tip of the island, a short ferry ride from Java.",https://thumb.wikimedia.org/wikipedia/commons/thumb/e/ea/Adams_Bridge_aerial.jpg/500px-Adams_Bridge_aerial.jpg?utm_source=en.wikipedia.org&utm_campaign=api&utm_content=thumbnail
yerevan,Yerevan,"Yerevan, Armenia 🇦🇲",Armenia,40.17765,44.5126,3,,"Yerevan is one of the world's oldest continuously inhabited cities, founded in 782 BC as the fortress of Erebuni.",https://thumb.wikimedia.org/wikipedia/en/thumb/c/c7/Burj_Khalifa_2021.jpg/500px-Burj_Khalifa_2021.jpg
malingao,Malingao,"Malingao, Philippines 🇵🇭",Philippines,7.16083,124.475,8,,Malingao is a farming community in the rice-growing plains of central Mindanao in the Philippines.,https://thumb.wikimedia.org/wikipedia/commons/thumb/d/d7/Kolkata_maidan.jpg/500px-Kolkata_maidan.jpg?utm_source=en.wikipedia.org&utm_campaign=api&utm_content=thumbnail
ulsan,Ulsan,"Ulsan, South Korea 🇰🇷",South Korea,35.53722,129.31667,3,,"Ulsan is South Korea's industrial powerhouse, home to Hyundai's huge car factory and shipyard.",https://thumb.wikimedia.org/wikipedia/commons/thumb/0/0c/Naghshe_jahan_01.jpg/500px-Naghshe_jahan_01.jpg?utm_source=en.wikipedia.org&utm_campaign=api&utm_content=thumbnail
sendai,Sendai,"Sendai, Japan 🇯🇵",Japan,38.26667,140.86667,3,,Sendai is known as the 'City of Trees' and hosts the Tanabata star festival with huge paper streamers every August.,https://thumb.wikimedia.org/wikipedia/commons/thumb/7/75/Tikal_3.jpg/500px-Tikal_3.jpg?utm_source=en.wikipedia.org&utm_campaign=api&utm_content=thumbnail
aden,Aden,"Aden, Yemen 🇾🇪",Yemen,12.77957,45.03852,3,,"Aden is a port city in Yemen built inside the crater of an extinct volcano, and it was a key British coaling station.",https://commons.wikimedia.org/wiki/Special:Redirect/file/Catedral_de_Sal_de_Zipaquira.jpg
bogor,Bogor,"Bogor, Indonesia 🇮🇩",Indonesia,-6.59444,106.78917,3,,"Bogor is home to Indonesia's huge Bogor Botanical Gardens, founded in 1817, and is known as the 'Rain City'.",https://thumb.wikimedia.org/wikipedia/commons/thumb/f/f3/Ouagadougou_Skyline.jpg/500px-Ouagadougou_Skyline.jpg
goyang-si,Goyang-si,"Goyang-si, South Korea 🇰🇷",South Korea,37.65639,126.835,3,,Goyang is a city northwest of Seoul known for its flower expos and the Ilsan Lake Park.,https://upload.wikimedia.org/wikipedia/commons/1/14/Fortaleza_de_S%C3%A3o_Sebasti%C3%A3o_-_detail.jpg
tbilisi,Tbilisi,"Tbilisi, Georgia 🇬🇪",Georgia,41.69143,44.83412,3,Wine Country,"Tbilisi is Georgia's capital, known for its sulfur bathhouses, balconied old town, and a long winemaking tradition.",https://thumb.wikimedia.org/wikipedia/commons/thumb/a/a4/Tunguska_Ereignis-1.jpg/500px-Tunguska_Ereignis-1.jpg?utm_source=en.wikipedia.org&utm_campaign=api&utm_content=thumbnail
rangpur,Rangpur,"Rangpur, Bangladesh 🇧🇩",Bangladesh,25.74664,89.25166,3,,"Rangpur is a city in northern Bangladesh, known for its Tajhat Palace and the nearby Teesta River.",https://thumb.wikimedia.org/wikipedia/commons/thumb/2/2f/Panoramic_view_over_central_Sofia_and_the_Vitosha_Mountain_2017-10-08.jpg/500px-Panoramic_view_over_central_Sofia_and_the_Vitosha_Mountain_2017-10-08.jpg?utm_source=en.wikipedia.org&utm_campaign=api&utm_content=thumbnail
qingyang,Qingyang,"Qingyang, China 🇨🇳",China,35.70976,107.64455,6,,"Qingyang is a city in eastern Gansu on the Loess Plateau, where some people still live in yaodong cave homes.",https://thumb.wikimedia.org/wikipedia/commons/thumb/d/de/View_of_Monterrey_%282015%29.jpg/500px-View_of_Monterrey_%282015%29.jpg?utm_source=en.wikipedia.org&utm_campaign=api&utm_content=thumbnail
jinzhou,Jinzhou,"Jinzhou, China 🇨🇳",China,41.10778,121.14167,4,,"Jinzhou is a Liaoning port city on the Bohai Sea, known for its ancient Liao-dynasty Guangji Pagoda.",https://thumb.wikimedia.org/wikipedia/commons/thumb/f/f7/Museumsinsel_Berlin_Juli_2021_1_%28cropped%29_b.jpg/500px-Museumsinsel_Berlin_Juli_2021_1_%28cropped%29_b.jpg
jinhua,Jinhua,"Jinhua, China 🇨🇳",China,29.10678,119.64421,4,,"Jinhua is a Zhejiang city famous for its dry-cured Jinhua ham, made the same way for over a thousand years.",https://thumb.wikimedia.org/wikipedia/commons/thumb/2/28/Palikir_2025-Presidential2.jpg/500px-Palikir_2025-Presidential2.jpg
heshan,Heshan,"Heshan, China 🇨🇳",China,28.56938,112.34733,7,,"Heshan is a district of Yiyang in Hunan, on the Zi River near Dongting Lake, one of China's largest freshwater lakes.",https://thumb.wikimedia.org/wikipedia/commons/thumb/8/8c/St_Joseph%27s_Catholic_Cathedral_%2834895613805%29.jpg/500px-St_Joseph%27s_Catholic_Cathedral_%2834895613805%29.jpg?utm_source=en.wikipedia.org&utm_campaign=api&utm_content=thumbnail
jining,Jining,"Jining, China 🇨🇳",China,35.405,116.58139,4,,"Jining is a Shandong city that includes Qufu, the hometown of Confucius, with his temple, family mansion, and cemetery.",https://thumb.wikimedia.org/wikipedia/commons/thumb/7/76/Ngorongoro-1001-2.jpg/500px-Ngorongoro-1001-2.jpg?utm_source=en.wikipedia.org&utm_campaign=api&utm_content=thumbnail
putuo,Putuo,"Putuo, China 🇨🇳",China,31.251,121.3897,4,,"Putuo is a district in Shanghai, along the winding Suzhou Creek, that grew up around old textile mills.",https://thumb.wikimedia.org/wikipedia/commons/thumb/2/20/Clifton_Karachi_View.jpg/500px-Clifton_Karachi_View.jpg?utm_source=en.wikipedia.org&utm_campaign=api&utm_content=thumbnail
liaocheng,Liaocheng,"Liaocheng, China 🇨🇳",China,36.45064,116.00247,4,,"Liaocheng is a Shandong 'water city' surrounded by Dongchang Lake, with the Ming-era Guangyue Tower at its center.",https://thumb.wikimedia.org/wikipedia/commons/thumb/0/0e/Torii_path_with_lantern_at_Fushimi_Inari_Taisha_Shrine%2C_Kyoto%2C_Japan.jpg/500px-Torii_path_with_lantern_at_Fushimi_Inari_Taisha_Shrine%2C_Kyoto%2C_Japan.jpg?utm_source=en.wikipedia.org&utm_campaign=api&utm_content=thumbnail
dhanbad,Dhanbad,"Dhanbad, India 🇮🇳",India,23.79759,86.42992,4,,"Dhanbad is known as the 'Coal Capital of India', surrounded by mines including the Jharia coalfield, where underground fires have burned for over a century.",https://thumb.wikimedia.org/wikipedia/commons/thumb/2/2b/Sevilla_Cathedral_-_Southeast.jpg/500px-Sevilla_Cathedral_-_Southeast.jpg?utm_source=en.wikipedia.org&utm_campaign=api&utm_content=thumbnail
aurangabad,Aurangabad,"Aurangabad, India 🇮🇳",India,19.87757,75.34226,4,,"Aurangabad, officially Chhatrapati Sambhajinagar, is the gateway to the Ajanta and Ellora cave temples.",https://thumb.wikimedia.org/wikipedia/commons/thumb/8/87/Wawel_%284%29.jpg/500px-Wawel_%284%29.jpg?utm_source=en.wikipedia.org&utm_campaign=api&utm_content=thumbnail
varanasi,Varanasi,"Varanasi, India 🇮🇳",India,25.31668,83.01041,4,Great Rivers,"Varanasi is one of the world's oldest continuously inhabited cities, and Hindus believe dying there brings release from the cycle of rebirth.",https://thumb.wikimedia.org/wikipedia/commons/thumb/6/62/Lincoln_Memorial_east_side.JPG/500px-Lincoln_Memorial_east_side.JPG?utm_source=en.wikipedia.org&utm_campaign=api&utm_content=thumbnail
vijayawada,Vijayawada,"Vijayawada, India 🇮🇳",India,16.50745,80.6466,4,,"Vijayawada is a city on the Krishna River in Andhra Pradesh, known for the Kanaka Durga temple on a hill above the river.",https://thumb.wikimedia.org/wikipedia/commons/thumb/c/cb/Two_Mittens_Predawn.jpg/500px-Two_Mittens_Predawn.jpg?utm_source=en.wikipedia.org&utm_campaign=api&utm_content=thumbnail
ranchi,Ranchi,"Ranchi, India 🇮🇳",India,23.34316,85.3094,4,,"Ranchi is the capital of Jharkhand, surrounded by waterfalls, and is the hometown of cricket captain MS Dhoni.",https://thumb.wikimedia.org/wikipedia/commons/thumb/7/74/Melbourne_skyline_sor.jpg/500px-Melbourne_skyline_sor.jpg?utm_source=en.wikipedia.org&utm_campaign=api&utm_content=thumbnail
jabalpur,Jabalpur,"Jabalpur, India 🇮🇳",India,23.16697,79.95006,4,,Jabalpur is a city in Madhya Pradesh near the Marble Rocks gorge on the Narmada River.,https://thumb.wikimedia.org/wikipedia/commons/thumb/4/40/Fire_Walking_%281234969885%29.jpg/500px-Fire_Walking_%281234969885%29.jpg?utm_source=en.wikipedia.org&utm_campaign=api&utm_content=thumbnail
prayagraj,Prayagraj,"Prayagraj, India 🇮🇳",India,25.44478,81.84322,4,,"Prayagraj, formerly Allahabad, hosts the Kumbh Mela, one of the largest gatherings of people on Earth.",https://thumb.wikimedia.org/wikipedia/commons/thumb/3/30/Museo_Naval_del_Caribe.JPG/500px-Museo_Naval_del_Caribe.JPG?utm_source=en.wikipedia.org&utm_campaign=api&utm_content=thumbnail
visakhapatnam,Visakhapatnam,"Visakhapatnam, India 🇮🇳",India,17.68009,83.20161,4,,Visakhapatnam is a port city in Andhra Pradesh with a decommissioned submarine turned museum on its beachfront.,https://thumb.wikimedia.org/wikipedia/commons/thumb/2/20/Cotopaxi_volcano_2008-06-27T1322.jpg/500px-Cotopaxi_volcano_2008-06-27T1322.jpg?utm_source=en.wikipedia.org&utm_campaign=api&utm_content=thumbnail
kirkuk,Kirkuk,"Kirkuk, Iraq 🇮🇶",Iraq,35.46806,44.39222,4,,Kirkuk is an Iraqi oil city where natural gas seeping from the ground at Baba Gurgur has burned for thousands of years.,https://thumb.wikimedia.org/wikipedia/commons/thumb/e/ee/Kremlin_and_Red_Square.1.jpg/500px-Kremlin_and_Red_Square.1.jpg?utm_source=en.wikipedia.org&utm_campaign=api&utm_content=thumbnail
changwon,Changwon,"Changwon, South Korea 🇰🇷",South Korea,35.22806,128.68111,4,,Changwon is a planned industrial city in South Korea and hosts the Jinhae cherry blossom festival every spring.,https://thumb.wikimedia.org/wikipedia/commons/thumb/4/47/Lucca.city_walls01.jpg/500px-Lucca.city_walls01.jpg?utm_source=en.wikipedia.org&utm_campaign=api&utm_content=thumbnail
zamboanga,Zamboanga,"Zamboanga, Philippines 🇵🇭",Philippines,6.91028,122.07389,4,,"Zamboanga City is known as 'Asia's Latin City' because many residents speak Chavacano, a Spanish-based creole.",https://thumb.wikimedia.org/wikipedia/commons/thumb/2/26/20090719_Crkva_Gospa_od_Zdravlja_Kotor_Bay_Montenegro.jpg/500px-20090719_Crkva_Gospa_od_Zdravlja_Kotor_Bay_Montenegro.jpg?utm_source=en.wikipedia.org&utm_campaign=api&utm_content=thumbnail
jacksonville,Jacksonville,"Jacksonville, United States 🇺🇸",United States,30.33218,-81.65565,4,,Jacksonville is the largest city by area in the contiguous United States and sits on the St. Johns River.,https://thumb.wikimedia.org/wikipedia/commons/thumb/1/13/Tunnel_View%2C_Yosemite_Valley%2C_Yosemite_NP_-_Diliff.jpg/500px-Tunnel_View%2C_Yosemite_Valley%2C_Yosemite_NP_-_Diliff.jpg?utm_source=en.wikipedia.org&utm_campaign=api&utm_content=thumbnail
fort-worth,Fort Worth,"Fort Worth, United States 🇺🇸",United States,32.72541,-97.32085,4,,Fort Worth is known as the city 'where the West begins' and has historic stockyards with daily cattle drives.,https://thumb.wikimedia.org/wikipedia/commons/thumb/e/e4/Khumbutse.jpg/500px-Khumbutse.jpg?utm_source=en.wikipedia.org&utm_campaign=api&utm_content=thumbnail
san-jose,San Jose,"San Jose, United States 🇺🇸",United States,37.33939,-121.89496,4,,San Jose is the largest city in Silicon Valley and was California's first state capital.,https://thumb.wikimedia.org/wikipedia/commons/thumb/9/9b/Prince_Edward_Island%2C_South_Africa%2C_EO-1_ALI_satellite_image%2C_5_May_2009.jpg/1280px-Prince_Edward_Island%2C_South_Africa%2C_EO-1_ALI_satellite_image%2C_5_May_2009.jpg
esenyurt,Esenyurt,"Esenyurt, Turkey 🇹🇷",Turkey,41.02697,28.67732,4,,Esenyurt is a fast-growing district on Istanbul's European side that went from a village to one of the city's most populous districts.,https://upload.wikimedia.org/wikipedia/commons/thumb/d/de/Cliffs_of_Paracas%2C_Peru.jpg/500px-Cliffs_of_Paracas%2C_Peru.jpg
kennedy,Kennedy,"Kennedy, Colombia 🇨🇴",Colombia,4.6165,-74.14597,7,,Kennedy is a locality in Bogotá named after US President John F. Kennedy and home to the huge Corabastos food market.,https://thumb.wikimedia.org/wikipedia/commons/thumb/2/22/Anak_krakatau_sebelum_tsunami.jpg/500px-Anak_krakatau_sebelum_tsunami.jpg?utm_source=en.wikipedia.org&utm_campaign=api&utm_content=thumbnail
chiba,Chiba,"Chiba, Japan 🇯🇵",Japan,35.6,140.11667,4,,"Chiba is a city east of Tokyo, home to the Makuhari Messe convention center and the world's longest suspended monorail.",https://thumb.wikimedia.org/wikipedia/commons/thumb/c/ce/Stonewall_Inn_5_pride_weekend_2016.jpg/500px-Stonewall_Inn_5_pride_weekend_2016.jpg?utm_source=en.wikipedia.org&utm_campaign=api&utm_content=thumbnail
sargodha,Sargodha,"Sargodha, Pakistan 🇵🇰",Pakistan,32.08586,72.67418,4,,Sargodha is a Punjab city in Pakistan known for growing kinnow oranges.,https://commons.wikimedia.org/wiki/Special:Redirect/file/Catedral_de_Sal_de_Zipaquira.jpg
cebu-city,Cebu City,"Cebu City, Philippines 🇵🇭",Philippines,10.31672,123.89071,4,,"Cebu City is the oldest city in the Philippines, where Magellan landed in 1521 and planted a cross that is still on display.",https://thumb.wikimedia.org/wikipedia/commons/thumb/0/05/Kailasha_Temple%2C_Ellora.jpg/500px-Kailasha_Temple%2C_Ellora.jpg
sultanah,Sulţānah,"Sulţānah, Saudi Arabia 🇸🇦",Saudi Arabia,24.49258,39.58572,7,,"Sultanah is a residential district in Medina, Saudi Arabia, near the city's historic center.",https://thumb.wikimedia.org/wikipedia/commons/thumb/c/c8/Badshahi_Mosque_front_picture.jpg/500px-Badshahi_Mosque_front_picture.jpg?utm_source=en.wikipedia.org&utm_campaign=api&utm_content=thumbnail
padang,Padang,"Padang, Indonesia 🇮🇩",Indonesia,-0.94924,100.35427,4,,"Padang is the capital of West Sumatra and the home of nasi Padang, a style of cooking served across Indonesia.",https://thumb.wikimedia.org/wikipedia/commons/thumb/3/32/City_wall_of_Xi%27an_51550-Xian_%2827959363326%29.jpg/500px-City_wall_of_Xi%27an_51550-Xian_%2827959363326%29.jpg?utm_source=en.wikipedia.org&utm_campaign=api&utm_content=thumbnail
kitakyushu,Kitakyushu,"Kitakyushu, Japan 🇯🇵",Japan,33.85181,130.85034,4,,Kitakyushu is a Japanese industrial city that cleaned up its polluted bay and became a model for environmental recovery.,https://thumb.wikimedia.org/wikipedia/commons/thumb/2/20/Clifton_Karachi_View.jpg/500px-Clifton_Karachi_View.jpg?utm_source=en.wikipedia.org&utm_campaign=api&utm_content=thumbnail
taiz,Taiz,"Taiz, Yemen 🇾🇪",Yemen,13.57952,44.02091,4,,"Taiz is a city in Yemen's southern highlands, located below the mountain of Jabal Sabir, and is a historic center of learning.",https://thumb.wikimedia.org/wikipedia/commons/thumb/b/b4/27427-Luoyang_%2849067744628%29.jpg/500px-27427-Luoyang_%2849067744628%29.jpg?utm_source=en.wikipedia.org&utm_campaign=api&utm_content=thumbnail
setagaya,Setagaya,"Setagaya, Japan 🇯🇵",Japan,35.64188,139.64715,4,,"Setagaya is Tokyo's most populous ward, home to the Gōtoku-ji temple, which is filled with thousands of beckoning-cat figurines.",https://thumb.wikimedia.org/wikipedia/commons/thumb/9/9b/Bundaran_Hotel_Indonesia_%282025%29_%28cropped%29.jpg/500px-Bundaran_Hotel_Indonesia_%282025%29_%28cropped%29.jpg
kingston,Kingston,"Kingston, Jamaica 🇯🇲",Jamaica,17.99702,-76.79358,4,Caribbean,"Kingston is Jamaica's capital and the birthplace of reggae, home to the Bob Marley Museum.",https://thumb.wikimedia.org/wikipedia/commons/thumb/2/2b/Mumbai_Bandra-Worli_Sea_Link.jpg/500px-Mumbai_Bandra-Worli_Sea_Link.jpg
nay-pyi-taw,Nay Pyi Taw,"Nay Pyi Taw, Myanmar 🇲🇲",Myanmar,19.745,96.12972,4,,"Naypyidaw replaced Yangon as Myanmar's capital in 2005 and is known for its huge, nearly empty highways.",https://thumb.wikimedia.org/wikipedia/commons/thumb/f/f6/Brasilia_National_Congress.JPG/1280px-Brasilia_National_Congress.JPG
eskisehir,Eskişehir,"Eskişehir, Turkey 🇹🇷",Turkey,39.77667,30.52056,4,,Eskişehir is a lively Turkish student city known for its meerschaum stone carvings and gondola rides on the Porsuk River.,https://thumb.wikimedia.org/wikipedia/commons/thumb/2/21/Palacio_de_La_Moneda_-_miguelreflex.jpg/500px-Palacio_de_La_Moneda_-_miguelreflex.jpg
seongnam-si,Seongnam-si,"Seongnam-si, South Korea 🇰🇷",South Korea,37.43861,127.13778,4,,"Seongnam is a city south of Seoul that includes the Pangyo Techno Valley, home to many of South Korea's top tech firms.",https://thumb.wikimedia.org/wikipedia/commons/thumb/1/18/La_Gombe%2C_Kinshasa%2C_RDC_%28cropped%29.jpg/500px-La_Gombe%2C_Kinshasa%2C_RDC_%28cropped%29.jpg?utm_source=en.wikipedia.org&utm_campaign=api&utm_content=thumbnail
cartagena,Cartagena,"Cartagena, Colombia 🇨🇴",Colombia,10.39817,-75.49328,4,Caribbean; Colonial Towns,Cartagena is a Colombian port city with a colorful old town surrounded by colonial stone walls.,https://thumb.wikimedia.org/wikipedia/commons/thumb/c/c3/Luanda_2025_focused_%28cropped%29.jpg/500px-Luanda_2025_focused_%28cropped%29.jpg?utm_source=en.wikipedia.org&utm_campaign=api&utm_content=thumbnail
antipolo,Antipolo,"Antipolo, Philippines 🇵🇭",Philippines,14.62578,121.12251,4,,Antipolo is a hillside city east of Manila known for its pilgrimage shrine and its suman rice cakes.,https://thumb.wikimedia.org/wikipedia/commons/thumb/3/35/Auschwitz_I_%2822_May_2010%29_b.jpg/500px-Auschwitz_I_%2822_May_2010%29_b.jpg?utm_source=en.wikipedia.org&utm_campaign=api&utm_content=thumbnail
columbus,Columbus,"Columbus, United States 🇺🇸",United States,39.96118,-82.99879,4,,"Columbus is the capital of Ohio and home to Ohio State University, one of the largest universities in the US.",https://thumb.wikimedia.org/wikipedia/commons/thumb/3/38/Panor%C3%A1mica_Guadalajara_desde_edificio_Bansi_hacia_norte_%28cropped%29.jpg/500px-Panor%C3%A1mica_Guadalajara_desde_edificio_Bansi_hacia_norte_%28cropped%29.jpg?utm_source=en.wikipedia.org&utm_campaign=api&utm_content=thumbnail
sialkot,Sialkot,"Sialkot, Pakistan 🇵🇰",Pakistan,32.49268,74.53134,4,,Sialkot is a Pakistani city that produces a large share of the world's hand-stitched footballs and surgical instruments.,https://thumb.wikimedia.org/wikipedia/commons/thumb/5/53/Sydney_Opera_House_and_Harbour_Bridge_Dusk_%282%29_2019-06-21.jpg/500px-Sydney_Opera_House_and_Harbour_Bridge_Dusk_%282%29_2019-06-21.jpg
charlotte,Charlotte,"Charlotte, United States 🇺🇸",United States,35.22709,-80.84313,4,,"Charlotte is North Carolina's largest city, the second-largest US banking center, and home of the NASCAR Hall of Fame.",https://thumb.wikimedia.org/wikipedia/commons/thumb/3/30/%EC%A4%91%ED%99%94%EC%A0%84%EC%9D%98_%EB%82%AE.jpg/500px-%EC%A4%91%ED%99%94%EC%A0%84%EC%9D%98_%EB%82%AE.jpg
bahawalpur,Bahawalpur,"Bahawalpur, Pakistan 🇵🇰",Pakistan,29.39779,71.6752,4,,"Bahawalpur was the capital of a former princely state and is known for its grand palaces, including the Noor Mahal.",https://thumb.wikimedia.org/wikipedia/commons/thumb/8/88/51714-Terracota-Army.jpg/500px-51714-Terracota-Army.jpg
abu-ghurayb,Abū Ghurayb,"Abū Ghurayb, Iraq 🇮🇶",Iraq,33.30563,44.18477,4,,"Abu Ghraib is a town west of Baghdad, in the farmland between the Tigris and Euphrates rivers.",https://thumb.wikimedia.org/wikipedia/commons/thumb/b/b2/Ittoqqortoormiit%2C_Greenland.jpg/500px-Ittoqqortoormiit%2C_Greenland.jpg
qom,Qom,"Qom, Iran 🇮🇷",Iran,34.6401,50.8764,4,,Qom is one of Iran's holiest cities and the country's main center of Shia religious education.,https://thumb.wikimedia.org/wikipedia/en/thumb/c/ce/Hassan_II_mosque%2C_Casablanca_2.jpg/500px-Hassan_II_mosque%2C_Casablanca_2.jpg?utm_source=en.wikipedia.org&utm_campaign=api&utm_content=thumbnail
malang,Malang,"Malang, Indonesia 🇮🇩",Indonesia,-7.9797,112.6304,4,,"Malang is a cool hill city in East Java, known for its Dutch colonial buildings and apple orchards.",https://thumb.wikimedia.org/wikipedia/commons/thumb/f/f8/Cape_Verde_Pico_do_Fogo_b.jpg/500px-Cape_Verde_Pico_do_Fogo_b.jpg?utm_source=en.wikipedia.org&utm_campaign=api&utm_content=thumbnail
indianapolis,Indianapolis,"Indianapolis, United States 🇺🇸",United States,39.76838,-86.15804,4,,Indianapolis hosts the Indianapolis 500 every Memorial Day weekend at the Indianapolis Motor Speedway.,https://thumb.wikimedia.org/wikipedia/commons/thumb/2/24/New_Abdali_2024.png/500px-New_Abdali_2024.png?utm_source=en.wikipedia.org&utm_campaign=api&utm_content=thumbnail
sulaymaniyah,Sulaymaniyah,"Sulaymaniyah, Iraq 🇮🇶",Iraq,35.56496,45.4329,4,,"Sulaymaniyah is a city in Iraqi Kurdistan known as a center of Kurdish culture, poetry, and the arts.",https://thumb.wikimedia.org/wikipedia/commons/thumb/2/22/Lugouqiao-2014.jpg/500px-Lugouqiao-2014.jpg?utm_source=en.wikipedia.org&utm_campaign=api&utm_content=thumbnail
samarinda,Samarinda,"Samarinda, Indonesia 🇮🇩",Indonesia,-0.49167,117.14583,4,,"Samarinda is the capital of East Kalimantan on Borneo, on the banks of the Mahakam River.",https://thumb.wikimedia.org/wikipedia/commons/thumb/7/70/Raekoja_plats_at_night.jpg/500px-Raekoja_plats_at_night.jpg?utm_source=en.wikipedia.org&utm_campaign=api&utm_content=thumbnail
johor-bahru,Johor Bahru,"Johor Bahru, Malaysia 🇲🇾",Malaysia,1.4655,103.7578,4,,"Johor Bahru is a Malaysian city at the southern tip of the Malay Peninsula, connected to Singapore by a causeway.",https://thumb.wikimedia.org/wikipedia/commons/thumb/d/df/Kirkjufell_in_Iceland.jpg/500px-Kirkjufell_in_Iceland.jpg?utm_source=en.wikipedia.org&utm_campaign=api&utm_content=thumbnail
arifwala,Arifwala,"Arifwala, Pakistan 🇵🇰",Pakistan,30.29058,73.06574,7,,"Arifwala is a market town in Punjab, Pakistan, in an area known for growing cotton.",https://thumb.wikimedia.org/wikipedia/commons/thumb/a/a7/Dallas_Texas_skyline_from_Reunion_Tower_September_2025_%28cropped%29.png/500px-Dallas_Texas_skyline_from_Reunion_Tower_September_2025_%28cropped%29.png?utm_source=en.wikipedia.org&utm_campaign=api&utm_content=thumbnail
pasig-city,Pasig City,"Pasig City, Philippines 🇵🇭",Philippines,14.58691,121.0614,4,,Pasig is a Metro Manila city that includes part of the Ortigas Center business district.,https://thumb.wikimedia.org/wikipedia/commons/thumb/8/80/Pueblo_Bonito_Aerial.JPG/500px-Pueblo_Bonito_Aerial.JPG?utm_source=en.wikipedia.org&utm_campaign=api&utm_content=thumbnail
cheongju-si,Cheongju-si,"Cheongju-si, South Korea 🇰🇷",South Korea,36.63722,127.48972,4,,"Cheongju is the South Korean city where the Jikji, the world's oldest surviving book printed with metal type, was made in 1377.",https://thumb.wikimedia.org/wikipedia/commons/thumb/4/48/The_Last_Supper_-_Leonardo_Da_Vinci_-_High_Resolution_32x16.jpg/500px-The_Last_Supper_-_Leonardo_Da_Vinci_-_High_Resolution_32x16.jpg?utm_source=en.wikipedia.org&utm_campaign=api&utm_content=thumbnail
bucheon-si,Bucheon-si,"Bucheon-si, South Korea 🇰🇷",South Korea,37.49889,126.78306,4,,"Bucheon is a city between Seoul and Incheon, known for its fantastic film festival and comics culture.",https://upload.wikimedia.org/wikipedia/commons/thumb/2/28/San_Francisco_Maru_-_Mine_%26_Shells.jpg/500px-San_Francisco_Maru_-_Mine_%26_Shells.jpg
thanh-hoa,Thanh Hóa,"Thanh Hóa, Vietnam 🇻🇳",Vietnam,19.8,105.76667,4,,"Thanh Hóa is a Vietnamese city near the stone Hồ Dynasty Citadel, a UNESCO World Heritage Site.",https://thumb.wikimedia.org/wikipedia/commons/thumb/e/e0/Casa_de_la_moneda.jpg/500px-Casa_de_la_moneda.jpg?utm_source=en.wikipedia.org&utm_campaign=api&utm_content=thumbnail
al-ain-city,Al Ain City,"Al Ain City, United Arab Emirates 🇦🇪",United Arab Emirates,24.19167,55.76056,4,,"Al Ain is the UAE's 'Garden City', with date-palm oases irrigated by ancient falaj water channels.",https://thumb.wikimedia.org/wikipedia/commons/thumb/c/c2/KamperveenStadion.jpg/500px-KamperveenStadion.jpg?utm_source=en.wikipedia.org&utm_campaign=api&utm_content=thumbnail
takeo,Takeo,"Takeo, Cambodia 🇰🇭",Cambodia,10.99081,104.78498,4,,"Takeo is a Cambodian provincial town near Phnom Da, an ancient temple from the pre-Angkor era.",https://thumb.wikimedia.org/wikipedia/commons/thumb/3/3b/P037152-661920_-_Belgrade_fortress_stand_at_the_downtown_of_Belgrade.jpg/500px-P037152-661920_-_Belgrade_fortress_stand_at_the_downtown_of_Belgrade.jpg?utm_source=en.wikipedia.org&utm_campaign=api&utm_content=thumbnail
ahvaz,Ahvaz,"Ahvaz, Iran 🇮🇷",Iran,31.31901,48.6842,4,,"Ahvaz is an Iranian oil city on the Karun River, known for its many bridges, including a famous white suspension bridge.",https://thumb.wikimedia.org/wikipedia/commons/thumb/d/d5/Abbey_of_Montserrat_02.jpg/500px-Abbey_of_Montserrat_02.jpg?utm_source=en.wikipedia.org&utm_campaign=api&utm_content=thumbnail
vientiane,Vientiane,"Vientiane, Laos 🇱🇦",Laos,17.96667,102.6,4,,"Vientiane is the laid-back capital of Laos on the Mekong River, home to the golden Pha That Luang stupa.",https://thumb.wikimedia.org/wikipedia/commons/thumb/0/0f/Golden_Pavilion_Kinkaku-ji_water_mirror_2024.jpg/500px-Golden_Pavilion_Kinkaku-ji_water_mirror_2024.jpg?utm_source=en.wikipedia.org&utm_campaign=api&utm_content=thumbnail
kampung-baru-subang,Kampung Baru Subang,"Kampung Baru Subang, Malaysia 🇲🇾",Malaysia,3.15,101.53333,8,,"Kampung Baru Subang is a village in Selangor, Malaysia, beside the old Subang airport.",https://thumb.wikimedia.org/wikipedia/commons/thumb/6/65/LakeTekapoNov242024_05.jpg/500px-LakeTekapoNov242024_05.jpg?utm_source=en.wikipedia.org&utm_campaign=api&utm_content=thumbnail
sakai,Sakai,"Sakai, Japan 🇯🇵",Japan,34.58216,135.46653,4,,"Sakai is a Japanese city famous for its centuries-old knife-making tradition, prized by chefs worldwide.",https://thumb.wikimedia.org/wikipedia/commons/thumb/2/25/Cambridge_Bay%2C_Nunavut_aerial_view.jpg/500px-Cambridge_Bay%2C_Nunavut_aerial_view.jpg?utm_source=en.wikipedia.org&utm_campaign=api&utm_content=thumbnail
barcelona,Barcelona,"Barcelona, Venezuela 🇻🇪",Venezuela,10.1384,-64.68769,4,,"Barcelona is the capital of Venezuela's Anzoátegui state, forming a twin city with the resort town of Puerto La Cruz.",https://thumb.wikimedia.org/wikipedia/commons/thumb/e/e2/Government_office_building.jpg/500px-Government_office_building.jpg?utm_source=en.wikipedia.org&utm_campaign=api&utm_content=thumbnail
petaling-jaya,Petaling Jaya,"Petaling Jaya, Malaysia 🇲🇾",Malaysia,3.10726,101.60671,4,,"Petaling Jaya, known as PJ, was Malaysia's first planned satellite town, built in the 1950s next to Kuala Lumpur.",https://thumb.wikimedia.org/wikipedia/commons/thumb/4/4b/Davis_Station_November_2005.jpg/500px-Davis_Station_November_2005.jpg?utm_source=en.wikipedia.org&utm_campaign=api&utm_content=thumbnail
niigata,Niigata,"Niigata, Japan 🇯🇵",Japan,37.92259,139.04125,4,,Niigata is a Japanese port city in one of the country's top rice-growing regions and is famous for its sake.,https://thumb.wikimedia.org/wikipedia/commons/thumb/4/45/Thomas_Edison_Tower.jpg/500px-Thomas_Edison_Tower.jpg?utm_source=en.wikipedia.org&utm_campaign=api&utm_content=thumbnail
zarqa,Zarqa,"Zarqa, Jordan 🇯🇴",Jordan,32.07275,36.08796,4,,"Zarqa is Jordan's main industrial city, located just northeast of Amman.",https://thumb.wikimedia.org/wikipedia/commons/thumb/0/07/Vista_a%C3%A9rea_del_Estadio_Azteca_-_2026_-_02.jpg/500px-Vista_a%C3%A9rea_del_Estadio_Azteca_-_2026_-_02.jpg?utm_source=en.wikipedia.org&utm_campaign=api&utm_content=thumbnail
kucukcekmece,Küçükçekmece,"Küçükçekmece, Turkey 🇹🇷",Turkey,40.99104,28.77123,4,,Küçükçekmece is an Istanbul district on the shore of a lagoon lake with the same name.,https://thumb.wikimedia.org/wikipedia/commons/thumb/a/a9/ET_Afar_asv2018-01_img55_Dallol.jpg/500px-ET_Afar_asv2018-01_img55_Dallol.jpg
hamamatsu,Hamamatsu,"Hamamatsu, Japan 🇯🇵",Japan,34.7,137.73333,4,,"Hamamatsu is the 'City of Music', home to Yamaha and Kawai, and is famous for its eel dishes from Lake Hamana.",https://thumb.wikimedia.org/wikipedia/commons/thumb/b/b9/Victoria_Harbour_skyline%2C_Hong_Kong_%282008%29.jpg/1280px-Victoria_Harbour_skyline%2C_Hong_Kong_%282008%29.jpg
vinh,Vinh,"Vinh, Vietnam 🇻🇳",Vietnam,18.67337,105.69232,4,,Vinh is a Vietnamese city near the birthplace of Ho Chi Minh and was rebuilt with East German help after the war.,https://thumb.wikimedia.org/wikipedia/commons/thumb/4/4c/36275-Leshan_%2849067653383%29.jpg/500px-36275-Leshan_%2849067653383%29.jpg?utm_source=en.wikipedia.org&utm_campaign=api&utm_content=thumbnail
homs,Homs,"Homs, Syria 🇸🇾",Syria,34.72405,36.72559,4,,Homs is a Syrian city on the Orontes River and lies near the Crusader castle of Krak des Chevaliers.,https://thumb.wikimedia.org/wikipedia/commons/thumb/b/b4/27427-Luoyang_%2849067744628%29.jpg/500px-27427-Luoyang_%2849067744628%29.jpg?utm_source=en.wikipedia.org&utm_campaign=api&utm_content=thumbnail
ibb,Ibb,"Ibb, Yemen 🇾🇪",Yemen,13.96667,44.18333,4,,"Ibb is a city in Yemen's green highlands, which get more rain than almost anywhere else on the Arabian Peninsula.",https://thumb.wikimedia.org/wikipedia/commons/thumb/0/0a/Acca.jpg/500px-Acca.jpg?utm_source=en.wikipedia.org&utm_campaign=api&utm_content=thumbnail
tasikmalaya,Tasikmalaya,"Tasikmalaya, Indonesia 🇮🇩",Indonesia,-7.3274,108.2207,4,,"Tasikmalaya is a West Java city known for its crafts, including hand-painted paper umbrellas and embroidery.",https://thumb.wikimedia.org/wikipedia/commons/thumb/b/b4/27427-Luoyang_%2849067744628%29.jpg/500px-27427-Luoyang_%2849067744628%29.jpg?utm_source=en.wikipedia.org&utm_campaign=api&utm_content=thumbnail
erzurum,Erzurum,"Erzurum, Turkey 🇹🇷",Turkey,39.90861,41.27694,4,,"Erzurum is one of Turkey's coldest and highest cities, with the Palandöken ski resort right on its doorstep.",https://thumb.wikimedia.org/wikipedia/commons/thumb/4/4a/Odaiba_close_up_-_2025_Jan_14_01-27PM.jpeg/500px-Odaiba_close_up_-_2025_Jan_14_01-27PM.jpeg?utm_source=en.wikipedia.org&utm_campaign=api&utm_content=thumbnail
rajshahi,Rajshahi,"Rajshahi, Bangladesh 🇧🇩",Bangladesh,24.374,88.60114,4,,"Rajshahi is a Bangladeshi city known for its mangoes, silk, and very clean streets.",https://thumb.wikimedia.org/wikipedia/commons/thumb/4/47/Zhangjiajie_National_Forest_Park.jpg/1280px-Zhangjiajie_National_Forest_Park.jpg
mangaluru,Mangaluru,"Mangaluru, India 🇮🇳",India,12.91723,74.85603,7,,"Mangaluru is a Karnataka port city famous for its seafood, Mangalore buns, and the Kambala buffalo races.",https://thumb.wikimedia.org/wikipedia/commons/thumb/e/e0/Chan_chan_view1.jpg/500px-Chan_chan_view1.jpg?utm_source=en.wikipedia.org&utm_campaign=api&utm_content=thumbnail
zhucheng,Zhucheng,"Zhucheng, China 🇨🇳",China,35.99472,119.3975,7,,"Zhucheng is a Shandong city famous for its huge dinosaur fossil beds, including the giant duck-billed Shantungosaurus.",https://thumb.wikimedia.org/wikipedia/commons/thumb/e/e0/Chan_chan_view1.jpg/500px-Chan_chan_view1.jpg?utm_source=en.wikipedia.org&utm_campaign=api&utm_content=thumbnail
matsudo,Matsudo,"Matsudo, Japan 🇯🇵",Japan,35.77995,139.90144,7,,"Matsudo is a commuter city on the Edo River just outside Tokyo, known for the Tojo-tei villa of the Tokugawa family.",https://commons.wikimedia.org/wiki/Special:Redirect/file/Kofar_Gadan_Kaya_-_Kano_City_Gate.jpg
hathazari,Hāthazāri,"Hāthazāri, Bangladesh 🇧🇩",Bangladesh,22.50515,91.81339,7,,"Hathazari is a town north of Chattogram, home to Al-Jamiatul Ahlia Darul Ulum Moinul Islam, Bangladesh's most influential madrasa.",https://commons.wikimedia.org/wiki/Special:Redirect/file/Montane_rainforest_near_to_S%C3%A9r%C3%A9dou_(Northern_limit_of_Ziama_Massif).jpg
lapu-lapu-city,Lapu-Lapu City,"Lapu-Lapu City, Philippines 🇵🇭",Philippines,10.31028,123.94944,7,,Lapu-Lapu City is on Mactan Island and is named after the chief who defeated Magellan in 1521.,https://thumb.wikimedia.org/wikipedia/commons/thumb/3/3e/Museum_of_Oxford_%285652685943%29.jpg/500px-Museum_of_Oxford_%285652685943%29.jpg?utm_source=en.wikipedia.org&utm_campaign=api&utm_content=thumbnail
karagandy,Karagandy,"Karagandy, Kazakhstan 🇰🇿",Kazakhstan,49.80187,73.10211,7,,Karaganda is a Kazakh coal city that grew around the Karlag camps of the Soviet Gulag system.,https://upload.wikimedia.org/wikipedia/commons/8/82/Meteorite_explosion_over_Chelyabinsk_on_February_15%2C_2013.gif?utm_source=en.wikipedia.org&utm_campaign=api&utm_content=thumbnail_unscaled
loudi,Loudi,"Loudi, China 🇨🇳",China,27.73444,111.99444,7,,"Loudi is a central Hunan city that includes the ancestral home of Zeng Guofan, a powerful Qing-dynasty statesman.",https://thumb.wikimedia.org/wikipedia/commons/thumb/f/f0/Estadio_Ol%C3%ADmpico_Universitario_-_2026_-_04.jpg/500px-Estadio_Ol%C3%ADmpico_Universitario_-_2026_-_04.jpg?utm_source=en.wikipedia.org&utm_campaign=api&utm_content=thumbnail
ichikawa,Ichikawa,"Ichikawa, Japan 🇯🇵",Japan,35.73413,139.9065,7,,"Ichikawa is a city east of Tokyo that is home to the Nakayama Hokekyō-ji temple, a center of Nichiren Buddhism.",https://thumb.wikimedia.org/wikipedia/commons/thumb/8/85/Tour_Eiffel_Wikimedia_Commons_%28cropped%29.jpg/500px-Tour_Eiffel_Wikimedia_Commons_%28cropped%29.jpg
sha-tin,Sha Tin,"Sha Tin, Hong Kong 🇭🇰",China,22.38333,114.18333,3,,Sha Tin is a Hong Kong new town with a big horse racecourse and the hillside Ten Thousand Buddhas Monastery.,https://thumb.wikimedia.org/wikipedia/commons/thumb/9/9b/Bundaran_Hotel_Indonesia_%282025%29_%28cropped%29.jpg/500px-Bundaran_Hotel_Indonesia_%282025%29_%28cropped%29.jpg
dera-ghazi-khan,Dera Ghazi Khan,"Dera Ghazi Khan, Pakistan 🇵🇰",Pakistan,30.04587,70.64029,7,,Dera Ghazi Khan is a city in Pakistan at the foot of the Sulaiman Mountains and the gateway to the hill station of Fort Munro.,https://upload.wikimedia.org/wikipedia/commons/thumb/b/bf/Danakil_depression.jpg/500px-Danakil_depression.jpg
hecun,Hecun,"Hecun, China 🇨🇳",China,36.53333,114.11111,7,,"Hecun is a small town in southern Hebei, near the foothills of the Taihang Mountains.",https://thumb.wikimedia.org/wikipedia/commons/thumb/1/18/La_Gombe%2C_Kinshasa%2C_RDC_%28cropped%29.jpg/500px-La_Gombe%2C_Kinshasa%2C_RDC_%28cropped%29.jpg?utm_source=en.wikipedia.org&utm_campaign=api&utm_content=thumbnail
higashiosaka,Higashiosaka,"Higashiosaka, Japan 🇯🇵",Japan,34.66667,135.58333,4,,"Higashiosaka is a city of small factories next to Osaka, and its Hanazono Stadium is the home of Japanese high-school rugby.",https://thumb.wikimedia.org/wikipedia/commons/thumb/1/1d/2007_Sankore_Mosque_Timbuktu_02.jpg/500px-2007_Sankore_Mosque_Timbuktu_02.jpg?utm_source=en.wikipedia.org&utm_campaign=api&utm_content=thumbnail
pindi-bhattian,Pindi Bhattian,"Pindi Bhattian, Pakistan 🇵🇰",Pakistan,31.89844,73.27339,7,,"Pindi Bhattian is a Punjab town on the M-2 motorway, known as the home of the folk hero Dulla Bhatti.",https://thumb.wikimedia.org/wikipedia/commons/thumb/0/0e/Varanasi%2C_India%2C_Ghats%2C_Cremation_ceremony_in_progress.jpg/500px-Varanasi%2C_India%2C_Ghats%2C_Cremation_ceremony_in_progress.jpg?utm_source=en.wikipedia.org&utm_campaign=api&utm_content=thumbnail
cheboksary,Cheboksary,"Cheboksary, Russia 🇷🇺",Russia,56.13218,47.246,7,,"Cheboksary is the capital of Russia's Chuvash Republic, on the banks of the Volga River.",https://thumb.wikimedia.org/wikipedia/commons/thumb/4/4c/36275-Leshan_%2849067653383%29.jpg/500px-36275-Leshan_%2849067653383%29.jpg?utm_source=en.wikipedia.org&utm_campaign=api&utm_content=thumbnail
pohang,Pohang,"Pohang, South Korea 🇰🇷",South Korea,36.02917,129.36481,7,,"Pohang is a South Korean steel city, home to POSCO, and is known for its sunrise views at Homigot.",https://thumb.wikimedia.org/wikipedia/commons/thumb/4/41/Spb_06-2017_img20_StMichael_Castle_%28cropped%29.jpg/500px-Spb_06-2017_img20_StMichael_Castle_%28cropped%29.jpg?utm_source=en.wikipedia.org&utm_campaign=api&utm_content=thumbnail
shanwei,Shanwei,"Shanwei, China 🇨🇳",China,22.78199,115.3475,7,,"Shanwei is a coastal Guangdong city east of Shenzhen, with long sandy beaches and fishing harbors.",https://thumb.wikimedia.org/wikipedia/commons/thumb/c/cb/Amsterdam_%28NL%29%2C_Anne-Frank-Huis_--_2015_--_7185.jpg/500px-Amsterdam_%28NL%29%2C_Anne-Frank-Huis_--_2015_--_7185.jpg?utm_source=en.wikipedia.org&utm_campaign=api&utm_content=thumbnail
ruiru,Ruiru,"Ruiru, Kenya 🇰🇪",Kenya,-1.14665,36.96087,7,,"Ruiru is a fast-growing town just north of Nairobi, surrounded by coffee farms.",https://thumb.wikimedia.org/wikipedia/commons/thumb/a/a5/Chicago_River_ferry_b.jpg/500px-Chicago_River_ferry_b.jpg?utm_source=en.wikipedia.org&utm_campaign=api&utm_content=thumbnail
belagavi,Belagavi,"Belagavi, India 🇮🇳",India,15.85212,74.50447,7,,"Belagavi is a Karnataka city near the Maharashtra border, famous for its kunda, a sweet milk dessert.",https://thumb.wikimedia.org/wikipedia/commons/thumb/c/c8/Wall%2C_SD.jpg/500px-Wall%2C_SD.jpg?utm_source=en.wikipedia.org&utm_campaign=api&utm_content=thumbnail
ajman,Ajman,"Ajman, United Arab Emirates 🇦🇪",United Arab Emirates,25.40177,55.47878,4,,"Ajman is the smallest of the seven emirates of the UAE, known for its beaches and traditional dhow-building yards.",https://thumb.wikimedia.org/wikipedia/commons/thumb/4/44/Nashville%2C_Tennessee_%28cropped%29.jpg/500px-Nashville%2C_Tennessee_%28cropped%29.jpg?utm_source=en.wikipedia.org&utm_campaign=api&utm_content=thumbnail
jianshui,Jianshui,"Jianshui, China 🇨🇳",China,24.2774,101.224,7,,Jianshui is an old town in Yunnan with one of China's largest Confucian temples and the Twin Dragon Bridge.,https://thumb.wikimedia.org/wikipedia/commons/thumb/9/98/Priroda_Aotearoe.jpg/500px-Priroda_Aotearoe.jpg?utm_source=en.wikipedia.org&utm_campaign=api&utm_content=thumbnail
sancaktepe,Sancaktepe,"Sancaktepe, Turkey 🇹🇷",Turkey,41.00244,29.23187,7,,"Sancaktepe is a district on Istanbul's Asian side, formed in 2008 and growing rapidly.",https://thumb.wikimedia.org/wikipedia/commons/thumb/f/fc/Buenos_Aires_%2820234294752%29.jpg/500px-Buenos_Aires_%2820234294752%29.jpg?utm_source=en.wikipedia.org&utm_campaign=api&utm_content=thumbnail
port-sudan,Port Sudan,"Port Sudan, Sudan 🇸🇩",Sudan,19.61745,37.21644,4,,"Port Sudan is Sudan's main seaport on the Red Sea, near some of the world's best coral-reef diving.",https://thumb.wikimedia.org/wikipedia/commons/thumb/8/82/Antonio_Vaz_island_-_Recife%2C_Pernambuco%2C_Brazil_%28cropped%29.jpg/500px-Antonio_Vaz_island_-_Recife%2C_Pernambuco%2C_Brazil_%28cropped%29.jpg?utm_source=en.wikipedia.org&utm_campaign=api&utm_content=thumbnail
al-khusus,Al Khuşūş,"Al Khuşūş, Egypt 🇪🇬",Egypt,30.15293,31.31501,7,,"Al-Khusus is a crowded city in Egypt's Qalyubia governorate, on the northeastern edge of Cairo.",https://thumb.wikimedia.org/wikipedia/commons/thumb/8/8d/Buckingham_Palace_London_Morning_2020_01_%28cropped%29.jpg/500px-Buckingham_Palace_London_Morning_2020_01_%28cropped%29.jpg?utm_source=en.wikipedia.org&utm_campaign=api&utm_content=thumbnail
jeju-city,Jeju City,"Jeju City, South Korea 🇰🇷",South Korea,33.50972,126.52194,4,,"Jeju City is the capital of South Korea's Jeju Island, known for its volcanic landscapes and stone grandfather statues.",https://upload.wikimedia.org/wikipedia/commons/thumb/3/3c/Edinburgh_Castle_2000-1.jpg/500px-Edinburgh_Castle_2000-1.jpg
omaha,Omaha,"Omaha, United States 🇺🇸",United States,41.25626,-95.94043,4,,"Omaha is a Nebraska city on the Missouri River, home to Warren Buffett's Berkshire Hathaway and the College World Series.",https://thumb.wikimedia.org/wikipedia/commons/thumb/8/8a/Aerial_view_-_Harbour_of_Genoa%2C_Italy_-_DSC01156.JPG/500px-Aerial_view_-_Harbour_of_Genoa%2C_Italy_-_DSC01156.JPG?utm_source=en.wikipedia.org&utm_campaign=api&utm_content=thumbnail
nishinomiya,Nishinomiya,"Nishinomiya, Japan 🇯🇵",Japan,34.71562,135.33199,7,,"Nishinomiya is a city between Osaka and Kobe, home to Koshien Stadium and a sake-brewing district.",https://thumb.wikimedia.org/wikipedia/commons/thumb/6/68/Museo_del_Prado_2016_%2825185969599%29.jpg/500px-Museo_del_Prado_2016_%2825185969599%29.jpg?utm_source=en.wikipedia.org&utm_campaign=api&utm_content=thumbnail
masina,Masina,"Masina, DR Congo 🇨🇩",DR Congo,-4.38361,15.39139,7,,"Masina is one of Kinshasa's most crowded communes, near N'djili International Airport.",https://thumb.wikimedia.org/wikipedia/commons/thumb/c/c8/Badshahi_Mosque_front_picture.jpg/500px-Badshahi_Mosque_front_picture.jpg?utm_source=en.wikipedia.org&utm_campaign=api&utm_content=thumbnail
saharanpur,Sahāranpur,"Sahāranpur, India 🇮🇳",India,29.9679,77.54522,7,,Saharanpur is a city in Uttar Pradesh famous for its intricate wood carving.,https://thumb.wikimedia.org/wikipedia/commons/thumb/e/e7/1_Khajuraho.jpg/500px-1_Khajuraho.jpg?utm_source=en.wikipedia.org&utm_campaign=api&utm_content=thumbnail
vellore,Vellore,"Vellore, India 🇮🇳",India,12.9184,79.13255,7,,Vellore is a Tamil Nadu city with a moated 16th-century fort and a well-known medical college hospital.,https://thumb.wikimedia.org/wikipedia/commons/thumb/3/3f/Lord_Howe_ISS006-E-5731.png/500px-Lord_Howe_ISS006-E-5731.png?utm_source=en.wikipedia.org&utm_campaign=api&utm_content=thumbnail
donghe,Donghe,"Donghe, China 🇨🇳",China,40.56611,110.01972,7,,"Donghe is the old trading district of Baotou in Inner Mongolia, close to the Yellow River.",https://upload.wikimedia.org/wikipedia/commons/thumb/0/02/Nightingale_Island.jpg/500px-Nightingale_Island.jpg
kurashiki,Kurashiki,"Kurashiki, Japan 🇯🇵",Japan,34.58333,133.76667,7,,"Kurashiki is a Japanese city with a canal lined with old white-walled storehouses, and its Kojima district is famous for denim.",https://thumb.wikimedia.org/wikipedia/commons/thumb/8/85/Malecon_de_Ilo_-_panoramio.jpg/500px-Malecon_de_Ilo_-_panoramio.jpg?utm_source=en.wikipedia.org&utm_campaign=api&utm_content=thumbnail
angeles-city,Angeles City,"Angeles City, Philippines 🇵🇭",Philippines,15.15,120.58333,7,,"Angeles City is a Philippine city in Pampanga, known for its food and as the former home of the US Clark Air Base.",https://commons.wikimedia.org/wiki/Special:Redirect/file/Monterey_International_Pop_Festival_publicity_1967.jpg
bhatpara,Bhātpāra,"Bhātpāra, India 🇮🇳",India,22.86643,88.40113,7,,Bhatpara is a jute-mill town on the Hooghly River north of Kolkata.,https://thumb.wikimedia.org/wikipedia/commons/thumb/4/45/Union_Carbide_pesticide_factory%2C_Bhopal%2C_India%2C_1985.jpg/500px-Union_Carbide_pesticide_factory%2C_Bhopal%2C_India%2C_1985.jpg?utm_source=en.wikipedia.org&utm_campaign=api&utm_content=thumbnail
jijiga,Jijiga,"Jijiga, Ethiopia 🇪🇹",Ethiopia,9.35,42.8,7,,Jijiga is the capital of Ethiopia's Somali Region and a key trade hub between Ethiopia and Somaliland.,https://commons.wikimedia.org/wiki/Special:Redirect/file/Rani_ki_vav_02.jpg
tula,Tula,"Tula, Russia 🇷🇺",Russia,54.19609,37.61822,7,,Tula is a Russian city famous for its samovars and its iced gingerbread called pryanik.,https://thumb.wikimedia.org/wikipedia/commons/thumb/3/32/City_wall_of_Xi%27an_51550-Xian_%2827959363326%29.jpg/500px-City_wall_of_Xi%27an_51550-Xian_%2827959363326%29.jpg?utm_source=en.wikipedia.org&utm_campaign=api&utm_content=thumbnail
najaf,Najaf,"Najaf, Iraq 🇮🇶",Iraq,32.02594,44.34625,4,,"Najaf is home to the Imam Ali Shrine and to Wadi al-Salam, one of the largest cemeteries in the world.",https://thumb.wikimedia.org/wikipedia/commons/thumb/8/88/51714-Terracota-Army.jpg/500px-51714-Terracota-Army.jpg
imus,Imus,"Imus, Philippines 🇵🇭",Philippines,14.42972,120.93667,7,,"Imus is a city in Cavite known as the 'Flag Capital of the Philippines', where the revolutionary flag was first flown in battle.",https://thumb.wikimedia.org/wikipedia/commons/thumb/c/c8/Badshahi_Mosque_front_picture.jpg/500px-Badshahi_Mosque_front_picture.jpg?utm_source=en.wikipedia.org&utm_campaign=api&utm_content=thumbnail
xichang,Xichang,"Xichang, China 🇨🇳",China,27.89642,102.26341,7,,Xichang is a Sichuan city known as the 'Moon City' and home to a major satellite launch center.,https://upload.wikimedia.org/wikipedia/commons/thumb/b/bf/Danakil_depression.jpg/500px-Danakil_depression.jpg
malegaon,Malegaon,"Malegaon, India 🇮🇳",India,20.54966,74.53462,7,,Malegaon is a Maharashtra town known for its powerloom textile industry and its low-budget 'Mollywood' film parodies.,https://thumb.wikimedia.org/wikipedia/commons/thumb/1/1a/2018_Ford_Transit_Custom_300_Base_2.0_facelift.jpg/500px-2018_Ford_Transit_Custom_300_Base_2.0_facelift.jpg?utm_source=en.wikipedia.org&utm_campaign=api&utm_content=thumbnail
zaoyang,Zaoyang,"Zaoyang, China 🇨🇳",China,32.12722,112.75417,7,,"Zaoyang is a city in northern Hubei, the hometown of Liu Xiu, the founding emperor of the Eastern Han dynasty.",https://thumb.wikimedia.org/wikipedia/commons/thumb/5/5b/Vivekananda_Rock_Memorial%2C_Kanyakumari.jpg/500px-Vivekananda_Rock_Memorial%2C_Kanyakumari.jpg?utm_source=en.wikipedia.org&utm_campaign=api&utm_content=thumbnail
karabaglar,Karabağlar,"Karabağlar, Turkey 🇹🇷",Turkey,38.382,27.132,7,,"Karabağlar is a district of İzmir created in 2008, climbing the hills south of the city center.",https://thumb.wikimedia.org/wikipedia/commons/thumb/8/84/Phnom_Penh_skyline_from_TK_district_Dec_2024.jpg/500px-Phnom_Penh_skyline_from_TK_district_Dec_2024.jpg?utm_source=en.wikipedia.org&utm_campaign=api&utm_content=thumbnail
okene,Okene,"Okene, Nigeria 🇳🇬",Nigeria,7.55122,6.23589,7,,Okene is a hilly town in Nigeria's Kogi State and the traditional home of the Ebira people.,https://thumb.wikimedia.org/wikipedia/commons/thumb/7/75/Tikal_3.jpg/500px-Tikal_3.jpg?utm_source=en.wikipedia.org&utm_campaign=api&utm_content=thumbnail
uijeongbu-si,Uijeongbu-si,"Uijeongbu-si, South Korea 🇰🇷",South Korea,37.7415,127.0474,7,,"Uijeongbu is a city north of Seoul, known as the home of budae-jjigae, or 'army stew'.",https://thumb.wikimedia.org/wikipedia/commons/thumb/d/da/Cath%C3%A9dralestsauveur.jpg/500px-Cath%C3%A9dralestsauveur.jpg?utm_source=en.wikipedia.org&utm_campaign=api&utm_content=thumbnail
bristol,Bristol,"Bristol, Wales",England,51.45523,-2.59665,3,,Bristol is an English port city known for the Clifton Suspension Bridge and as the hometown of the street artist Banksy.,https://commons.wikimedia.org/wiki/Special:Redirect/file/Kofar_Gadan_Kaya_-_Kano_City_Gate.jpg
east-london,East London,"East London, South Africa 🇿🇦",South Africa,-33.01529,27.91162,7,,"East London is South Africa's only river port, and its museum displays the first living coelacanth found in 1938.",https://thumb.wikimedia.org/wikipedia/commons/thumb/b/b6/Lagos-centre-from-executive-lounge-Continental-hotel-2026-IMG_7970.jpg/500px-Lagos-centre-from-executive-lounge-Continental-hotel-2026-IMG_7970.jpg
yazd,Yazd,"Yazd, Iran 🇮🇷",Iran,31.89722,54.3675,7,Desert Cities,Yazd is an Iranian desert city famous for its badgir wind towers and an eternal flame said to have burned since AD 470.,https://upload.wikimedia.org/wikipedia/commons/8/82/Meteorite_explosion_over_Chelyabinsk_on_February_15%2C_2013.gif?utm_source=en.wikipedia.org&utm_campaign=api&utm_content=thumbnail_unscaled
hargeysa,Hargeysa,"Hargeysa, Somalia 🇸🇴",Somalia,9.56,44.065,7,,"Hargeisa is the capital of Somaliland, near the Laas Geel caves, which hold some of Africa's best-preserved rock paintings.",https://thumb.wikimedia.org/wikipedia/commons/thumb/3/38/SarahLake.jpg/500px-SarahLake.jpg?utm_source=en.wikipedia.org&utm_campaign=api&utm_content=thumbnail
oita,Ōita,"Ōita, Japan 🇯🇵",Japan,33.23333,131.6,7,,"Ōita is the capital of a prefecture that has more hot springs than any other in Japan, including nearby Beppu and Yufuin.",https://thumb.wikimedia.org/wikipedia/commons/thumb/b/b2/Skyscrapers_of_Shinjuku_2009_January.jpg/500px-Skyscrapers_of_Shinjuku_2009_January.jpg
modinagar,Modīnagar,"Modīnagar, India 🇮🇳",India,28.83059,77.57295,7,,"Modinagar is an industrial town near Delhi, founded in the 1930s by the businessman Gujar Mal Modi.",https://thumb.wikimedia.org/wikipedia/commons/thumb/5/57/Imagen_de_los_canales_conc%C3%A9ntricos_en_%C3%81msterdam.png/500px-Imagen_de_los_canales_conc%C3%A9ntricos_en_%C3%81msterdam.png
taoyuan,Taoyuan,"Taoyuan, Taiwan 🇹🇼",Taiwan,24.99368,121.29696,4,,"Taoyuan is a city in northern Taiwan that is home to Taoyuan International Airport, the island's main gateway.",https://thumb.wikimedia.org/wikipedia/commons/thumb/6/6f/Dead_Sea_beach_00.JPG/500px-Dead_Sea_beach_00.JPG
shantipur,Shāntipur,"Shāntipur, India 🇮🇳",India,23.24723,88.43302,8,,Shantipur is a West Bengal town famous for its handwoven cotton saris.,https://thumb.wikimedia.org/wikipedia/commons/thumb/a/ac/McMurdo_Station_From_The_Top_Of_Observation_Hill.jpg/500px-McMurdo_Station_From_The_Top_Of_Observation_Hill.jpg
chishtian,Chishtian,"Chishtian, Pakistan 🇵🇰",Pakistan,29.79713,72.85772,8,,"Chishtian is a town in Punjab, Pakistan, named after the Chishti Sufi saints.",https://thumb.wikimedia.org/wikipedia/commons/thumb/6/60/Temple_de_Louxor_68.jpg/500px-Temple_de_Louxor_68.jpg?utm_source=en.wikipedia.org&utm_campaign=api&utm_content=thumbnail
playa-del-carmen,Playa del Carmen,"Playa del Carmen, Mexico 🇲🇽",Mexico,20.6274,-87.07987,4,,"Playa del Carmen is a resort town on Mexico's Riviera Maya, famous for its pedestrian Fifth Avenue and diving in nearby cenotes.",https://thumb.wikimedia.org/wikipedia/commons/thumb/4/49/Marokko0112_%28retouched%29.jpg/500px-Marokko0112_%28retouched%29.jpg?utm_source=en.wikipedia.org&utm_campaign=api&utm_content=thumbnail
santa-rita,Santa Rita,"Santa Rita, Brazil 🇧🇷",Brazil,-7.11389,-34.97806,8,,"Santa Rita is a town in Brazil's Paraíba state, set among sugarcane fields near the city of João Pessoa.",https://thumb.wikimedia.org/wikipedia/en/thumb/f/f6/Nest_One_Tashkent.jpg/500px-Nest_One_Tashkent.jpg?utm_source=en.wikipedia.org&utm_campaign=api&utm_content=thumbnail
ursynow,Ursynów,"Ursynów, Poland 🇵🇱",Poland,52.15051,21.05041,8,,Ursynów is a district in southern Warsaw that holds the Służewiec horse racing track.,https://thumb.wikimedia.org/wikipedia/commons/thumb/d/dd/Temple_No.-_3%2C_Nalanda_Archaeological_Site.jpg/500px-Temple_No.-_3%2C_Nalanda_Archaeological_Site.jpg?utm_source=en.wikipedia.org&utm_campaign=api&utm_content=thumbnail
hollywood,Hollywood,"Hollywood, Florida, United States 🇺🇸",United States,26.0112,-80.14949,4,,"Hollywood, Florida, is a beach city between Miami and Fort Lauderdale, with a long boardwalk called the Broadwalk.",https://thumb.wikimedia.org/wikipedia/commons/thumb/a/a0/Panorama_Belgrad.jpg/500px-Panorama_Belgrad.jpg?utm_source=en.wikipedia.org&utm_campaign=api&utm_content=thumbnail
iguatemi,Iguatemi,"Iguatemi, Brazil 🇧🇷",Brazil,-23.61277,-46.42667,8,,Iguatemi is a district on the far eastern edge of São Paulo city.,https://upload.wikimedia.org/wikipedia/commons/f/f1/Islanda_-_blue_lagoon.jpg
harunabad,Harunabad,"Harunabad, Pakistan 🇵🇰",Pakistan,29.61206,73.13802,8,,"Harunabad is a market town in Pakistan's Punjab, near the edge of the Cholistan Desert.",https://thumb.wikimedia.org/wikipedia/commons/thumb/3/37/Denver%2C_Colorado_skyline_%28cropped_3x5%29.jpg/500px-Denver%2C_Colorado_skyline_%28cropped_3x5%29.jpg?utm_source=en.wikipedia.org&utm_campaign=api&utm_content=thumbnail
shunan,Shūnan,"Shūnan, Japan 🇯🇵",Japan,34.08053,131.82564,8,,Shūnan is a Japanese industrial city whose glowing petrochemical plants have made it popular for night-time factory tours.,https://upload.wikimedia.org/wikipedia/commons/4/4b/Gettysburgbattlefield.jpg
agadez,Agadez,"Agadez, Niger 🇳🇪",Niger,16.97333,7.99111,8,Desert Cities,Agadez is a historic Saharan trading town in Niger whose 27-meter mud-brick minaret is the tallest of its kind in the world.,https://thumb.wikimedia.org/wikipedia/commons/thumb/b/b5/South_Tarawa_from_the_air.jpg/1280px-South_Tarawa_from_the_air.jpg
burnley,Burnley,"Burnley, England",England,53.8,-2.23333,6,,"Burnley is a former cotton-weaving town in Lancashire and home to Burnley FC, one of the founding members of the Football League.",https://thumb.wikimedia.org/wikipedia/commons/thumb/3/3e/AST-01-039_Aituctaki_Atoll.jpg/500px-AST-01-039_Aituctaki_Atoll.jpg?utm_source=en.wikipedia.org&utm_campaign=api&utm_content=thumbnail
rehovot,Reẖovot,"Reẖovot, Israel 🇮🇱",Israel,31.89421,34.81199,4,,"Rehovot is an Israeli city known for science and farming, home to the Weizmann Institute and the Hebrew University's agriculture faculty.",https://thumb.wikimedia.org/wikipedia/commons/thumb/d/de/Paramaribo_city_collage.png/500px-Paramaribo_city_collage.png?utm_source=en.wikipedia.org&utm_campaign=api&utm_content=thumbnail
watampone,Watampone,"Watampone, Indonesia 🇮🇩",Indonesia,-4.5386,120.3279,8,,Watampone is a town in South Sulawesi that was once the seat of the Bugis Kingdom of Bone.,https://thumb.wikimedia.org/wikipedia/commons/thumb/5/5c/Santa_Catalina_Monastery%2C_Arequipa_-_53032077180.jpg/500px-Santa_Catalina_Monastery%2C_Arequipa_-_53032077180.jpg?utm_source=en.wikipedia.org&utm_campaign=api&utm_content=thumbnail
sabha,Sabha,"Sabha, Libya 🇱🇾",Libya,27.03766,14.42832,8,Desert Cities,Sabha is the largest city in Libya's southern Sahara and a crossroads for trade routes across the desert.,https://upload.wikimedia.org/wikipedia/commons/thumb/0/02/Rock_of_Gibraltar_South_View.jpg/500px-Rock_of_Gibraltar_South_View.jpg
disuq,Disūq,"Disūq, Egypt 🇪🇬",Egypt,31.13259,30.64784,8,,"Desouk is a town in Egypt's Nile Delta, home to the mosque and shrine of the Sufi saint Ibrahim al-Desouki.",https://thumb.wikimedia.org/wikipedia/commons/thumb/3/38/Hunedoara_castle.jpg/500px-Hunedoara_castle.jpg?utm_source=en.wikipedia.org&utm_campaign=api&utm_content=thumbnail
cagliari,Cagliari,"Cagliari, Italy 🇮🇹",Italy,39.23054,9.11917,4,Mediterranean Islands,"Cagliari is Sardinia's capital, known for its hilltop Castello quarter and its long Poetto beach.",https://thumb.wikimedia.org/wikipedia/commons/thumb/a/a4/Punte_Nuevo_Bridge%2C_Ronda_-_Spain.jpg/500px-Punte_Nuevo_Bridge%2C_Ronda_-_Spain.jpg?utm_source=en.wikipedia.org&utm_campaign=api&utm_content=thumbnail
borough-park,Borough Park,"Borough Park, United States 🇺🇸",United States,40.63399,-73.99681,8,,Borough Park is a Brooklyn neighborhood with one of the largest Orthodox Jewish communities outside Israel.,https://thumb.wikimedia.org/wikipedia/commons/thumb/3/37/Piton_de_la_Fournaise%2C_R%C3%A9union_Island_%28High_Resolution%29.jpg/500px-Piton_de_la_Fournaise%2C_R%C3%A9union_Island_%28High_Resolution%29.jpg?utm_source=en.wikipedia.org&utm_campaign=api&utm_content=thumbnail
harrow,Harrow,"Harrow, England",England,51.57835,-0.33208,4,,"Harrow is a London borough known for Harrow School, where Winston Churchill was a student.",https://commons.wikimedia.org/wiki/Special:Redirect/file/Nourlangie_Rock_03.jpg
berrechid,Berrechid,"Berrechid, Morocco 🇲🇦",Morocco,33.26553,-7.58754,8,,Berrechid is a Moroccan town south of Casablanca that is growing into an industrial center.,https://thumb.wikimedia.org/wikipedia/commons/thumb/9/99/Arviat_Church_Centers_1995-06-30.jpg/500px-Arviat_Church_Centers_1995-06-30.jpg?utm_source=en.wikipedia.org&utm_campaign=api&utm_content=thumbnail
queimados,Queimados,"Queimados, Brazil 🇧🇷",Brazil,-22.71611,-43.55528,8,,"Queimados is a town in Rio de Janeiro state, on the Via Dutra highway west of Nova Iguaçu.",https://thumb.wikimedia.org/wikipedia/commons/thumb/6/62/Palmerston_ISS006.jpg/500px-Palmerston_ISS006.jpg?utm_source=en.wikipedia.org&utm_campaign=api&utm_content=thumbnail
tambacounda,Tambacounda,"Tambacounda, Senegal 🇸🇳",Senegal,13.77073,-13.66734,8,,Tambacounda is a Senegalese town on the Dakar–Niger railway and the gateway to Niokolo-Koba National Park.,https://thumb.wikimedia.org/wikipedia/commons/thumb/3/3b/EXISTING_CONDITIONS_FOR_PALMER_STATION.png/500px-EXISTING_CONDITIONS_FOR_PALMER_STATION.png?utm_source=en.wikipedia.org&utm_campaign=api&utm_content=thumbnail
huddersfield,Huddersfield,"Huddersfield, England",England,53.64904,-1.78416,6,,"Huddersfield is a Yorkshire town known as the birthplace of rugby league, which split off from rugby union there in 1895.",https://thumb.wikimedia.org/wikipedia/commons/thumb/2/28/Groote_Schuur_Hospital%2C_Observatory%2C_Cape_Town%2C_Western_Cape._05.JPG/500px-Groote_Schuur_Hospital%2C_Observatory%2C_Cape_Town%2C_Western_Cape._05.JPG?utm_source=en.wikipedia.org&utm_campaign=api&utm_content=thumbnail
arabi,Ārabī,"Ārabī, Ethiopia 🇪🇹",Ethiopia,9.96278,42.49278,8,,"Arabi is a small town in eastern Ethiopia, located on the trade route between Harar and Jijiga.",https://commons.wikimedia.org/wiki/Special:Redirect/file/Isdalen.JPG
kerch,Kerch,"Kerch, Crimea",Ukraine,45.35675,36.47542,5,,"Kerch is a Crimean port city founded by ancient Greeks as Panticapaeum, the capital of the Bosporan Kingdom.",https://thumb.wikimedia.org/wikipedia/commons/thumb/c/c5/Landscape_at_Hegra_%28Madain_Salih%29%2C_Saudi_Arabia_%286%29.jpg/500px-Landscape_at_Hegra_%28Madain_Salih%29%2C_Saudi_Arabia_%286%29.jpg
saguenay,Saguenay,"Saguenay, Canada 🇨🇦",Canada,48.41675,-71.06573,8,,"Saguenay is a Quebec city on the Saguenay River, a fjord where beluga whales can be seen.",https://commons.wikimedia.org/wiki/Special:Redirect/file/Yapahuwa_Rock_Fortress.jpg
prenzlauer-berg,Prenzlauer Berg,"Prenzlauer Berg, Germany 🇩🇪",Germany,52.53878,13.42443,5,,Prenzlauer Berg is a Berlin neighborhood with restored 19th-century apartment buildings and a big Sunday flea market at Mauerpark.,https://thumb.wikimedia.org/wikipedia/commons/thumb/3/30/The_drainage_system_at_Lothal_2.JPG/500px-The_drainage_system_at_Lothal_2.JPG?utm_source=en.wikipedia.org&utm_campaign=api&utm_content=thumbnail
fazenda-rio-grande,Fazenda Rio Grande,"Fazenda Rio Grande, Brazil 🇧🇷",Brazil,-25.6575,-49.30806,8,,"Fazenda Rio Grande is a fast-growing commuter town just south of Curitiba in Paraná, Brazil.",https://thumb.wikimedia.org/wikipedia/commons/thumb/e/ea/Taipei_Skyline_2022.06.29.jpg/500px-Taipei_Skyline_2022.06.29.jpg?utm_source=en.wikipedia.org&utm_campaign=api&utm_content=thumbnail
komaki,Komaki,"Komaki, Japan 🇯🇵",Japan,35.28333,136.91667,8,,"Komaki is a city in Aichi, where Tokugawa Ieyasu fought Toyotomi Hideyoshi in the 1584 Komaki-Nagakute campaign.",https://thumb.wikimedia.org/wikipedia/commons/thumb/f/f6/Brasilia_National_Congress.JPG/1280px-Brasilia_National_Congress.JPG
marvdasht,Marvdasht,"Marvdasht, Iran 🇮🇷",Iran,29.87407,52.80258,8,,Marvdasht is an Iranian town on the plain closest to the ancient ruins of Persepolis.,https://thumb.wikimedia.org/wikipedia/commons/thumb/9/93/Mission_Concepcion_San_Antonio.JPG/500px-Mission_Concepcion_San_Antonio.JPG?utm_source=en.wikipedia.org&utm_campaign=api&utm_content=thumbnail
melitopol,Melitopol,"Melitopol, Ukraine 🇺🇦",Ukraine,46.84735,35.38196,8,,Melitopol is a city in southern Ukraine known as the country's 'cherry capital'.,https://thumb.wikimedia.org/wikipedia/commons/thumb/4/47/Zhangjiajie_National_Forest_Park.jpg/1280px-Zhangjiajie_National_Forest_Park.jpg
dunhua,Dunhua,"Dunhua, China 🇨🇳",China,43.36954,128.22861,8,,"Dunhua is a city in Jilin, known for the remains of the early capital of the ancient Bohai kingdom.",https://thumb.wikimedia.org/wikipedia/commons/thumb/7/79/Ha_Long_Bay_in_2019.jpg/500px-Ha_Long_Bay_in_2019.jpg?utm_source=en.wikipedia.org&utm_campaign=api&utm_content=thumbnail
bhuj,Bhuj,"Bhuj, India 🇮🇳",India,23.25397,69.66928,8,,"Bhuj is a Gujarat town that is a center for Kutch handicrafts like embroidery, block printing, and tie-dye.",https://commons.wikimedia.org/wiki/Special:Redirect/file/Citadelle_Laferri%C3%A8re.jpg
jyvaskyla,Jyväskylä,"Jyväskylä, Finland 🇫🇮",Finland,62.24147,25.72088,8,,"Jyväskylä is a Finnish lakeside city with many buildings by architect Alvar Aalto, and it hosts the Rally Finland.",https://thumb.wikimedia.org/wikipedia/commons/thumb/7/75/Tikal_3.jpg/500px-Tikal_3.jpg?utm_source=en.wikipedia.org&utm_campaign=api&utm_content=thumbnail
yonago,Yonago,"Yonago, Japan 🇯🇵",Japan,35.43333,133.33333,8,,"Yonago is a city in Tottori Prefecture, near Mount Daisen, Japan's sacred volcano.",https://thumb.wikimedia.org/wikipedia/commons/thumb/2/2d/High_Angle_View_Of_Kigali_City_Street_on_November_29%2C_2018._Emmanuel_Kwizera.jpg/500px-High_Angle_View_Of_Kigali_City_Street_on_November_29%2C_2018._Emmanuel_Kwizera.jpg?utm_source=en.wikipedia.org&utm_campaign=api&utm_content=thumbnail
ruqi,Ruqi,"Ruqi, Somalia 🇸🇴",Somalia,9.97293,43.4276,8,,Ruqi is a small settlement on the dry plateau between Ethiopia's Somali Region and Somaliland.,https://thumb.wikimedia.org/wikipedia/commons/thumb/2/2d/High_Angle_View_Of_Kigali_City_Street_on_November_29%2C_2018._Emmanuel_Kwizera.jpg/500px-High_Angle_View_Of_Kigali_City_Street_on_November_29%2C_2018._Emmanuel_Kwizera.jpg?utm_source=en.wikipedia.org&utm_campaign=api&utm_content=thumbnail
rimini,Rimini,"Rimini, Italy 🇮🇹",Italy,44.05755,12.56528,4,,Rimini is an Italian beach resort on the Adriatic and the hometown of film director Federico Fellini.,https://upload.wikimedia.org/wikipedia/commons/8/82/Meteorite_explosion_over_Chelyabinsk_on_February_15%2C_2013.gif?utm_source=en.wikipedia.org&utm_campaign=api&utm_content=thumbnail_unscaled
coquitlam,Coquitlam,"Coquitlam, Canada 🇨🇦",Canada,49.2846,-122.78217,8,,"Coquitlam is a city in Metro Vancouver on the Fraser River, near the mountains of Pinecone Burke Provincial Park.",https://thumb.wikimedia.org/wikipedia/commons/thumb/0/04/K%C3%B6lner_Dom_-_Westfassade_2022_ohne_Ger%C3%BCst-0968_b.jpg/500px-K%C3%B6lner_Dom_-_Westfassade_2022_ohne_Ger%C3%BCst-0968_b.jpg?utm_source=en.wikipedia.org&utm_campaign=api&utm_content=thumbnail
ad-dawahy,Aḍ-Ḍawāḥy,"Aḍ-Ḍawāḥy, Egypt 🇪🇬",Egypt,31.24408,32.27731,8,,"Ad-Dawahy is a district of Port Said in Egypt, near the northern entrance of the Suez Canal.",https://thumb.wikimedia.org/wikipedia/commons/thumb/4/4f/Sobrevuelos_CDMX_HJ2A4913_%2825514321687%29_%28cropped%29.jpg/500px-Sobrevuelos_CDMX_HJ2A4913_%2825514321687%29_%28cropped%29.jpg
arar,Arar,"Arar, Saudi Arabia 🇸🇦",Saudi Arabia,30.97531,41.03808,8,,"Arar is the capital of Saudi Arabia's Northern Borders Province, near the Iraqi border.",https://thumb.wikimedia.org/wikipedia/commons/thumb/2/2d/Skyline_of_Beijing_CBD_with_B-5906_approaching_%2820211016171955%29_%281%29.jpg/500px-Skyline_of_Beijing_CBD_with_B-5906_approaching_%2820211016171955%29_%281%29.jpg
moreno,Moreno,"Moreno, Argentina 🇦🇷",Argentina,-34.63401,-58.79138,8,,Moreno is a town in Greater Buenos Aires that grew around a station on the Sarmiento railway line.,https://thumb.wikimedia.org/wikipedia/commons/thumb/6/67/Donkeys%2C_Timbuktu.jpg/500px-Donkeys%2C_Timbuktu.jpg
tama,Tama,"Tama, Japan 🇯🇵",Japan,35.6436,139.46844,8,,"Tama is a Tokyo suburb built around a huge new town from the 1970s and is home to Sanrio Puroland, the Hello Kitty theme park.",https://commons.wikimedia.org/wiki/Special:FilePath/Fes%20Medina%20Panoramic%20view.jpg?width=500
rockford,Rockford,"Rockford, United States 🇺🇸",United States,42.27113,-89.094,8,,Rockford is an Illinois city on the Rock River known for its Anderson Japanese Gardens.,https://thumb.wikimedia.org/wikipedia/commons/thumb/7/71/Oldupai-3.jpg/500px-Oldupai-3.jpg?utm_source=en.wikipedia.org&utm_campaign=api&utm_content=thumbnail
kalaban-koro,Kalaban Koro,"Kalaban Koro, Mali 🇲🇱",Mali,12.57329,-8.02907,8,,"Kalaban Koro is a fast-growing town on the south bank of the Niger River, just outside Bamako, Mali's capital.",https://thumb.wikimedia.org/wikipedia/commons/thumb/3/32/City_wall_of_Xi%27an_51550-Xian_%2827959363326%29.jpg/500px-City_wall_of_Xi%27an_51550-Xian_%2827959363326%29.jpg?utm_source=en.wikipedia.org&utm_campaign=api&utm_content=thumbnail
el-limon,El Limón,"El Limón, Venezuela 🇻🇪",Venezuela,10.30589,-67.63212,8,,"El Limón is a town in Venezuela's Aragua state, at the foot of the mountains of Henri Pittier National Park.",https://thumb.wikimedia.org/wikipedia/commons/thumb/6/63/%EA%B4%91%ED%99%94%EB%AC%B8_%EC%9B%94%EB%8C%80.jpg/500px-%EA%B4%91%ED%99%94%EB%AC%B8_%EC%9B%94%EB%8C%80.jpg?utm_source=en.wikipedia.org&utm_campaign=api&utm_content=thumbnail
nimes,Nîmes,"Nîmes, France 🇫🇷",France,43.83665,4.35788,5,,"Nîmes is a French city with some of the best-preserved Roman monuments anywhere, including its amphitheater and the Maison Carrée.",https://thumb.wikimedia.org/wikipedia/commons/thumb/3/35/Aleja_Niepdleglosci_Warsaw_2022_aerial_%28cropped%29.jpg/500px-Aleja_Niepdleglosci_Warsaw_2022_aerial_%28cropped%29.jpg?utm_source=en.wikipedia.org&utm_campaign=api&utm_content=thumbnail
dundee,Dundee,"Dundee, Scotland",Scotland,56.46913,-2.97489,4,,"Dundee is a Scottish city on the Firth of Tay, famous for its jute industry, marmalade, and comics like The Beano.",https://thumb.wikimedia.org/wikipedia/commons/thumb/1/18/Saint_Basil%27s_Cathedral_in_Moscow.jpg/500px-Saint_Basil%27s_Cathedral_in_Moscow.jpg?utm_source=en.wikipedia.org&utm_campaign=api&utm_content=thumbnail
barakpur,Bārākpur,"Bārākpur, India 🇮🇳",India,22.76602,88.36336,8,,"Barrackpore is a cantonment town on the Hooghly near Kolkata, where the soldier Mangal Pandey rebelled in 1857.",https://thumb.wikimedia.org/wikipedia/commons/thumb/2/2c/Housesteads_Roman_Fort_aerial.jpg/500px-Housesteads_Roman_Fort_aerial.jpg?utm_source=en.wikipedia.org&utm_campaign=api&utm_content=thumbnail
sao-rafael,Sao Rafael,"Sao Rafael, Brazil 🇧🇷",Brazil,-23.62821,-46.45395,8,,"São Rafael is a district on the far eastern edge of the city of São Paulo, Brazil.",https://thumb.wikimedia.org/wikipedia/commons/thumb/0/0b/Aerial_image_of_Grand_Prismatic_Spring_%28view_from_the_south%29.jpg/500px-Aerial_image_of_Grand_Prismatic_Spring_%28view_from_the_south%29.jpg?utm_source=en.wikipedia.org&utm_campaign=api&utm_content=thumbnail
sujiatun,Sujiatun,"Sujiatun, China 🇨🇳",China,41.65917,123.33917,8,,Sujiatun is a district of Shenyang on the southern edge of the Liaoning capital.,https://thumb.wikimedia.org/wikipedia/commons/thumb/4/45/Detroit_Skyline_from_Windsor_2025-09-01.jpg/500px-Detroit_Skyline_from_Windsor_2025-09-01.jpg?utm_source=en.wikipedia.org&utm_campaign=api&utm_content=thumbnail
tabas,Tabas,"Tabas, Iran 🇮🇷",Iran,33.59586,56.92437,9,Desert Cities,Tabas is a desert oasis town in eastern Iran known for its palm groves and its historic gardens.,https://thumb.wikimedia.org/wikipedia/commons/thumb/6/6a/Moeraki_Boulders.jpg/500px-Moeraki_Boulders.jpg?utm_source=en.wikipedia.org&utm_campaign=api&utm_content=thumbnail
chatra,Chatrā,"Chatrā, India 🇮🇳",India,24.20645,84.87085,9,,Chatra is a town in Jharkhand and the gateway to the ancient religious site of Itkhori.,https://upload.wikimedia.org/wikipedia/commons/thumb/8/8a/Eco_Nelson_2019.jpg/500px-Eco_Nelson_2019.jpg
khagaria,Khagaria,"Khagaria, India 🇮🇳",India,25.5022,86.46708,9,,"Khagaria is a town in Bihar, surrounded by rivers, including the Ganges and the Kosi.",https://thumb.wikimedia.org/wikipedia/commons/thumb/6/66/Casa_de_la_Libertad_Sucre.jpg/1280px-Casa_de_la_Libertad_Sucre.jpg
cabiao,Cabiao,"Cabiao, Philippines 🇵🇭",Philippines,15.2488,120.8548,9,,"Cabiao is a rice-farming town in Nueva Ecija, in the plains of Central Luzon.",https://thumb.wikimedia.org/wikipedia/commons/thumb/7/72/Pedra_de_Cucu%C3%AD_-_panoramio.jpg/500px-Pedra_de_Cucu%C3%AD_-_panoramio.jpg?utm_source=en.wikipedia.org&utm_campaign=api&utm_content=thumbnail
cerritos,Cerritos,"Cerritos, United States 🇺🇸",United States,33.85835,-118.06479,9,,Cerritos is a Los Angeles County suburb that was once a dairy town and now has a striking titanium-clad public library.,https://thumb.wikimedia.org/wikipedia/commons/thumb/d/df/TexasStateCapitol-2010-01.JPG/500px-TexasStateCapitol-2010-01.JPG?utm_source=en.wikipedia.org&utm_campaign=api&utm_content=thumbnail
dhampur,Dhāmpur,"Dhāmpur, India 🇮🇳",India,29.30883,78.51083,9,,Dhampur is a town in western Uttar Pradesh known for its sugar mill.,https://thumb.wikimedia.org/wikipedia/commons/thumb/e/ef/Erupting_geysir.jpg/500px-Erupting_geysir.jpg?utm_source=en.wikipedia.org&utm_campaign=api&utm_content=thumbnail
rio-tinto,Rio Tinto,"Rio Tinto, Portugal 🇵🇹",Portugal,41.17872,-8.55953,9,,"Rio Tinto is a town near Porto in northern Portugal, sharing its name with a famous mining company.",https://thumb.wikimedia.org/wikipedia/commons/thumb/e/e9/Manarola_NW_Cinque_Terre_Sep23_A7C_07233.jpg/500px-Manarola_NW_Cinque_Terre_Sep23_A7C_07233.jpg?utm_source=en.wikipedia.org&utm_campaign=api&utm_content=thumbnail
peine,Peine,"Peine, Germany 🇩🇪",Germany,52.31928,10.2352,9,,"Peine is a steel-making town in Lower Saxony, Germany, between Hanover and Braunschweig.",https://thumb.wikimedia.org/wikipedia/commons/thumb/a/a6/Paro_Taktsang%2C_Bhutan_%28edited%29.jpg/500px-Paro_Taktsang%2C_Bhutan_%28edited%29.jpg?utm_source=en.wikipedia.org&utm_campaign=api&utm_content=thumbnail
yongxin,Yongxin,"Yongxin, China 🇨🇳",China,28.96667,106.53333,9,,"Yongxin is a town in the Qijiang district of Chongqing, in the hills near the Guizhou border.",https://thumb.wikimedia.org/wikipedia/commons/thumb/5/5d/G%C3%B6reme_town_and_valley_2015.JPG/500px-G%C3%B6reme_town_and_valley_2015.JPG?utm_source=en.wikipedia.org&utm_campaign=api&utm_content=thumbnail
chahar-dangeh,Chahār Dangeh,"Chahār Dangeh, Iran 🇮🇷",Iran,35.6031,51.3098,9,,Chahar Dangeh is a town on the southern industrial edge of Tehran province.,https://thumb.wikimedia.org/wikipedia/commons/thumb/6/65/Kluane_Lake_YT_2005.jpg/500px-Kluane_Lake_YT_2005.jpg?utm_source=en.wikipedia.org&utm_campaign=api&utm_content=thumbnail
sayanogorsk,Sayanogorsk,"Sayanogorsk, Russia 🇷🇺",Russia,53.09975,91.40736,9,,"Sayanogorsk is a town in Khakassia near the Sayano-Shushenskaya Dam, Russia's largest hydroelectric plant.",https://upload.wikimedia.org/wikipedia/commons/thumb/3/33/Eagle_Islands_ISS006.jpg/500px-Eagle_Islands_ISS006.jpg
tarkwa,Tarkwa,"Tarkwa, Ghana 🇬🇭",Ghana,5.30383,-1.98956,9,Mining Towns,Tarkwa is a Ghanaian gold-mining town with some of the largest gold mines in West Africa.,https://commons.wikimedia.org/wiki/Special:Redirect/file/Manglares_en_el_maritorio_de_Bah%C3%ADa_M%C3%A1laga%2C_Colombia.jpg
redford,Redford,"Redford, United States 🇺🇸",United States,42.38337,-83.2966,9,,"Redford is a township in Michigan just outside Detroit, known for its historic Redford Theatre.",https://thumb.wikimedia.org/wikipedia/commons/thumb/0/08/Matmata%2C_Tunisia.JPG/500px-Matmata%2C_Tunisia.JPG?utm_source=en.wikipedia.org&utm_campaign=api&utm_content=thumbnail
marano-di-napoli,Marano di Napoli,"Marano di Napoli, Italy 🇮🇹",Italy,40.8971,14.18824,4,,"Marano di Napoli is a town in the hills just north of Naples, Italy.",https://thumb.wikimedia.org/wikipedia/commons/thumb/9/97/Birla_HouseGandhi_Smriti%2C_New_Delhi.jpg/500px-Birla_HouseGandhi_Smriti%2C_New_Delhi.jpg?utm_source=en.wikipedia.org&utm_campaign=api&utm_content=thumbnail
phalodi,Phalodi,"Phalodi, India 🇮🇳",India,27.13102,72.36826,9,,"Phalodi is a town in Rajasthan's Thar Desert that recorded India's highest-ever temperature, 51°C, in 2016.",https://commons.wikimedia.org/wiki/Special:Redirect/file/Dunnottar_Castle_-_geograph.org.uk_-_8057610.jpg
san-luis-de-la-paz,San Luis de la Paz,"San Luis de la Paz, Mexico 🇲🇽",Mexico,21.29845,-100.51485,9,,"San Luis de la Paz is a town in Guanajuato, Mexico, near the foothills of the Sierra Gorda.",https://thumb.wikimedia.org/wikipedia/commons/thumb/e/ea/Adams_Bridge_aerial.jpg/500px-Adams_Bridge_aerial.jpg?utm_source=en.wikipedia.org&utm_campaign=api&utm_content=thumbnail
east-honolulu,East Honolulu,"East Honolulu, United States 🇺🇸",United States,21.28906,-157.71734,3,,"East Honolulu is a suburb on O'ahu stretching from Koko Head to Hanauma Bay, a popular snorkeling spot.",https://thumb.wikimedia.org/wikipedia/commons/thumb/1/1f/Osun_groove_Osogbo.jpg/500px-Osun_groove_Osogbo.jpg?utm_source=en.wikipedia.org&utm_campaign=api&utm_content=thumbnail
doetinchem,Doetinchem,"Doetinchem, Netherlands 🇳🇱",Netherlands,51.965,6.28889,6,,"Doetinchem is a town in the Achterhoek region of the Netherlands, on the Oude IJssel river.",https://thumb.wikimedia.org/wikipedia/commons/thumb/b/b9/Victoria_Harbour_skyline%2C_Hong_Kong_%282008%29.jpg/1280px-Victoria_Harbour_skyline%2C_Hong_Kong_%282008%29.jpg
gangakher,Gangākher,"Gangākher, India 🇮🇳",India,18.96962,76.74946,9,,Gangakhed is a town in Maharashtra on the banks of the Godavari River.,https://thumb.wikimedia.org/wikipedia/commons/thumb/b/b9/Victoria_Harbour_skyline%2C_Hong_Kong_%282008%29.jpg/1280px-Victoria_Harbour_skyline%2C_Hong_Kong_%282008%29.jpg
kanash,Kanash,"Kanash, Russia 🇷🇺",Russia,55.50962,47.49127,9,,Kanash is a railway junction town in Russia's Chuvash Republic.,https://thumb.wikimedia.org/wikipedia/commons/thumb/f/f7/Cityscape_of_Manila%2C_2025_%2801%29.jpg/500px-Cityscape_of_Manila%2C_2025_%2801%29.jpg?utm_source=en.wikipedia.org&utm_campaign=api&utm_content=thumbnail
pordenone,Pordenone,"Pordenone, Italy 🇮🇹",Italy,45.95689,12.66051,9,,Pordenone is a town in northeastern Italy known as the home of the Zanussi appliance company.,https://thumb.wikimedia.org/wikipedia/commons/thumb/3/32/City_wall_of_Xi%27an_51550-Xian_%2827959363326%29.jpg/500px-City_wall_of_Xi%27an_51550-Xian_%2827959363326%29.jpg?utm_source=en.wikipedia.org&utm_campaign=api&utm_content=thumbnail
nettuno,Nettuno,"Nettuno, Italy 🇮🇹",Italy,41.45794,12.66393,9,,"Nettuno is a seaside town south of Rome, near the site of the 1944 Anzio landings, with a large American war cemetery.",https://thumb.wikimedia.org/wikipedia/commons/thumb/6/6b/%E6%9D%AD%E5%B7%9E%E9%92%B1%E6%B1%9F%E6%96%B0%E5%9F%8E_4_%28cropped%29.jpg/500px-%E6%9D%AD%E5%B7%9E%E9%92%B1%E6%B1%9F%E6%96%B0%E5%9F%8E_4_%28cropped%29.jpg?utm_source=en.wikipedia.org&utm_campaign=api&utm_content=thumbnail
tsukubamirai,Tsukubamirai,"Tsukubamirai, Japan 🇯🇵",Japan,35.98411,140.00929,9,,Tsukubamirai is a Japanese commuter city on the Tsukuba Express line between Tokyo and the science city of Tsukuba.,https://thumb.wikimedia.org/wikipedia/commons/thumb/6/66/Casa_de_la_Libertad_Sucre.jpg/1280px-Casa_de_la_Libertad_Sucre.jpg
kabba,Kabba,"Kabba, Nigeria 🇳🇬",Nigeria,7.82719,6.07502,9,,Kabba is a hill town in Nigeria's Kogi State and the traditional home of the Owe Yoruba people.,https://thumb.wikimedia.org/wikipedia/commons/thumb/4/4d/Conjunto_arquitet%C3%B4nico_e_urban%C3%ADstico_de_Ouro_Preto.JPG/500px-Conjunto_arquitet%C3%B4nico_e_urban%C3%ADstico_de_Ouro_Preto.JPG?utm_source=en.wikipedia.org&utm_campaign=api&utm_content=thumbnail
monchegorsk,Monchegorsk,"Monchegorsk, Russia 🇷🇺",Russia,67.93972,32.87389,9,,"Monchegorsk is a Russian town above the Arctic Circle on the Kola Peninsula, built around nickel smelting.",https://thumb.wikimedia.org/wikipedia/commons/thumb/6/6a/Wildebeest_Migration_in_Serengeti_National_Park%2C_Tanzania.jpg/1280px-Wildebeest_Migration_in_Serengeti_National_Park%2C_Tanzania.jpg
niksar,Niksar,"Niksar, Turkey 🇹🇷",Turkey,40.59167,36.95167,9,,"Niksar is a Turkish town on the Kelkit River, known in ancient times as Neocaesarea.",https://thumb.wikimedia.org/wikipedia/commons/thumb/4/49/Marokko0112_%28retouched%29.jpg/500px-Marokko0112_%28retouched%29.jpg?utm_source=en.wikipedia.org&utm_campaign=api&utm_content=thumbnail
whitchurch-stouffville,Whitchurch-Stouffville,"Whitchurch-Stouffville, Canada 🇨🇦",Canada,44.00012,-79.3163,9,,"Whitchurch-Stouffville is a town north of Toronto, known for its strawberry festival.",https://upload.wikimedia.org/wikipedia/commons/8/82/Meteorite_explosion_over_Chelyabinsk_on_February_15%2C_2013.gif?utm_source=en.wikipedia.org&utm_campaign=api&utm_content=thumbnail_unscaled
sardhana,Sardhana,"Sardhana, India 🇮🇳",India,29.14551,77.61433,9,,"Sardhana is a town near Meerut, home to a basilica built by Begum Samru in the early 1800s.",https://thumb.wikimedia.org/wikipedia/commons/thumb/4/4f/Sobrevuelos_CDMX_HJ2A4913_%2825514321687%29_%28cropped%29.jpg/500px-Sobrevuelos_CDMX_HJ2A4913_%2825514321687%29_%28cropped%29.jpg
horishni-plavni,Horishni Plavni,"Horishni Plavni, Ukraine 🇺🇦",Ukraine,49.00835,33.62926,9,,Horishni Plavni is a Ukrainian town on the Dnipro River that grew around iron-ore mining.,https://thumb.wikimedia.org/wikipedia/commons/thumb/3/38/Panor%C3%A1mica_Guadalajara_desde_edificio_Bansi_hacia_norte_%28cropped%29.jpg/500px-Panor%C3%A1mica_Guadalajara_desde_edificio_Bansi_hacia_norte_%28cropped%29.jpg?utm_source=en.wikipedia.org&utm_campaign=api&utm_content=thumbnail
zaranj,Zaranj,"Zaranj, Afghanistan 🇦🇫",Afghanistan,30.95962,61.86037,9,,"Zaranj is the capital of Afghanistan's Nimruz province, on the border with Iran.",https://thumb.wikimedia.org/wikipedia/commons/thumb/c/cb/Historical_peninsula_and_modern_skyline_of_Istanbul.jpg/500px-Historical_peninsula_and_modern_skyline_of_Istanbul.jpg
neunkirchen,Neunkirchen,"Neunkirchen, Germany 🇩🇪",Germany,49.34449,7.18045,9,,"Neunkirchen is a town in Saarland, Germany, that grew around an ironworks and is known for its zoo.",https://thumb.wikimedia.org/wikipedia/commons/thumb/6/6c/Casa_finance_city_6_%28cropped%29.jpg/500px-Casa_finance_city_6_%28cropped%29.jpg
falavarjan,Falāvarjān,"Falāvarjān, Iran 🇮🇷",Iran,32.5553,51.50973,9,,"Falavarjan is a town in Iran's Isfahan Province, on the Zayandeh River.",https://thumb.wikimedia.org/wikipedia/commons/thumb/1/12/Edinburgh_of_the_Seven_Seas_01.jpg/1280px-Edinburgh_of_the_Seven_Seas_01.jpg
brejo-santo,Brejo Santo,"Brejo Santo, Brazil 🇧🇷",Brazil,-7.49333,-38.98722,9,,"Brejo Santo is a town in the Cariri region of Ceará, in northeastern Brazil.",https://commons.wikimedia.org/wiki/Special:Redirect/file/Kofar_Gadan_Kaya_-_Kano_City_Gate.jpg
nohar,Nohar,"Nohar, India 🇮🇳",India,29.18292,74.77064,9,,Nohar is a town in the Hanumangarh district of northern Rajasthan.,https://thumb.wikimedia.org/wikipedia/commons/thumb/7/74/Templo_funerario_de_Hatshepsut%2C_Luxor%2C_Egipto%2C_2022-04-03%2C_DD_13.jpg/500px-Templo_funerario_de_Hatshepsut%2C_Luxor%2C_Egipto%2C_2022-04-03%2C_DD_13.jpg?utm_source=en.wikipedia.org&utm_campaign=api&utm_content=thumbnail
kameyama,Kameyama,"Kameyama, Japan 🇯🇵",Japan,34.85,136.45,9,,Kameyama is a city in Mie Prefecture that was a post town on the old Tōkaidō road between Edo and Kyoto.,https://thumb.wikimedia.org/wikipedia/commons/thumb/5/5b/Vivekananda_Rock_Memorial%2C_Kanyakumari.jpg/500px-Vivekananda_Rock_Memorial%2C_Kanyakumari.jpg?utm_source=en.wikipedia.org&utm_campaign=api&utm_content=thumbnail
sunnyside,Sunnyside,"Sunnyside, United States 🇺🇸",United States,40.73982,-73.93542,9,,"Sunnyside is a Queens neighborhood known for Sunnyside Gardens, one of the first planned garden communities in the US.",https://thumb.wikimedia.org/wikipedia/commons/thumb/d/d5/G%C3%B6bekli_Tepe%2C_Urfa.jpg/500px-G%C3%B6bekli_Tepe%2C_Urfa.jpg?utm_source=en.wikipedia.org&utm_campaign=api&utm_content=thumbnail
yeola,Yeola,"Yeola, India 🇮🇳",India,20.0424,74.48944,9,,Yeola is a town in Maharashtra famous for its handwoven Paithani silk saris.,https://thumb.wikimedia.org/wikipedia/commons/thumb/c/cd/Zagreb_%2829255640143%29.jpg/500px-Zagreb_%2829255640143%29.jpg?utm_source=en.wikipedia.org&utm_campaign=api&utm_content=thumbnail
ostersund,Östersund,"Östersund, Sweden 🇸🇪",Sweden,63.1792,14.63566,9,,"Östersund is a Swedish city on Lake Storsjön, which is said to be home to a lake monster called Storsjöodjuret.",https://thumb.wikimedia.org/wikipedia/commons/thumb/8/8f/Vlkolinecslovakia001.jpg/500px-Vlkolinecslovakia001.jpg?utm_source=en.wikipedia.org&utm_campaign=api&utm_content=thumbnail
mbuguni,Mbuguni,"Mbuguni, Tanzania 🇹🇿",Tanzania,-3.56667,36.95,9,,"Mbuguni is a village in Tanzania's Arusha Region, on the plains between Mount Meru and Kilimanjaro.",https://thumb.wikimedia.org/wikipedia/commons/thumb/2/25/Villa_Vizcaya_20110228.jpg/500px-Villa_Vizcaya_20110228.jpg?utm_source=en.wikipedia.org&utm_campaign=api&utm_content=thumbnail
zajecar,Zaječar,"Zaječar, Serbia 🇷🇸",Serbia,43.90358,22.26405,9,Balkans,"Zaječar is a Serbian town near Felix Romuliana, a UNESCO-listed Roman palace built by Emperor Galerius.",https://upload.wikimedia.org/wikipedia/commons/d/d4/El_Castillo%2C_Chichen_Itza.jpg
kerkrade,Kerkrade,"Kerkrade, Netherlands 🇳🇱",Netherlands,50.86583,6.0625,6,,Kerkrade is a Dutch town that shares a border street with the German town of Herzogenrath.,https://thumb.wikimedia.org/wikipedia/commons/thumb/9/94/Royal_Palace%2C_Nuku%27alofa%2C_Nov_18.jpg/500px-Royal_Palace%2C_Nuku%27alofa%2C_Nov_18.jpg?utm_source=en.wikipedia.org&utm_campaign=api&utm_content=thumbnail
changdian,Changdian,"Changdian, China 🇨🇳",China,34.77586,116.58339,9,,"Changdian is a town in southwestern Shandong, on the plain near the old course of the Yellow River.",https://commons.wikimedia.org/wiki/Special:Redirect/file/Savusavu.jpg
novovolynsk,Novovolynsk,"Novovolynsk, Ukraine 🇺🇦",Ukraine,50.72949,24.15976,9,Mining Towns,"Novovolynsk is a coal-mining town in western Ukraine, near the Polish border.",https://thumb.wikimedia.org/wikipedia/commons/thumb/0/05/Mitad_del_Mundo%2C_Quito%2C_Ecuador%2C_2015-07-22%2C_DD_15.JPG/500px-Mitad_del_Mundo%2C_Quito%2C_Ecuador%2C_2015-07-22%2C_DD_15.JPG?utm_source=en.wikipedia.org&utm_campaign=api&utm_content=thumbnail
puawy,Puławy,"Puławy, Poland 🇵🇱",Poland,51.41655,21.96939,9,,"Puławy is a Polish town on the Vistula River, known for the Czartoryski palace and park.",https://thumb.wikimedia.org/wikipedia/commons/thumb/a/ac/Desierto_de_la_Tatacoa_-_camilogaleano%28com%29.jpg/500px-Desierto_de_la_Tatacoa_-_camilogaleano%28com%29.jpg?utm_source=en.wikipedia.org&utm_campaign=api&utm_content=thumbnail
lincoln,Lincoln,"Lincoln, United States 🇺🇸",United States,38.89156,-121.29301,9,,"Lincoln is a California city known for the Gladding, McBean terra cotta factory, which has been operating since 1875.",https://thumb.wikimedia.org/wikipedia/commons/thumb/5/5f/Temple_of_Heaven_20160323_01.jpg/500px-Temple_of_Heaven_20160323_01.jpg?utm_source=en.wikipedia.org&utm_campaign=api&utm_content=thumbnail
silkeborg,Silkeborg,"Silkeborg, Denmark 🇩🇰",Denmark,56.1697,9.54508,9,,"Silkeborg is a Danish lakeside town whose museum displays the Tollund Man, a remarkably well-preserved Iron Age bog body.",https://thumb.wikimedia.org/wikipedia/commons/thumb/6/63/Blick_auf_das_Stadtzentrum_von_Krumau_%282026%29.jpg/500px-Blick_auf_das_Stadtzentrum_von_Krumau_%282026%29.jpg?utm_source=en.wikipedia.org&utm_campaign=api&utm_content=thumbnail
chachoengsao,Chachoengsao,"Chachoengsao, Thailand 🇹🇭",Thailand,13.6882,101.07156,9,,"Chachoengsao is a Thai town on the Bang Pakong River, home to the famous temple Wat Sothon Wararam Worawihan.",https://commons.wikimedia.org/wiki/Special:Redirect/file/Panorama_of_Toledo_at_sunset._View_from_the_south.jpg
chilmari,Chilmāri,"Chilmāri, Bangladesh 🇧🇩",Bangladesh,25.55613,89.67097,9,,Chilmari is a river port on the Brahmaputra in northern Bangladesh.,https://thumb.wikimedia.org/wikipedia/commons/thumb/2/22/Sossusvlei.jpg/500px-Sossusvlei.jpg?utm_source=en.wikipedia.org&utm_campaign=api&utm_content=thumbnail
ryogoku,Ryōgoku,"Ryōgoku, Japan 🇯🇵",Japan,35.71667,140.36667,9,,"Ryōgoku is a rural hamlet in Chiba Prefecture, sharing its name with Tokyo's sumo district.",https://thumb.wikimedia.org/wikipedia/commons/thumb/a/a7/Len%C3%A7%C3%B3is_Maranhenses_2018.jpg/500px-Len%C3%A7%C3%B3is_Maranhenses_2018.jpg?utm_source=en.wikipedia.org&utm_campaign=api&utm_content=thumbnail
wharton,Wharton,"Wharton, United States 🇺🇸",United States,39.92678,-75.15712,9,,Wharton is a South Philadelphia neighborhood of rowhouses near East Passyunk Avenue.,https://thumb.wikimedia.org/wikipedia/commons/thumb/6/6f/Barrow_Alaska.jpg/500px-Barrow_Alaska.jpg?utm_source=en.wikipedia.org&utm_campaign=api&utm_content=thumbnail
regenstauf,Regenstauf,"Regenstauf, Germany 🇩🇪",Germany,49.12014,12.13027,10,,"Regenstauf is a market town on the Regen River in Bavaria, just north of Regensburg.",https://thumb.wikimedia.org/wikipedia/commons/thumb/d/d9/Regenstauf_mit_Aussichtsturm_am_Schlossberg_-_panoramio.jpg/500px-Regenstauf_mit_Aussichtsturm_am_Schlossberg_-_panoramio.jpg
chakia,Chakia,"Chakia, India 🇮🇳",India,25.04891,83.22155,10,,Chakia is a town in Uttar Pradesh near the Chandraprabha Wildlife Sanctuary and its waterfalls.,https://thumb.wikimedia.org/wikipedia/commons/thumb/d/d4/Amundsen%E2%80%93Scott_South_Pole_Station_01.jpg/500px-Amundsen%E2%80%93Scott_South_Pole_Station_01.jpg?utm_source=en.wikipedia.org&utm_campaign=api&utm_content=thumbnail
udi,Udi,"Udi, Nigeria 🇳🇬",Nigeria,6.31592,7.42086,10,,"Udi is a town in Nigeria's Enugu State, on a hilly escarpment above the old coalfields.",https://thumb.wikimedia.org/wikipedia/commons/thumb/f/f8/Sir_Ernest_Rutherford_LCCN2014716719_-_restoration1.jpg/500px-Sir_Ernest_Rutherford_LCCN2014716719_-_restoration1.jpg?utm_source=en.wikipedia.org&utm_campaign=api&utm_content=thumbnail
pikit,Pikit,"Pikit, Philippines 🇵🇭",Philippines,7.05444,124.67194,10,,"Pikit is a town in Cotabato province, on the edge of the Liguasan Marsh, in the southern Philippines.",https://thumb.wikimedia.org/wikipedia/commons/thumb/a/a1/Fort-Raleigh-fort.jpg/500px-Fort-Raleigh-fort.jpg?utm_source=en.wikipedia.org&utm_campaign=api&utm_content=thumbnail
armenia,Armenia,"Armenia, El Salvador 🇸🇻",El Salvador,13.74361,-89.49889,7,,Armenia is a town in El Salvador's Sonsonate department that shares its name with the country in the Caucasus.,https://thumb.wikimedia.org/wikipedia/commons/thumb/4/4a/Ait_Benhaddou_Pano.jpg/500px-Ait_Benhaddou_Pano.jpg
sao-joao-do-triunfo,São João do Triunfo,"São João do Triunfo, Brazil 🇧🇷",Brazil,-25.68333,-50.29722,10,,"São João do Triunfo is a small town in the pine-forest uplands of southern Paraná, Brazil.",https://commons.wikimedia.org/wiki/Special:Redirect/file/Sewell_Chile.jpg
kerkici,Kerkiçi,"Kerkiçi, Turkmenistan 🇹🇲",Turkmenistan,37.85075,65.2433,10,,"Kerki is a Turkmen town on the Amu Darya River, once a key crossing point on the trade route to Afghanistan.",https://thumb.wikimedia.org/wikipedia/commons/thumb/8/89/The_Ka%27ba%2C_Great_Mosque_of_Mecca%2C_Saudi_Arabia_%284%29.jpg/500px-The_Ka%27ba%2C_Great_Mosque_of_Mecca%2C_Saudi_Arabia_%284%29.jpg?utm_source=en.wikipedia.org&utm_campaign=api&utm_content=thumbnail
ingleburn,Ingleburn,"Ingleburn, Australia 🇦🇺",Australia,-34.0,150.86667,10,,Ingleburn is a suburb in southwest Sydney that grew around a WWII army camp.,https://thumb.wikimedia.org/wikipedia/commons/thumb/5/5d/Pamukkale%2C_Denizli_2026_68.jpg/500px-Pamukkale%2C_Denizli_2026_68.jpg
lubsko,Lubsko,"Lubsko, Poland 🇵🇱",Poland,51.78467,14.97196,10,,"Lubsko is a small Polish town on the Lubsza River, near the German border.",https://thumb.wikimedia.org/wikipedia/commons/thumb/d/d5/G%C3%B6bekli_Tepe%2C_Urfa.jpg/500px-G%C3%B6bekli_Tepe%2C_Urfa.jpg?utm_source=en.wikipedia.org&utm_campaign=api&utm_content=thumbnail
huchuan,Huchuan,"Huchuan, China 🇨🇳",China,34.92597,106.14722,10,,"Huchuan is a town in the loess hills of eastern Gansu, near the Wei River.",https://thumb.wikimedia.org/wikipedia/commons/thumb/2/2b/Mumbai_Bandra-Worli_Sea_Link.jpg/500px-Mumbai_Bandra-Worli_Sea_Link.jpg
dursley,Dursley,"Dursley, England",England,51.68139,-2.35333,10,,"Dursley is a Gloucestershire town below the Cotswolds, known for the Lister engine factory, and is said to have inspired the name of Harry Potter's Dursley family.",https://thumb.wikimedia.org/wikipedia/commons/thumb/1/1b/Aerial_view_of_a_section_of_Kandahar_in_2013.jpg/500px-Aerial_view_of_a_section_of_Kandahar_in_2013.jpg?utm_source=en.wikipedia.org&utm_campaign=api&utm_content=thumbnail
reboucas,Rebouças,"Rebouças, Brazil 🇧🇷",Brazil,-25.62056,-50.69278,10,,"Rebouças is a small town in Paraná, Brazil, in a tobacco-farming area.",https://thumb.wikimedia.org/wikipedia/commons/thumb/7/77/1_tianzishan_wulingyuan_zhangjiajie_2012.jpg/500px-1_tianzishan_wulingyuan_zhangjiajie_2012.jpg?utm_source=en.wikipedia.org&utm_campaign=api&utm_content=thumbnail
la-garriga,la Garriga,"la Garriga, Spain 🇪🇸",Spain,41.68333,2.28333,10,,La Garriga is a Catalan spa town known for its thermal waters and Modernista summer villas.,https://commons.wikimedia.org/wiki/Special:Redirect/file/San_Ignacio_Min%C3%AD.jpg
senaki,Senaki,"Senaki, Georgia 🇬🇪",Georgia,42.27077,42.06334,10,,Senaki is a town in western Georgia's Samegrelo region and is home to a military air base.,https://thumb.wikimedia.org/wikipedia/commons/thumb/8/82/Antonio_Vaz_island_-_Recife%2C_Pernambuco%2C_Brazil_%28cropped%29.jpg/500px-Antonio_Vaz_island_-_Recife%2C_Pernambuco%2C_Brazil_%28cropped%29.jpg?utm_source=en.wikipedia.org&utm_campaign=api&utm_content=thumbnail
bobrovo,Bobrovo,"Bobrovo, Russia 🇷🇺",Russia,55.5275,37.615,10,,"Bobrovo is a village in the New Moscow area, just south of Moscow's Butovo district.",https://thumb.wikimedia.org/wikipedia/commons/thumb/2/29/Panorama_quilotoa_crater_lake_ecuador.jpg/500px-Panorama_quilotoa_crater_lake_ecuador.jpg?utm_source=en.wikipedia.org&utm_campaign=api&utm_content=thumbnail
benito-juarez,Benito Juárez,"Benito Juárez, Mexico 🇲🇽",Mexico,22.20261,-97.84015,10,,"Benito Juárez is a neighborhood near the Gulf coast of Tamaulipas, near the mouth of the Pánuco River.",https://thumb.wikimedia.org/wikipedia/commons/thumb/b/bd/Mount_Cameroon_view_from_Buea_%28Soppo%29.jpg/500px-Mount_Cameroon_view_from_Buea_%28Soppo%29.jpg?utm_source=en.wikipedia.org&utm_campaign=api&utm_content=thumbnail
la-gloria,La Gloria,"La Gloria, Colombia 🇨🇴",Colombia,8.61954,-73.80212,10,,"La Gloria is a town in Colombia's Cesar department, on the banks of the Magdalena River.",https://thumb.wikimedia.org/wikipedia/commons/thumb/b/b2/%D0%91%D1%83%D0%B4%D0%B8%D0%BD%D0%BE%D0%BA_%D0%B7_%D1%85%D0%B8%D0%BC%D0%B5%D1%80%D0%B0%D0%BC%D0%B8%2C_%D1%81%D0%B5%D1%80%D0%BF%D0%B5%D0%BD%D1%8C_2019.jpg/500px-%D0%91%D1%83%D0%B4%D0%B8%D0%BD%D0%BE%D0%BA_%D0%B7_%D1%85%D0%B8%D0%BC%D0%B5%D1%80%D0%B0%D0%BC%D0%B8%2C_%D1%81%D0%B5%D1%80%D0%BF%D0%B5%D0%BD%D1%8C_2019.jpg?utm_source=en.wikipedia.org&utm_campaign=api&utm_content=thumbnail
loniya,Loniya,"Loniya, India 🇮🇳",India,22.06178,78.91258,10,,"Loniya is a village on the Satpura plateau in Madhya Pradesh, close to the town of Chhindwara.",https://thumb.wikimedia.org/wikipedia/commons/thumb/8/85/Saint_Basil%27s_Cathedral_and_the_Red_Square.jpg/500px-Saint_Basil%27s_Cathedral_and_the_Red_Square.jpg
pyryatyn,Pyryatyn,"Pyryatyn, Ukraine 🇺🇦",Ukraine,50.24388,32.5203,10,,Pyriatyn is a town in Ukraine's Poltava Oblast on the Udai River.,https://thumb.wikimedia.org/wikipedia/commons/thumb/d/de/View_of_Monterrey_%282015%29.jpg/500px-View_of_Monterrey_%282015%29.jpg?utm_source=en.wikipedia.org&utm_campaign=api&utm_content=thumbnail
salinas-da-margarida,Salinas da Margarida,"Salinas da Margarida, Brazil 🇧🇷",Brazil,-12.87111,-38.76444,10,,"Salinas da Margarida is a fishing town in Bahia, Brazil, across a narrow channel from Itaparica Island.",https://thumb.wikimedia.org/wikipedia/commons/thumb/a/a8/ULURU.jpg/500px-ULURU.jpg
qingshui,Qingshui,"Qingshui, China 🇨🇳",China,24.93872,98.45974,10,,"Qingshui is a township near Tengchong, in western Yunnan's volcanic hills, known for its hot springs.",https://thumb.wikimedia.org/wikipedia/commons/thumb/9/91/Temple_Mount_%28Aerial_view%2C_2007%29_07.jpg/500px-Temple_Mount_%28Aerial_view%2C_2007%29_07.jpg
vagator,Vagator,"Vagator, India 🇮🇳",India,15.59766,73.74496,10,,"Vagator is a beach in North Goa, overlooked by the ruins of Chapora Fort.",https://thumb.wikimedia.org/wikipedia/en/thumb/2/28/Vientiane_-_Patuxai_-_0003.jpg/500px-Vientiane_-_Patuxai_-_0003.jpg
cim,CIM,"CIM, Guinea-Bissau 🇬🇼",Guinea-Bissau,11.86068,-15.57808,6,,"Cim is an outer neighborhood of Bissau, Guinea-Bissau's capital, near the Geba River estuary.",https://thumb.wikimedia.org/wikipedia/commons/thumb/2/22/Minaret_et_patio_de_la_mosqu%C3%A9e_Zitouna_au_centre_de_la_M%C3%A9dina_de_Tunis.jpg/500px-Minaret_et_patio_de_la_mosqu%C3%A9e_Zitouna_au_centre_de_la_M%C3%A9dina_de_Tunis.jpg?utm_source=en.wikipedia.org&utm_campaign=api&utm_content=thumbnail
rakvere,Rakvere,"Rakvere, Estonia 🇪🇪",Estonia,59.34808,26.35784,6,,Rakvere is an Estonian town with a medieval castle on a hill and a giant bronze aurochs statue.,https://thumb.wikimedia.org/wikipedia/commons/thumb/5/5c/Ile-de-goree.jpg/500px-Ile-de-goree.jpg?utm_source=en.wikipedia.org&utm_campaign=api&utm_content=thumbnail
mukkudal,Mukkūdal,"Mukkūdal, India 🇮🇳",India,8.74312,77.5225,10,,"Mukkudal is a small town in Tamil Nadu's Tirunelveli district, on the Chittar River.",https://thumb.wikimedia.org/wikipedia/commons/thumb/1/1a/Bukit_Bintang_junction_in_2024_2.jpg/500px-Bukit_Bintang_junction_in_2024_2.jpg?utm_source=en.wikipedia.org&utm_campaign=api&utm_content=thumbnail
bull-run,Bull Run,"Bull Run, United States 🇺🇸",United States,38.78373,-77.52055,5,,"Bull Run is a creek in northern Virginia, the site of the first major battle of the US Civil War in 1861.",https://thumb.wikimedia.org/wikipedia/commons/thumb/e/ef/The_Forbidden_City_-_View_from_Coal_Hill.jpg/500px-The_Forbidden_City_-_View_from_Coal_Hill.jpg?utm_source=en.wikipedia.org&utm_campaign=api&utm_content=thumbnail
valle-de-guanape,Valle de Guanape,"Valle de Guanape, Venezuela 🇻🇪",Venezuela,9.90999,-65.67405,10,,Valle de Guanape is a town in the interior hills of Venezuela's Anzoátegui state.,https://thumb.wikimedia.org/wikipedia/commons/thumb/3/3a/Firenze_-_Piazzale_Michelangelo%2C_Firenze%2C_Italy_-_April_6%2C_2015_02.jpg/500px-Firenze_-_Piazzale_Michelangelo%2C_Firenze%2C_Italy_-_April_6%2C_2015_02.jpg?utm_source=en.wikipedia.org&utm_campaign=api&utm_content=thumbnail
ceska-trebova,Česká Třebová,"Česká Třebová, Czech Republic 🇨🇿",Czech Republic,49.90436,16.44413,10,,Česká Třebová is a Czech town known as one of the country's most important railway junctions.,https://thumb.wikimedia.org/wikipedia/commons/thumb/0/04/K%C3%B6lner_Dom_-_Westfassade_2022_ohne_Ger%C3%BCst-0968_b.jpg/500px-K%C3%B6lner_Dom_-_Westfassade_2022_ohne_Ger%C3%BCst-0968_b.jpg?utm_source=en.wikipedia.org&utm_campaign=api&utm_content=thumbnail
puerto-lumbreras,Puerto Lumbreras,"Puerto Lumbreras, Spain 🇪🇸",Spain,37.56329,-1.80974,10,,"Puerto Lumbreras is a town in Spain's Region of Murcia, near the border with Andalusia.",https://thumb.wikimedia.org/wikipedia/commons/thumb/0/0f/Irelands_history.jpg/500px-Irelands_history.jpg?utm_source=en.wikipedia.org&utm_campaign=api&utm_content=thumbnail
chingoli,Chingoli,"Chingoli, India 🇮🇳",India,9.25035,76.45197,10,,"Chingoli is a village in Kerala's Alappuzha district, near the town of Haripad.",https://upload.wikimedia.org/wikipedia/commons/b/bd/Halifax_waterfront.jpg
poblacion-san-felipe,"Poblacion, San Felipe","Poblacion, San Felipe, Philippines 🇵🇭",Philippines,15.06222,120.07,10,,"San Felipe is a coastal town in Zambales, on the plain between the Zambales Mountains and the South China Sea.",https://thumb.wikimedia.org/wikipedia/commons/thumb/f/f5/Templo_Tijuana_Mexico_%28cropped%29.jpg/500px-Templo_Tijuana_Mexico_%28cropped%29.jpg?utm_source=en.wikipedia.org&utm_campaign=api&utm_content=thumbnail
abala,Abala,"Abala, Niger 🇳🇪",Niger,14.9369,3.4336,10,,"Abala is a town in Niger's Tillabéri Region, near the border with Mali.",https://thumb.wikimedia.org/wikipedia/commons/thumb/5/56/Rock_stacks_in_Anapai_Bay.jpg/500px-Rock_stacks_in_Anapai_Bay.jpg?utm_source=en.wikipedia.org&utm_campaign=api&utm_content=thumbnail
addlestone,Addlestone,"Addlestone, England",England,51.37135,-0.49353,10,,"Addlestone is a Surrey town near the River Wey, about 30 km southwest of central London.",https://thumb.wikimedia.org/wikipedia/commons/thumb/5/5a/Port_Lockroy_1962.jpg/500px-Port_Lockroy_1962.jpg?utm_source=en.wikipedia.org&utm_campaign=api&utm_content=thumbnail
songon,Songon,"Songon, Côte d'Ivoire 🇨🇮",Côte d'Ivoire,5.3196,-4.25415,10,,"Songon is a commune west of Abidjan, Côte d'Ivoire, on the shores of the Ébrié Lagoon.",https://thumb.wikimedia.org/wikipedia/commons/thumb/1/16/Catedral_desde_el_Lago_Nahuel_Huapi_-_panoramio.jpg/500px-Catedral_desde_el_Lago_Nahuel_Huapi_-_panoramio.jpg?utm_source=en.wikipedia.org&utm_campaign=api&utm_content=thumbnail
roncesvalles,Roncesvalles,"Roncesvalles, Canada 🇨🇦",Canada,43.64887,-79.45016,10,,"Roncesvalles is a Toronto neighborhood near High Park, known for its Polish shops and restaurants.",https://thumb.wikimedia.org/wikipedia/commons/thumb/c/cf/Sous-pr%C3%A9fecture_Saint-Laurent_du_Maroni.jpg/500px-Sous-pr%C3%A9fecture_Saint-Laurent_du_Maroni.jpg?utm_source=en.wikipedia.org&utm_campaign=api&utm_content=thumbnail
petersfield,Petersfield,"Petersfield, England",England,51.00495,-0.93375,10,,"Petersfield is a Hampshire market town in the South Downs, with a heath and a large pond on its edge.",https://thumb.wikimedia.org/wikipedia/commons/thumb/9/9f/2018_FCG_Headquarters_Building_2.jpg/500px-2018_FCG_Headquarters_Building_2.jpg?utm_source=en.wikipedia.org&utm_campaign=api&utm_content=thumbnail
banissa,Banissa,"Banissa, Kenya 🇰🇪",Kenya,3.94102,40.34248,10,,"Banissa is a town in Kenya's Mandera County, near the borders with Ethiopia and Somalia.",https://thumb.wikimedia.org/wikipedia/commons/thumb/4/49/Nidaros_Cathedral%2C_Trondheim%2C_West_view_20150605_1.jpg/500px-Nidaros_Cathedral%2C_Trondheim%2C_West_view_20150605_1.jpg?utm_source=en.wikipedia.org&utm_campaign=api&utm_content=thumbnail
candoi,Candói,"Candói, Brazil 🇧🇷",Brazil,-25.57056,-52.0512,10,,"Candói is a small town on the central plateau of Paraná, Brazil.",https://thumb.wikimedia.org/wikipedia/commons/thumb/6/60/Matterhorn_from_Domh%C3%BCtte_-_2.jpg/500px-Matterhorn_from_Domh%C3%BCtte_-_2.jpg?utm_source=en.wikipedia.org&utm_campaign=api&utm_content=thumbnail
qaderabad,Qāderābād,"Qāderābād, Iran 🇮🇷",Iran,30.2778,53.26569,10,,"Qaderabad is a town in Iran's Fars province, near Pasargadae and the tomb of Cyrus the Great.",https://thumb.wikimedia.org/wikipedia/commons/thumb/0/0f/Mount_Mayon_Cagsawa_field_view_close-up_%28Busay%2C_Daraga%2C_Albay%3B_04-21-2023%29.jpg/500px-Mount_Mayon_Cagsawa_field_view_close-up_%28Busay%2C_Daraga%2C_Albay%3B_04-21-2023%29.jpg?utm_source=en.wikipedia.org&utm_campaign=api&utm_content=thumbnail
tavros,Távros,"Távros, Greece 🇬🇷",Greece,37.97064,23.69043,10,,Tavros is an Athens suburb founded by Greek refugees from Asia Minor in the 1920s.,https://thumb.wikimedia.org/wikipedia/commons/thumb/d/d8/Skellig_Michael03%28js%29.jpg/500px-Skellig_Michael03%28js%29.jpg?utm_source=en.wikipedia.org&utm_campaign=api&utm_content=thumbnail
pucioasa,Pucioasa,"Pucioasa, Romania 🇷🇴",Romania,45.07807,25.43232,10,,"Pucioasa is a small Romanian spa town in the Carpathian foothills, known for its sulfurous waters.",https://thumb.wikimedia.org/wikipedia/commons/thumb/0/0b/Prambanan_Temple_Yogyakarta_Indonesia.jpg/500px-Prambanan_Temple_Yogyakarta_Indonesia.jpg?utm_source=en.wikipedia.org&utm_campaign=api&utm_content=thumbnail
quynh-loi,Quỳnh Lôi,"Quỳnh Lôi, Vietnam 🇻🇳",Vietnam,20.98333,105.86667,10,,"Quỳnh Lôi is a ward of Hanoi's Hai Bà Trưng district, south of the Old Quarter.",https://thumb.wikimedia.org/wikipedia/commons/thumb/0/06/DG_Ariel_Plantation.jpg/500px-DG_Ariel_Plantation.jpg?utm_source=en.wikipedia.org&utm_campaign=api&utm_content=thumbnail
novyi-buh,Novyi Buh,"Novyi Buh, Ukraine 🇺🇦",Ukraine,47.69057,32.51214,10,,Novyi Buh is a small town on the steppe of southern Ukraine's Mykolaiv Oblast.,https://commons.wikimedia.org/wiki/Special:Redirect/file/Isla_El_Porvenir.jpg
silute,Silute,"Silute, Lithuania 🇱🇹",Lithuania,55.34889,21.48306,10,,Šilutė is a Lithuanian town near the Curonian Lagoon and the gateway to the Nemunas Delta.,https://commons.wikimedia.org/wiki/Special:Redirect/file/Chang'an_avenue_in_Beijing.jpg
dongshi,Dongshi,"Dongshi, Taiwan 🇹🇼",Taiwan,23.45689,120.15003,7,,"Dongshi is a fishing township on Taiwan's west coast in Chiayi County, famous for its oysters.",https://thumb.wikimedia.org/wikipedia/commons/thumb/9/9a/Ford%27s_Theatre_-_2026_%2855266858418%29.jpg/500px-Ford%27s_Theatre_-_2026_%2855266858418%29.jpg?utm_source=en.wikipedia.org&utm_campaign=api&utm_content=thumbnail
kenley,Kenley,"Kenley, England",England,51.32643,-0.10111,10,,Kenley is a south London suburb whose airfield was a key RAF fighter station during the Battle of Britain.,https://commons.wikimedia.org/wiki/Special:Redirect/file/Eilean_Donan_Castle%2C_Scotland_-_Jan_2011.jpg
cheung-sha-wan,Cheung Sha Wan,"Cheung Sha Wan, Hong Kong 🇭🇰",China,22.33447,114.1558,3,,Cheung Sha Wan is a Kowloon neighborhood in Hong Kong known for its fabric and clothing wholesale shops.,https://thumb.wikimedia.org/wikipedia/commons/thumb/6/6b/%E6%9D%AD%E5%B7%9E%E9%92%B1%E6%B1%9F%E6%96%B0%E5%9F%8E_4_%28cropped%29.jpg/500px-%E6%9D%AD%E5%B7%9E%E9%92%B1%E6%B1%9F%E6%96%B0%E5%9F%8E_4_%28cropped%29.jpg?utm_source=en.wikipedia.org&utm_campaign=api&utm_content=thumbnail
duping,Duping,"Duping, China 🇨🇳",China,30.93117,110.1041,10,,"Duping is a village in the mountains of western Hubei, near the Three Gorges.",https://thumb.wikimedia.org/wikipedia/commons/thumb/c/c8/Badshahi_Mosque_front_picture.jpg/500px-Badshahi_Mosque_front_picture.jpg?utm_source=en.wikipedia.org&utm_campaign=api&utm_content=thumbnail
perole,Perole,"Perole, India 🇮🇳",India,12.25729,75.1393,10,,"Perole is a village on the northern Kerala coast, near the town of Nileshwaram.",https://thumb.wikimedia.org/wikipedia/commons/thumb/6/6b/%E6%9D%AD%E5%B7%9E%E9%92%B1%E6%B1%9F%E6%96%B0%E5%9F%8E_4_%28cropped%29.jpg/500px-%E6%9D%AD%E5%B7%9E%E9%92%B1%E6%B1%9F%E6%96%B0%E5%9F%8E_4_%28cropped%29.jpg?utm_source=en.wikipedia.org&utm_campaign=api&utm_content=thumbnail
panorama,Panorama,"Panorama, Brazil 🇧🇷",Brazil,-21.35639,-51.85972,10,,"Panorama is a small town in São Paulo state, Brazil, on the banks of the Paraná River.",https://thumb.wikimedia.org/wikipedia/commons/thumb/b/b9/Victoria_Harbour_skyline%2C_Hong_Kong_%282008%29.jpg/1280px-Victoria_Harbour_skyline%2C_Hong_Kong_%282008%29.jpg
canberra-australia,Canberra,"Canberra, Australia 🇦🇺",Australia,-35.2809,149.13,2,Capital Cities,"Purpose-built as a compromise between rivals Sydney and Melbourne, it was designed by American architects Walter Burley Griffin and Marion Mahony Griffin.",https://thumb.wikimedia.org/wikipedia/commons/thumb/c/cc/Canberra_panorama_from_Mount_Ainslie.jpg/500px-Canberra_panorama_from_Mount_Ainslie.jpg
phuket-thailand,Phuket,"Phuket, Thailand 🇹🇭",Thailand,7.8804,98.3923,2,,Thailand's largest island sits in the Andaman Sea and was badly hit by the 2004 Indian Ocean tsunami.,https://thumb.wikimedia.org/wikipedia/commons/thumb/6/60/Phuket_Aerial.jpg/500px-Phuket_Aerial.jpg
bordeaux-france,Bordeaux,"Bordeaux, France 🇫🇷",France,44.8378,-0.5792,2,Wine Country,"Its 18th-century riverfront Port of the Moon on the Garonne is a UNESCO World Heritage Site, and its name is shorthand for the wine grown around it.",https://thumb.wikimedia.org/wikipedia/commons/thumb/e/e1/Bordeaux_Place_de_la_Bourse_de_nuit.jpg/500px-Bordeaux_Place_de_la_Bourse_de_nuit.jpg
lyon-france,Lyon,"Lyon, France 🇫🇷",France,45.764,4.8357,2,,"Founded by the Romans as Lugdunum where the Rhône meets the Saône, it later became Europe's silk-weaving capital.",https://thumb.wikimedia.org/wikipedia/commons/thumb/9/97/Lyon-part-dieu-2023.jpg/500px-Lyon-part-dieu-2023.jpg
cardiff-wales,Cardiff,"Cardiff, Wales",Wales,51.4816,-3.1791,2,,"Wales's capital was a small town until the 19th century, when it became one of the world's busiest coal-exporting ports.",https://thumb.wikimedia.org/wikipedia/commons/thumb/5/56/Cardiff_Bay_121020_2469_%2850599762103%29_-_Flickr_-_Richard_Szwejkowski.jpg/500px-Cardiff_Bay_121020_2469_%2850599762103%29_-_Flickr_-_Richard_Szwejkowski.jpg
dunkirk-evacuation,Dunkirk,"Dunkirk, France 🇫🇷",France,51.05,2.377,2,History Was Here,Operation Dynamo used hundreds of civilian 'little ships' alongside the navy to ferry troops across the Channel.,https://thumb.wikimedia.org/wikipedia/commons/thumb/8/88/Dunkirk_26-29_May_1940_NYP68075.jpg/500px-Dunkirk_26-29_May_1940_NYP68075.jpg
nagasaki-atomic-bombing,Nagasaki,"Nagasaki, Japan 🇯🇵",Japan,32.7738,129.8634,2,History Was Here,The 'Fat Man' bomb exploded over the Urakami valley on 9 August 1945; Japan announced its surrender six days later.,https://thumb.wikimedia.org/wikipedia/commons/thumb/5/54/Atomic_bombing_of_Japan.jpg/500px-Atomic_bombing_of_Japan.jpg
wimbledon-all-england-club,Wimbledon,"Wimbledon, England",England,51.434,-0.2141,2,,"The All England Club first held the championships in 1877, and players must still wear almost entirely white.",https://thumb.wikimedia.org/wikipedia/commons/thumb/e/e2/London_Centre_Court_Wimbledon_%2853284151591%29.jpg/500px-London_Centre_Court_Wimbledon_%2853284151591%29.jpg
toulouse-france,Toulouse,"Toulouse, France 🇫🇷",France,43.6047,1.4442,3,,"Nicknamed 'la Ville Rose' for its pink brick, it is the home of Airbus and Europe's aerospace industry.",https://thumb.wikimedia.org/wikipedia/commons/thumb/f/f7/Toulouse_-_vue_du_Vieux_Toulouse_depuis_St_Sernin_06.jpg/500px-Toulouse_-_vue_du_Vieux_Toulouse_depuis_St_Sernin_06.jpg
strasbourg-france,Strasbourg,"Strasbourg, France 🇫🇷",France,48.5734,7.7521,3,,This Rhine city on the German border hosts the European Parliament and the European Court of Human Rights.,https://thumb.wikimedia.org/wikipedia/commons/thumb/e/ea/Strasbourg_Cathedral.jpg/500px-Strasbourg_Cathedral.jpg
chiang-mai-thailand,Chiang Mai,"Chiang Mai, Thailand 🇹🇭",Thailand,18.7883,98.9853,3,,"Founded in 1296 as capital of the Lanna kingdom, its old city is still ringed by a square moat and has over 100 temples.",https://thumb.wikimedia.org/wikipedia/commons/thumb/8/85/0020-%E0%B8%A7%E0%B8%B1%E0%B8%94%E0%B8%9E%E0%B8%A3%E0%B8%B0%E0%B8%AA%E0%B8%B4%E0%B8%87%E0%B8%AB%E0%B9%8C%E0%B8%A7%E0%B8%A3%E0%B8%A1%E0%B8%AB%E0%B8%B2%E0%B8%A7%E0%B8%B4%E0%B8%AB%E0%B8%B2%E0%B8%A3.jpg/500px-0020-%E0%B8%A7%E0%B8%B1%E0%B8%94%E0%B8%9E%E0%B8%A3%E0%B8%B0%E0%B8%AA%E0%B8%B4%E0%B8%87%E0%B8%AB%E0%B9%8C%E0%B8%A7%E0%B8%A3%E0%B8%A1%E0%B8%AB%E0%B8%B2%E0%B8%A7%E0%B8%B4%E0%B8%AB%E0%B8%B2%E0%B8%A3.jpg
anchorage-usa,Anchorage,"Anchorage, Alaska 🇺🇸",United States,61.2181,-149.9003,3,,Alaska's largest city is home to about 40% of the state's population and is a major cargo stop on flights between Asia and North America.,https://thumb.wikimedia.org/wikipedia/commons/thumb/b/be/Anchorage%2C_Alaska_skyline.jpg/500px-Anchorage%2C_Alaska_skyline.jpg
tampa-usa,Tampa,"Tampa, Florida 🇺🇸",United States,27.9506,-82.4572,3,,Its Ybor City district was built by Cuban and Spanish immigrants and once rolled hundreds of millions of cigars a year.,https://thumb.wikimedia.org/wikipedia/commons/thumb/b/bf/Downtown_Tampa%2C_Florida.jpg/500px-Downtown_Tampa%2C_Florida.jpg
albuquerque-usa,Albuquerque,"Albuquerque, New Mexico 🇺🇸",United States,35.0844,-106.6504,3,,It hosts the world's largest hot-air balloon festival each October and was the setting for Breaking Bad.,https://thumb.wikimedia.org/wikipedia/commons/thumb/e/e8/Albuquerque%2C_New_Mexico_skyline.jpg/500px-Albuquerque%2C_New_Mexico_skyline.jpg
siem-reap-cambodia,Siem Reap,"Siem Reap, Cambodia 🇰🇭",Cambodia,13.3671,103.8448,3,,"The town is the base for visiting Angkor, just a few kilometres to the north.",https://thumb.wikimedia.org/wikipedia/commons/thumb/1/1c/Front_porch_of_Wat_Damnak.jpg/500px-Front_porch_of_Wat_Damnak.jpg
bratislava-slovakia,Bratislava,"Bratislava, Slovakia 🇸🇰",Slovakia,48.1486,17.1077,3,Capital Cities,"It is the only capital that borders two other countries, Austria and Hungary, and was once where Hungarian kings were crowned.",https://thumb.wikimedia.org/wikipedia/commons/thumb/4/4e/Slovakia_bratislava.jpg/500px-Slovakia_bratislava.jpg
basel-switzerland,Basel,"Basel, Switzerland 🇨🇭",Switzerland,47.5596,7.5886,3,,"The city sits where Switzerland, France and Germany meet, and its airport actually sits on French soil.",https://thumb.wikimedia.org/wikipedia/commons/thumb/f/f5/Basel_-_M%C3%BCnsterpfalz1.jpg/500px-Basel_-_M%C3%BCnsterpfalz1.jpg
innsbruck-austria,Innsbruck,"Innsbruck, Austria 🇦🇹",Austria,47.2692,11.4041,3,The Alps,"This Alpine city in Tyrol hosted the Winter Olympics twice, in 1964 and 1976.",https://thumb.wikimedia.org/wikipedia/commons/thumb/1/14/B%C3%BCrgerstra%C3%9Fe_26%2B24_%28BT0A2830%29.jpg/500px-B%C3%BCrgerstra%C3%9Fe_26%2B24_%28BT0A2830%29.jpg
cork-ireland,Cork,"Cork, Ireland 🇮🇪",Ireland,51.8985,-8.4756,3,,"Ireland's second city is built on islands in the River Lee, and its nearby harbour at Cobh was the Titanic's last port of call.",https://thumb.wikimedia.org/wikipedia/commons/thumb/d/d4/University_College_Cork_-_Quad_during_Eclipse_2015_%2816684104050%29.jpg/500px-University_College_Cork_-_Quad_during_Eclipse_2015_%2816684104050%29.jpg
colombo-sri-lanka,Colombo,"Colombo, Sri Lanka 🇱🇰",Sri Lanka,6.9271,79.8612,3,,"Sri Lanka's commercial capital was a trading port for Portuguese, Dutch and British colonists, though the official capital is next-door Sri Jayawardenepura Kotte.",https://thumb.wikimedia.org/wikipedia/commons/thumb/6/62/Colombo_city_skyline_at_night.png/500px-Colombo_city_skyline_at_night.png
leipzig-germany,Leipzig,"Leipzig, Germany 🇩🇪",Germany,51.3397,12.3731,3,,"Bach was cantor at its St Thomas Church for 27 years, and its 1989 Monday demonstrations helped bring down East Germany.",https://thumb.wikimedia.org/wikipedia/commons/thumb/2/24/Blick_vom_City-Hochhaus_Leipzig_05.jpg/500px-Blick_vom_City-Hochhaus_Leipzig_05.jpg
aberdeen-scotland,Aberdeen,"Aberdeen, Scotland",Scotland,57.1497,-2.0943,3,,"Called the Granite City for its grey stone buildings, it became Europe's oil capital after North Sea oil was found in the 1970s.",https://thumb.wikimedia.org/wikipedia/commons/thumb/5/55/%2B_%22Silver_City%22_wird_Aberdeen_wegen_seiner_vielen_Granitgeb%C3%A4ude_genannt._07.jpg/500px-%2B_%22Silver_City%22_wird_Aberdeen_wegen_seiner_vielen_Granitgeb%C3%A4ude_genannt._07.jpg
robben-island,Robben Island,"Robben Island, South Africa 🇿🇦",South Africa,-33.8067,18.3664,3,History Was Here,The island in Table Bay held political prisoners until 1991 and is now a museum guided by former inmates.,https://thumb.wikimedia.org/wikipedia/commons/thumb/2/24/Robben_Island_-_Cape_Town%2C_South_Africa_%283883849594%29.jpg/500px-Robben_Island_-_Cape_Town%2C_South_Africa_%283883849594%29.jpg
battle-of-hastings,Battle of Hastings,"Battle of Hastings, England",England,50.9149,0.487,3,History Was Here,"The fight took place about 10 km from Hastings, at a site now named simply Battle, where William built an abbey to atone.",https://thumb.wikimedia.org/wikipedia/commons/thumb/e/e7/Battleabbey-wyrdlight-0170.jpg/500px-Battleabbey-wyrdlight-0170.jpg
roswell-ufo-incident,Roswell,"Roswell, United States 🇺🇸",United States,33.3943,-104.523,3,History Was Here; US Road Trip,"The debris was later revealed to come from Project Mogul, a secret balloon program to detect Soviet nuclear tests.",https://thumb.wikimedia.org/wikipedia/commons/thumb/9/9c/RoswellNM.jpg/500px-RoswellNM.jpg
fukushima-daiichi,Fukushima Daiichi,"Fukushima Daiichi, Japan 🇯🇵",Japan,37.4211,141.0328,3,History Was Here,It was the worst nuclear accident since Chernobyl and the only other one rated at the maximum level 7.,https://thumb.wikimedia.org/wikipedia/commons/thumb/0/07/Fukushima_Daiichi_04780015_%288388174045%29.jpg/500px-Fukushima_Daiichi_04780015_%288388174045%29.jpg
camp-nou,Camp Nou,"Camp Nou, Spain 🇪🇸",Spain,41.3809,2.1228,3,,"It is Europe's largest football stadium, built in 1957 and expanded to over 100,000 seats in its recent rebuild.",https://thumb.wikimedia.org/wikipedia/commons/thumb/a/ad/Camp_Nou_aerial.jpg/500px-Camp_Nou_aerial.jpg
old-trafford,Old Trafford,"Old Trafford, England",England,53.4631,-2.2913,3,,Bobby Charlton nicknamed it the 'Theatre of Dreams'. It was bombed in 1941 and not reopened until 1949.,https://thumb.wikimedia.org/wikipedia/commons/thumb/1/1a/2023_07_31_arne_mueseler_00060-Verbessert-RR_%2853106651455%29.jpg/500px-2023_07_31_arne_mueseler_00060-Verbessert-RR_%2853106651455%29.jpg
birds-nest-beijing,Bird's Nest,"Bird's Nest Stadium, Beijing, China 🇨🇳",China,39.9929,116.3965,3,History Was Here,Beijing National Stadium's tangled steel lattice earned the nickname. It hosted the Winter Olympics ceremonies again in 2022.,https://thumb.wikimedia.org/wikipedia/commons/thumb/2/25/Beijing_China_Beijing-National-Stadium-01.jpg/500px-Beijing_China_Beijing-National-Stadium-01.jpg
galway-ireland,Galway,"Galway, Ireland 🇮🇪",Ireland,53.2707,-9.0568,4,,This west-coast city on Galway Bay is the gateway to Connemara and the Aran Islands and a stronghold of the Irish language.,https://thumb.wikimedia.org/wikipedia/commons/thumb/c/cb/Galway_cathedral.jpg/500px-Galway_cathedral.jpg
tucson-usa,Tucson,"Tucson, Arizona 🇺🇸",United States,32.2226,-110.9747,4,,"Ringed by the giant saguaro cacti of the Sonoran Desert, it also has an aircraft boneyard holding thousands of retired military planes.",https://thumb.wikimedia.org/wikipedia/commons/thumb/d/d5/View_of_Tucson_from_Sentinel_Peak_2.jpg/500px-View_of_Tucson_from_Sentinel_Peak_2.jpg
oaxaca-mexico,Oaxaca,"Oaxaca, Mexico 🇲🇽",Mexico,17.0732,-96.7266,4,,"Known for its seven moles and mezcal, the colonial city lies below the Zapotec mountaintop ruins of Monte Albán.",https://thumb.wikimedia.org/wikipedia/commons/thumb/e/ea/MonteAlbanWest.jpg/500px-MonteAlbanWest.jpg
mendoza-argentina,Mendoza,"Mendoza, Argentina 🇦🇷",Argentina,-32.8895,-68.8458,4,Wine Country,"At the foot of the Andes near Aconcagua, it produces most of Argentina's wine, especially Malbec.",https://thumb.wikimedia.org/wikipedia/commons/thumb/f/f9/Aerial_view_of_Mendoza.png/500px-Aerial_view_of_Mendoza.png
kochi-india,Kochi,"Kochi, Kerala 🇮🇳",India,9.9312,76.2673,4,,Its Chinese fishing nets and colonial Fort Kochi recall centuries as a hub of the Malabar spice trade.,https://thumb.wikimedia.org/wikipedia/commons/thumb/8/8f/Kochi_Skyline.jpg/500px-Kochi_Skyline.jpg
denpasar-indonesia,Denpasar,"Denpasar, Bali 🇮🇩",Indonesia,-8.6705,115.2126,4,,Bali's capital is a few kilometres from the island's airport and its tourist beaches at Kuta and Sanur.,https://thumb.wikimedia.org/wikipedia/commons/thumb/f/f8/Aerial_view_of_Bajra_Sandhi_Monument_Denpasar_Bali_Indonesia.jpg/500px-Aerial_view_of_Bajra_Sandhi_Monument_Denpasar_Bali_Indonesia.jpg
st-johns-canada,St. John's,"St. John's, Newfoundland 🇨🇦",Canada,47.5615,-52.7126,4,,"One of North America's oldest European-founded cities, its Signal Hill received Marconi's first transatlantic radio signal in 1901.",https://thumb.wikimedia.org/wikipedia/commons/thumb/c/c6/St._John%27s%2C_Newfoundland_and_Labrador_aerial_view_of_downtown_%28cropped%29.jpg/500px-St._John%27s%2C_Newfoundland_and_Labrador_aerial_view_of_downtown_%28cropped%29.jpg
urquhart-castle,Urquhart Castle,"Urquhart Castle, Scotland",Scotland,57.3242,-4.4419,4,,The castle was blown up in 1692 to keep it out of Jacobite hands and has been a ruin ever since.,https://thumb.wikimedia.org/wikipedia/commons/thumb/b/b5/Urquhart_Castle_Tower_House_2.jpg/500px-Urquhart_Castle_Tower_House_2.jpg
miraflores-locks,Miraflores Locks,"Miraflores Locks, Panama 🇵🇦",Panama,8.9967,-79.5917,4,,"Its two lock chambers lift ships about 16 metres, and the visitor centre is the most popular spot to watch transits.",https://thumb.wikimedia.org/wikipedia/commons/thumb/7/7f/08-130_Esclusas_de_Miraflores_%2823%29.jpg/500px-08-130_Esclusas_de_Miraflores_%2823%29.jpg
anzac-cove,Anzac Cove,"Anzac Cove, Turkey 🇹🇷",Turkey,40.2463,26.278,4,History Was Here,The landing date is now marked every year as Anzac Day in both countries.,https://thumb.wikimedia.org/wikipedia/commons/thumb/2/2b/ANZAC_Cove.jpg/500px-ANZAC_Cove.jpg
carcassonne-cite,Carcassonne,"Carcassonne, France 🇫🇷",France,43.2063,2.3637,4,,"Its double ring of walls was heavily restored in the 19th century by Viollet-le-Duc, who added its slate-pointed roofs.",https://thumb.wikimedia.org/wikipedia/commons/thumb/2/25/1_carcassonne_aerial_2016.jpg/500px-1_carcassonne_aerial_2016.jpg
blarney-castle,Blarney Castle,"Blarney Castle, Ireland 🇮🇪",Ireland,51.9291,-8.5709,4,,"The Blarney Stone is set in the castle's battlements, near Cork, and visitors lean backwards over a drop to reach it.",https://thumb.wikimedia.org/wikipedia/commons/thumb/7/73/Blarney_Castle_Ireland.jpg/500px-Blarney_Castle_Ireland.jpg
le-mans-circuit,Le Mans,"Le Mans, France 🇫🇷",France,47.956,0.224,4,,"The 24 Hours has run since 1923, partly on public roads that close for race week.",https://thumb.wikimedia.org/wikipedia/commons/thumb/8/86/Le_Mans_2008_Rolling_start.jpg/500px-Le_Mans_2008_Rolling_start.jpg
bukhara-uzbekistan,Bukhara,"Bukhara, Uzbekistan 🇺🇿",Uzbekistan,39.7681,64.4556,5,Silk Road,"For centuries it was a great center of Islamic learning, with hundreds of mosques and madrasas.",https://thumb.wikimedia.org/wikipedia/commons/thumb/3/39/Kalon-Ensemble_Buchara.jpg/500px-Kalon-Ensemble_Buchara.jpg
papeete-tahiti,Papeete,"Papeete, French Polynesia 🇵🇫",France,-17.5516,-149.5585,4,,This port on Tahiti is the capital of French Polynesia and the main gateway to the islands where Gauguin painted.,https://thumb.wikimedia.org/wikipedia/commons/thumb/0/0e/Papeete_-_Marina_Taina.JPG/500px-Papeete_-_Marina_Taina.JPG
windhoek-namibia,Windhoek,"Windhoek, Namibia 🇳🇦",Namibia,-22.5609,17.0658,5,,"Germany ruled the territory until 1915, and the city's Lutheran Christuskirche dates from 1910.",https://thumb.wikimedia.org/wikipedia/commons/thumb/7/70/Christ_Church_in_Windhoek%2C_Namibia.jpg/500px-Christ_Church_in_Windhoek%2C_Namibia.jpg
stari-most,Stari Most,"Stari Most, Bosnia and Herzegovina 🇧🇦",Bosnia and Herzegovina,43.3373,17.815,5,History Was Here; Balkans,Divers still leap from the Mostar bridge's 21-metre arch into the Neretva River in an annual competition.,https://thumb.wikimedia.org/wikipedia/commons/thumb/d/d7/Mostar_Old_Town_Panorama_2007.jpg/500px-Mostar_Old_Town_Panorama_2007.jpg
lumbini-nepal,Lumbini,"Lumbini, Nepal 🇳🇵",Nepal,27.4696,83.2757,5,Sacred Sites,"An inscribed pillar left by Emperor Ashoka in 249 BCE marks the spot, near the Maya Devi Temple.",https://thumb.wikimedia.org/wikipedia/commons/thumb/1/18/BRP_Lumbini_Mayadevi_temple.jpg/500px-BRP_Lumbini_Mayadevi_temple.jpg
bodh-gaya-india,Bodh Gaya,"Bodh Gaya, India 🇮🇳",India,24.6959,84.9913,5,Sacred Sites,The Mahabodhi Temple stands beside a descendant of the original tree and is Buddhism's holiest site.,https://thumb.wikimedia.org/wikipedia/commons/thumb/4/4e/Mahabodhitemple.jpg/500px-Mahabodhitemple.jpg
wittenberg-castle-church,Wittenberg,"Wittenberg, Germany 🇩🇪",Germany,51.8662,12.643,5,History Was Here,The Castle Church's original wooden doors burned in 1760 and were replaced with bronze doors bearing the theses.,https://thumb.wikimedia.org/wikipedia/commons/thumb/f/fb/Schlosskirche_Wittenberg_I.jpg/500px-Schlosskirche_Wittenberg_I.jpg
dushanbe-tajikistan,Dushanbe,"Dushanbe, Tajikistan 🇹🇯",Tajikistan,38.5598,68.787,6,,"It was a small village until the Soviets made it a capital in the 1920s, briefly naming it Stalinabad.",https://thumb.wikimedia.org/wikipedia/commons/thumb/5/5c/Panorama_with_buildings%2C_Dushanbe.jpg/500px-Panorama_with_buildings%2C_Dushanbe.jpg
noumea-new-caledonia,Nouméa,"Nouméa, New Caledonia 🇳🇨",France,-22.2758,166.458,6,,"It sits on Grande Terre in New Caledonia, whose islands hold roughly a tenth of the world's known nickel reserves.",https://thumb.wikimedia.org/wikipedia/commons/thumb/2/27/View_over_Noumea.jpg/500px-View_over_Noumea.jpg
thermopylae,Thermopylae,"Thermopylae, Greece 🇬🇷",Greece,38.7964,22.5364,6,History Was Here,"Silt from the Spercheios River has pushed the coast kilometres away, so the 'hot gates' pass is no longer narrow.",https://thumb.wikimedia.org/wikipedia/commons/thumb/2/21/Leonidas_Statue_01.jpg/500px-Leonidas_Statue_01.jpg
gullfoss,Gullfoss,"Gullfoss, Iceland 🇮🇸",Iceland,64.3271,-20.1199,4,Waterfalls,"A local farmer's daughter, Sigríður Tómasdóttir, is credited with fighting plans to dam it for hydroelectric power.",https://thumb.wikimedia.org/wikipedia/commons/thumb/1/18/Gullfoss_from_the_Air_%28cropped%29.jpg/500px-Gullfoss_from_the_Air_%28cropped%29.jpg
mount-everest-summit,Mount Everest,Where is the summit of Mount Everest?,Nepal,27.9881,86.925,1,Himalaya,"The world's highest summit sits right on the border between Nepal and Tibet, and climbers can stand with one foot in each.",https://thumb.wikimedia.org/wikipedia/commons/thumb/1/15/Mt._Everest_from_Gokyo_Ri_November_5%2C_2012.jpg/500px-Mt._Everest_from_Gokyo_Ri_November_5%2C_2012.jpg
acropolis-athens-gr,Acropolis of Athens,"Acropolis, Greece 🇬🇷",Greece,37.9715,23.7257,2,,"The Parthenon on its summit served as a temple, a church, a mosque and an Ottoman gunpowder store before a Venetian shell blew it apart in 1687.",https://thumb.wikimedia.org/wikipedia/commons/thumb/2/2c/1029_Acropolis_of_Athens_in_Greece_at_night_Photo_by_Giles_Laurent.jpg/500px-1029_Acropolis_of_Athens_in_Greece_at_night_Photo_by_Giles_Laurent.jpg
milan-it,Milan,"Milan, Italy 🇮🇹",Italy,45.4642,9.19,1,,"Italy's fashion and finance capital is home to Leonardo da Vinci's The Last Supper, painted on a convent refectory wall.",https://thumb.wikimedia.org/wikipedia/commons/thumb/7/70/Milan_Cathedral_from_Piazza_del_Duomo.jpg/500px-Milan_Cathedral_from_Piazza_del_Duomo.jpg
westminster-abbey-gb,Westminster Abbey,"Westminster Abbey, England",England,51.4993,-0.1273,2,,Every English and British monarch since William the Conqueror in 1066 has been crowned here.,https://thumb.wikimedia.org/wikipedia/commons/thumb/4/47/Westminster_Abbey%2C_Westminster.jpg/500px-Westminster_Abbey%2C_Westminster.jpg
london-eye-gb,London Eye,"London Eye, England",England,51.5033,-0.1196,2,,"Built as a temporary attraction for the millennium, the giant wheel on the South Bank proved so popular it never came down.",https://thumb.wikimedia.org/wikipedia/commons/thumb/d/d6/London-Eye-2009.JPG/500px-London-Eye-2009.JPG
wall-street-us,Wall Street,"Wall Street, United States 🇺🇸",United States,40.7069,-74.0113,2,,The street takes its name from a wooden wall the Dutch built across lower Manhattan in the 1650s to keep out attackers.,https://thumb.wikimedia.org/wikipedia/commons/thumb/a/a7/Wall_Street_%2855314253740%29.jpg/500px-Wall_Street_%2855314253740%29.jpg
one-world-trade-center-us,One World Trade Center,"One World Trade Center, United States 🇺🇸",United States,40.7127,-74.0134,2,,"Its spire tops out at 1,776 feet, a deliberate nod to the year of American independence.",https://thumb.wikimedia.org/wikipedia/commons/thumb/b/ba/Lower_Manhattan_from_Jersey_City_September_2020_panorama.jpg/500px-Lower_Manhattan_from_Jersey_City_September_2020_panorama.jpg
pentagon-us,The Pentagon,"The Pentagon, United States 🇺🇸",United States,38.8719,-77.0563,2,,The US Department of Defense headquarters was built in just 16 months during World War II and is still one of the largest office buildings in the world.,https://thumb.wikimedia.org/wikipedia/commons/thumb/2/2a/The_Pentagon%2C_Headquarters_of_the_US_Department_of_Defense_%28cropped2%29.jpg/500px-The_Pentagon%2C_Headquarters_of_the_US_Department_of_Defense_%28cropped2%29.jpg
sacre-coeur-fr,Sacré-Cœur,"Sacré-Cœur, France 🇫🇷",France,48.8867,2.3431,2,,"The white basilica crowns Montmartre, and its travertine stone releases calcite when it rains, so it stays bright white.",https://thumb.wikimedia.org/wikipedia/commons/thumb/c/c5/Le_sacre_coeur.jpg/500px-Le_sacre_coeur.jpg
santorini-gr,Santorini,"Santorini, Greece 🇬🇷",Greece,36.4166,25.4318,2,Mediterranean Islands,"The island's crescent shape is the rim of a volcano that erupted catastrophically around 1600 BC, possibly inspiring the Atlantis legend.",https://thumb.wikimedia.org/wikipedia/commons/thumb/e/e9/Santorini_Fira3_tango7174.jpg/500px-Santorini_Fira3_tango7174.jpg
marina-bay-sands-sg,Marina Bay Sands,"Marina Bay Sands, Singapore 🇸🇬",Singapore,1.2834,103.8607,2,,"Three hotel towers carry a 340-metre SkyPark on their roofs, with an infinity pool that seems to spill over the city skyline.",https://thumb.wikimedia.org/wikipedia/commons/thumb/c/c7/Marina_Bay_Sands_%28I%29.jpg/500px-Marina_Bay_Sands_%28I%29.jpg
dome-of-the-rock,Dome of the Rock,Where is the Dome of the Rock?,Israel,31.778,35.2354,2,Sacred Sites,"Completed in 691, its golden dome is one of the oldest surviving works of Islamic architecture.",https://thumb.wikimedia.org/wikipedia/commons/thumb/1/1b/Jerusalem_DomeoftheRock_J65_%28cropped%29.JPG/500px-Jerusalem_DomeoftheRock_J65_%28cropped%29.JPG
cinderella-castle-us,Walt Disney World,"Walt Disney World, United States 🇺🇸",United States,28.4195,-81.5812,2,,"Cinderella Castle uses forced perspective: the upper stones are smaller than the lower ones, making it look much taller than its 57 metres.",https://thumb.wikimedia.org/wikipedia/commons/thumb/e/e6/Cinderella_Castle%2C_Magic_Kingdom_%282026%29.jpg/500px-Cinderella_Castle%2C_Magic_Kingdom_%282026%29.jpg
mykonos-gr,Mykonos,"Mykonos, Greece 🇬🇷",Greece,37.4467,25.3289,2,Mediterranean Islands,"The island's row of thatched windmills once ground grain for passing ships, and a pelican named Petros has been its mascot since the 1950s.",https://thumb.wikimedia.org/wikipedia/commons/thumb/2/2d/Windmills_of_Mykonos.jpg/500px-Windmills_of_Mykonos.jpg
ibiza-es,Ibiza,"Ibiza, Spain 🇪🇸",Spain,38.9067,1.4206,2,Mediterranean Islands,"Beyond the superclubs, Ibiza's fortified old town of Dalt Vila is a UNESCO World Heritage Site.",https://thumb.wikimedia.org/wikipedia/commons/thumb/9/9d/ForbysIbizaTown_03.jpg/500px-ForbysIbizaTown_03.jpg
red-fort-in,Red Fort,"Red Fort, India 🇮🇳",India,28.6562,77.241,3,,"Built by Shah Jahan, who also commissioned the Taj Mahal, it's where India's prime minister raises the flag every Independence Day.",https://thumb.wikimedia.org/wikipedia/commons/thumb/2/2a/Delhi_fort.jpg/500px-Delhi_fort.jpg
golden-temple-in,Golden Temple,"Golden Temple, India 🇮🇳",India,31.62,74.8765,3,Sacred Sites,"Sikhism's holiest shrine runs a free community kitchen that feeds tens of thousands of people every day, whatever their faith.",https://thumb.wikimedia.org/wikipedia/commons/thumb/9/94/The_Golden_Temple_of_Amrithsar_7.jpg/500px-The_Golden_Temple_of_Amrithsar_7.jpg
wat-arun-th,Wat Arun,"Wat Arun, Thailand 🇹🇭",Thailand,13.7437,100.4889,3,,The Temple of Dawn's spire is studded with broken Chinese porcelain that glitters from across the Chao Phraya River.,https://thumb.wikimedia.org/wikipedia/commons/thumb/2/2a/%E0%B9%80%E0%B8%88%E0%B8%94%E0%B8%B5%E0%B8%A2%E0%B9%8C%E0%B8%9B%E0%B8%A3%E0%B8%B0%E0%B8%98%E0%B8%B2%E0%B8%99%E0%B8%97%E0%B8%A3%E0%B8%87%E0%B8%9B%E0%B8%A3%E0%B8%B2%E0%B8%87%E0%B8%84%E0%B9%8C%E0%B8%A7%E0%B8%B1%E0%B8%94%E0%B8%AD%E0%B8%A3%E0%B8%B8%E0%B8%932.jpg/500px-%E0%B9%80%E0%B8%88%E0%B8%94%E0%B8%B5%E0%B8%A2%E0%B9%8C%E0%B8%9B%E0%B8%A3%E0%B8%B0%E0%B8%98%E0%B8%B2%E0%B8%99%E0%B8%97%E0%B8%A3%E0%B8%87%E0%B8%9B%E0%B8%A3%E0%B8%B2%E0%B8%87%E0%B8%84%E0%B9%8C%E0%B8%A7%E0%B8%B1%E0%B8%94%E0%B8%AD%E0%B8%A3%E0%B8%B8%E0%B8%932.jpg
manneken-pis-be,Manneken Pis,"Manneken Pis, Belgium 🇧🇪",Belgium,50.845,4.35,3,,"The tiny bronze boy owns a wardrobe of over 1,000 costumes, changed several times a week.",https://thumb.wikimedia.org/wikipedia/commons/thumb/c/c4/Bruxelles_Manneken_Pis_cropped.jpg/500px-Bruxelles_Manneken_Pis_cropped.jpg
little-mermaid-dk,The Little Mermaid,"The Little Mermaid, Denmark 🇩🇰",Denmark,55.6929,12.5993,3,,The small bronze honoring Hans Christian Andersen's tale has been beheaded twice by vandals since 1913.,https://thumb.wikimedia.org/wikipedia/en/thumb/7/7a/Copenhagen_-_the_little_mermaid_statue_-_2013.jpg/500px-Copenhagen_-_the_little_mermaid_statue_-_2013.jpg
reichstag-de,Reichstag Building,"Reichstag Building, Germany 🇩🇪",Germany,52.5186,13.3762,3,,"Its glass dome, added in 1999, lets visitors walk above the parliament chamber, symbolizing government transparency.",https://thumb.wikimedia.org/wikipedia/commons/thumb/0/0d/Berlin_reichstag_west_panorama_2.jpg/500px-Berlin_reichstag_west_panorama_2.jpg
summer-palace-cn,Summer Palace,"Summer Palace, China 🇨🇳",China,39.9999,116.2755,3,,"Empress Dowager Cixi famously diverted navy funds to restore it, including a marble boat that can never sail.",https://thumb.wikimedia.org/wikipedia/commons/thumb/d/db/Longevity_Hill_of_the_Summer_Palace.jpg/500px-Longevity_Hill_of_the_Summer_Palace.jpg
capri-it,Capri,"Capri, Italy 🇮🇹",Italy,40.5508,14.2425,3,Mediterranean Islands,"Emperor Tiberius ruled Rome from his cliff-top villa here for his final decade, and the Blue Grotto glows from sunlight entering underwater.",https://thumb.wikimedia.org/wikipedia/commons/thumb/7/7d/Capri_in_Cartolina_-_Vista_da_Termini_%28Massa_Lubrense%29.jpg/500px-Capri_in_Cartolina_-_Vista_da_Termini_%28Massa_Lubrense%29.jpg
shwedagon-pagoda-mm,Shwedagon Pagoda,"Shwedagon Pagoda, Myanmar 🇲🇲",Myanmar,16.7983,96.1497,4,,"The gilded stupa's tip is set with thousands of diamonds and rubies, crowned by a single 76-carat diamond.",https://thumb.wikimedia.org/wikipedia/commons/thumb/c/c4/Shwedagon_Pagoda_2017.jpg/500px-Shwedagon_Pagoda_2017.jpg
galata-tower-tr,Galata Tower,"Galata Tower, Türkiye 🇹🇷",Turkey,41.0256,28.9741,4,,"Built by Genoese traders in 1348, legend says a 17th-century aviator flew from its top across the Bosphorus on artificial wings.",https://thumb.wikimedia.org/wikipedia/commons/thumb/a/ad/Galata_tower_01_23.jpg/500px-Galata_tower_01_23.jpg
cannes-fr,Cannes,"Cannes, France 🇫🇷",France,43.5528,7.0174,3,,Its film festival's red carpet climbs the steps of the Palais des Festivals on the Riviera seafront.,https://thumb.wikimedia.org/wikipedia/commons/thumb/e/e9/Cannes_from_Suquet_Tower_03.jpg/500px-Cannes_from_Suquet_Tower_03.jpg
the-hague-nl,The Hague,"The Hague, Netherlands 🇳🇱",Netherlands,52.0705,4.3007,3,,"The Netherlands' seat of government isn't its capital, and it hosts the International Court of Justice in the Peace Palace.",https://thumb.wikimedia.org/wikipedia/commons/thumb/c/ce/Den_Haag_Skyline_1.jpg/500px-Den_Haag_Skyline_1.jpg
lucerne-ch,Lucerne,"Lucerne, Switzerland 🇨🇭",Switzerland,47.0502,8.3093,4,The Alps,"The Chapel Bridge, a covered wooden footbridge from the 1300s, zigzags across the river beside a medieval water tower.",https://thumb.wikimedia.org/wikipedia/commons/thumb/c/c4/L%C3%B6wendenkmal_-_panoramio.jpg/500px-L%C3%B6wendenkmal_-_panoramio.jpg
zermatt-ch,Zermatt,"Zermatt, Switzerland 🇨🇭",Switzerland,46.0207,7.7491,4,The Alps,"This car-free Alpine village sits at the foot of the Matterhorn, reachable only by train.",https://thumb.wikimedia.org/wikipedia/commons/thumb/a/a0/1_zermatt_evening_2022.jpg/500px-1_zermatt_evening_2022.jpg
granada-es,Granada,"Granada, Spain 🇪🇸",Spain,37.1773,-3.5986,4,,"The last Moorish kingdom in Spain fell here in 1492, and many tapas bars still serve a free tapa with every drink.",https://thumb.wikimedia.org/wikipedia/commons/thumb/5/56/Granada_%2825987961022%29.jpg/500px-Granada_%2825987961022%29.jpg
schonbrunn-palace-at,Schönbrunn Palace,"Schönbrunn Palace, Austria 🇦🇹",Austria,48.1845,16.3122,4,,"The Habsburgs' summer residence has 1,441 rooms, and its grounds hold the world's oldest operating zoo, founded in 1752.",https://thumb.wikimedia.org/wikipedia/commons/thumb/c/c9/Wien_-_Schloss_Sch%C3%B6nbrunn.JPG/500px-Wien_-_Schloss_Sch%C3%B6nbrunn.JPG
antwerp-be,Antwerp,"Antwerp, Belgium 🇧🇪",Belgium,51.2194,4.4025,3,,"Most of the world's rough diamonds pass through Antwerp's diamond district, a few streets from the main station.",https://thumb.wikimedia.org/wikipedia/commons/thumb/3/38/Amberes%3B_vistas_MAS_2.jpg/500px-Amberes%3B_vistas_MAS_2.jpg
islamabad-pk,Islamabad,"Islamabad, Pakistan 🇵🇰",Pakistan,33.6844,73.0479,4,,"A planned capital built in the 1960s at the foot of the Margalla Hills, it's home to the vast tent-shaped Faisal Mosque.",https://thumb.wikimedia.org/wikipedia/commons/thumb/e/eb/Faisal_Mosque%2C_Islamabad_III.jpg/500px-Faisal_Mosque%2C_Islamabad_III.jpg
memphis-us,Memphis,"Memphis, United States 🇺🇸",United States,35.1495,-90.049,3,,"The Mississippi River city gave the world Graceland, Sun Studio and the blues of Beale Street.",https://thumb.wikimedia.org/wikipedia/commons/thumb/0/03/Skyline_of_Memphis%2C_TN.jpg/500px-Skyline_of_Memphis%2C_TN.jpg
koh-phi-phi-th,Ko Phi Phi,"Ko Phi Phi, Thailand 🇹🇭",Thailand,7.7407,98.7784,4,,Its sister island's Maya Bay became so overrun after starring in the film The Beach that Thailand closed it for years to let the coral recover.,https://thumb.wikimedia.org/wikipedia/commons/thumb/e/e7/KohPhiPhi.JPG/500px-KohPhiPhi.JPG
samarkand-uz,Samarkand,"Samarkand, Uzbekistan 🇺🇿",Uzbekistan,39.6542,66.9597,5,,"Timur made this Silk Road city his capital, and its Registan square is framed by three tiled madrasas.",https://thumb.wikimedia.org/wikipedia/commons/thumb/8/8c/RegistanSquare_Samarkand.jpg/500px-RegistanSquare_Samarkand.jpg
darjeeling-in,Darjeeling,"Darjeeling, India 🇮🇳",India,27.041,88.2663,5,Himalaya,"This Himalayan hill town gives its name to a famous tea, and a narrow-gauge ""toy train"" still zigzags up to it.",https://thumb.wikimedia.org/wikipedia/commons/thumb/9/96/DarjeelingTrainFruitshop_%282%29.jpg/500px-DarjeelingTrainFruitshop_%282%29.jpg
thessaloniki-gr,Thessaloniki,"Thessaloniki, Greece 🇬🇷",Greece,40.6401,22.9444,5,,"Greece's second city is named after Alexander the Great's half-sister, and its seafront is marked by the White Tower.",https://thumb.wikimedia.org/wikipedia/commons/thumb/f/fa/Tessaloniki_BW_2017-10-05_18-22-47.jpg/500px-Tessaloniki_BW_2017-10-05_18-22-47.jpg
heidelberg-de,Heidelberg,"Heidelberg, Germany 🇩🇪",Germany,49.3988,8.6724,6,,Germany's oldest university town sits beneath a ruined red-sandstone castle whose cellar holds a wine barrel the size of a house.,https://thumb.wikimedia.org/wikipedia/commons/thumb/3/37/K%C3%B6nigstuhl%2C_Heidelberg%2C_U-17.jpg/500px-K%C3%B6nigstuhl%2C_Heidelberg%2C_U-17.jpg
tigers-nest-bt,Tiger's Nest Monastery,Where is Tiger's Nest Monastery?,Bhutan,27.4919,89.3632,6,,"The monastery clings to a cliff 900 metres above the valley floor, where Guru Rinpoche is said to have arrived on the back of a tigress.",https://thumb.wikimedia.org/wikipedia/commons/thumb/a/a6/Paro_Taktsang%2C_Bhutan_%28edited%29.jpg/500px-Paro_Taktsang%2C_Bhutan_%28edited%29.jpg
kamakura-daibutsu-jp,Great Buddha of Kamakura,Where is the Great Buddha of Kamakura?,Japan,35.3167,139.5358,5,,The bronze Buddha has sat in the open air since a tsunami swept away its temple hall in 1498.,https://thumb.wikimedia.org/wikipedia/commons/thumb/c/cf/230128_Kamakura_Daibutsu_Japan04s3.jpg/500px-230128_Kamakura_Daibutsu_Japan04s3.jpg
tian-tan-buddha-hk,Tian Tan Buddha,Where is the Tian Tan Buddha?,China,22.254,113.905,6,,The giant bronze Buddha on Lantau Island is reached by 268 steps or a long cable-car ride over the mountains.,https://thumb.wikimedia.org/wikipedia/commons/thumb/2/2c/Tian_Tan_Buddha_2023081302.jpg/500px-Tian_Tan_Buddha_2023081302.jpg
half-dome-us,Half Dome,Where is Half Dome?,United States,37.7459,-119.5332,5,,"The final climb to its granite summit follows steel cables bolted into the rock face, and hikers need a permit.",https://thumb.wikimedia.org/wikipedia/commons/thumb/8/84/Half_Dome_with_Eastern_Yosemite_Valley_%28Zuschnitt%29.jpg/500px-Half_Dome_with_Eastern_Yosemite_Valley_%28Zuschnitt%29.jpg
peterhof-palace-ru,Peterhof Palace,Where is Peterhof Palace?,Russia,59.8846,29.909,6,,"Peter the Great's seaside palace on the Gulf of Finland feeds over 150 fountains by gravity alone, with no pumps.",https://thumb.wikimedia.org/wikipedia/commons/thumb/3/36/Peterhof_Palace%2C_Saint_Petersburg%2C_Russia_%2844408938295%29.jpg/500px-Peterhof_Palace%2C_Saint_Petersburg%2C_Russia_%2844408938295%29.jpg
mount-sinai-eg,Mount Sinai,Where is Mount Sinai?,Egypt,28.5394,33.9751,5,Sacred Sites,Pilgrims climb through the night to watch sunrise from the peak where tradition says Moses received the Ten Commandments.,https://thumb.wikimedia.org/wikipedia/commons/thumb/3/36/Mount_Sinai_from_the_southwest.jpg/500px-Mount_Sinai_from_the_southwest.jpg
statue-of-unity-in,Statue of Unity,Where is the Statue of Unity?,India,21.838,73.7191,6,,"At 182 metres, the statue of independence leader Sardar Patel is the tallest in the world, about twice the height of the Statue of Liberty.",https://thumb.wikimedia.org/wikipedia/commons/thumb/0/07/Statue_of_Unity.jpg/500px-Statue_of_Unity.jpg
geirangerfjord-no,Geirangerfjord,"Geirangerfjord, Norway 🇳🇴",Norway,62.1049,7.0943,3,Nordic Coast; Fjords & Glaciers,"This UNESCO-listed arm of the Storfjorden is lined with waterfalls like the Seven Sisters, and abandoned cliffside farms cling to ledges hundreds of metres above the water.",https://thumb.wikimedia.org/wikipedia/commons/thumb/4/46/Geirangerfjord_.jpg/500px-Geirangerfjord_.jpg
isle-of-skye-gb,Isle of Skye,"Isle of Skye, Scotland",Scotland,57.3,-6.35,2,,"The largest island of Scotland's Inner Hebrides is known for the Old Man of Storr, a basalt pinnacle left behind by an ancient landslip on the Trotternish Ridge.",https://thumb.wikimedia.org/wikipedia/commons/thumb/8/87/The_Old_Man_of_Storr%2C_Skye.jpg/500px-The_Old_Man_of_Storr%2C_Skye.jpg
rialto-bridge-venice,Rialto Bridge,"Rialto Bridge, Italy 🇮🇹",Italy,45.438,12.3359,2,,"Completed in 1591, this stone arch was for centuries the only way to cross the Grand Canal on foot.",https://thumb.wikimedia.org/wikipedia/commons/thumb/0/0b/Rialto_2025_4.jpg/500px-Rialto_2025_4.jpg
tiananmen-square-beijing,Tiananmen Square,"Tiananmen Square, China 🇨🇳",China,39.9033,116.3917,2,,"One of the world's largest city squares, it lies just south of the Gate of Heavenly Peace and the Forbidden City.",https://thumb.wikimedia.org/wikipedia/commons/thumb/5/50/Tiananmen_Square_%2854137047250%29.jpg/500px-Tiananmen_Square_%2854137047250%29.jpg
qutub-minar-delhi,Qutub Minar,"Qutub Minar, India 🇮🇳",India,28.5244,77.1855,3,,"At 73 metres, this fluted red-sandstone victory tower from the early 1200s is the tallest brick minaret in the world.",https://thumb.wikimedia.org/wikipedia/commons/thumb/3/3c/Qutb_Minar_2022.jpg/500px-Qutb_Minar_2022.jpg
chrysler-building-nyc,Chrysler Building,"Chrysler Building, United States 🇺🇸",United States,40.7516,-73.9755,2,,"Its stainless-steel Art Deco crown made it the world's tallest building for 11 months in 1930, until the Empire State Building opened.",https://thumb.wikimedia.org/wikipedia/commons/thumb/7/76/Chrysler_Building_by_David_Shankbone_Retouched.jpg/500px-Chrysler_Building_by_David_Shankbone_Retouched.jpg
trafalgar-square-london,Trafalgar Square,"Trafalgar Square, England",England,51.508,-0.1281,2,,"Nelson's Column rises over the square, guarded by four bronze lions and named for the 1805 naval victory.",https://thumb.wikimedia.org/wikipedia/commons/thumb/a/a6/Trafalgar_Square%2C_London_2_-_Jun_2009.jpg/500px-Trafalgar_Square%2C_London_2_-_Jun_2009.jpg
copacabana-beach-rio,Copacabana Beach,"Copacabana Beach, Brazil 🇧🇷",Brazil,-22.9711,-43.1822,2,Beaches,This 4 km crescent of sand is famous for the black-and-white wave mosaic on its promenade and its huge New Year's Eve party.,https://thumb.wikimedia.org/wikipedia/commons/thumb/6/62/Praia_de_Copacabana_-_Rio_de_Janeiro%2C_Brasil.jpg/500px-Praia_de_Copacabana_-_Rio_de_Janeiro%2C_Brasil.jpg
grand-palace-bangkok,Grand Palace,"Grand Palace, Thailand 🇹🇭",Thailand,13.75,100.4913,3,,"Home to Thailand's kings since 1782, the walled complex also holds the revered Emerald Buddha in Wat Phra Kaew.",https://thumb.wikimedia.org/wikipedia/commons/thumb/c/c7/0005574_-_Wat_Phra_Kaew_006.jpg/500px-0005574_-_Wat_Phra_Kaew_006.jpg
plaza-de-espana-seville,Plaza de España,"Plaza de España, Spain 🇪🇸",Spain,37.3772,-5.9869,3,,"Built for the 1929 Ibero-American Exposition, its curved arcade has tiled alcoves for each Spanish province and appears in Star Wars: Episode II.",https://thumb.wikimedia.org/wikipedia/commons/thumb/b/b6/Plaza_de_Espa%C3%B1a_%28Sevilla%29_-_01.jpg/500px-Plaza_de_Espa%C3%B1a_%28Sevilla%29_-_01.jpg
chefchaouen-morocco,Chefchaouen,"Chefchaouen, Morocco 🇲🇦",Morocco,35.1714,-5.2697,3,,"Tucked into the Rif Mountains, this town is famous for its medina's blue-washed walls and lanes, a tradition often credited to Jewish refugees who settled here in the 1930s.",https://thumb.wikimedia.org/wikipedia/commons/thumb/7/7c/Chefchaouen-the-blue-city-of-morocco-with-palm-trees-and-the-mountain-view-in-the-backrgound.jpg/500px-Chefchaouen-the-blue-city-of-morocco-with-palm-trees-and-the-mountain-view-in-the-backrgound.jpg
khiva-uzbekistan,Khiva,"Khiva, Uzbekistan 🇺🇿",Uzbekistan,41.3783,60.3639,7,Silk Road,"Khiva's walled inner town, Itchan Kala, was the last stop for caravans before crossing the desert to Iran and became Uzbekistan's first UNESCO World Heritage Site in 1990.",https://thumb.wikimedia.org/wikipedia/commons/thumb/d/dc/View_from_the_city_walls%2C_Khiva_%284934484894%29.jpg/500px-View_from_the_city_walls%2C_Khiva_%284934484894%29.jpg
jerash-jordan,Jerash,"Jerash, Jordan 🇯🇴",Jordan,32.2806,35.8972,6,,"Ancient Gerasa is one of the best-preserved Roman provincial cities in the world, with a colonnaded street and an oval plaza ringed by 56 Ionic columns.",https://thumb.wikimedia.org/wikipedia/commons/thumb/5/51/Oval_Plaza_%28Forum_Romanum%2C_Gerasa_-_Jerash%2C_Jordan%29_-_%D8%B3%D8%A7%D8%AD%D8%A9_%D8%A7%D9%84%D9%86%D8%AF%D9%88%D8%A9%2C_%D8%AC%D8%B1%D8%B4.jpg/500px-Oval_Plaza_%28Forum_Romanum%2C_Gerasa_-_Jerash%2C_Jordan%29_-_%D8%B3%D8%A7%D8%AD%D8%A9_%D8%A7%D9%84%D9%86%D8%AF%D9%88%D8%A9%2C_%D8%AC%D8%B1%D8%B4.jpg
rothenburg-ob-der-tauber-germany,Rothenburg,"Rothenburg ob der Tauber, Germany 🇩🇪",Germany,49.3772,10.1789,6,,Its intact medieval walls and half-timbered houses on the Romantic Road made it a model for the village in Disney's Pinocchio.,https://thumb.wikimedia.org/wikipedia/commons/thumb/7/71/Rothenburg_BW_4.JPG/500px-Rothenburg_BW_4.JPG
colmar-france,Colmar,"Colmar, France 🇫🇷",France,48.0794,7.3585,6,,"The Alsatian wine town's canal quarter, Little Venice, is lined with colorful half-timbered houses, and it is the birthplace of Statue of Liberty sculptor Frédéric Auguste Bartholdi.",https://thumb.wikimedia.org/wikipedia/commons/thumb/8/85/View_of_%C3%89glise_Saint-Martin_%2843833049001%29.jpg/500px-View_of_%C3%89glise_Saint-Martin_%2843833049001%29.jpg
